ISO-10303-21;
HEADER;
/* Generated by software containing ST-Developer
 * from STEP Tools, Inc. (www.steptools.com) 
 */
/* OPTION: using custom renumber hook */

FILE_DESCRIPTION(
/* description */ ('STEP AP242 Edition 2',
'CAx-IF Rec.Pracs.---Representation and Presentation of Product Manufa
cturing Information (PMI)---4.0---2014-10-13',
'CAx-IF Rec.Pracs.---3D Tessellated Geometry---0.4---2014-09-14','2;1',
'CAx-IF Rec.Pracs.---User Defined Attributes---1.5---2016-08-15'),
/* implementation_level */ '2;1');

FILE_NAME(
/* name */ '6961078418d482e0de20ba4d',
/* time_stamp */ '2026-01-09T13:49:56Z',
/* author */ (''),
/* organization */ (''),
/* preprocessor_version */ 'ST-DEVELOPER v20',
/* originating_system */ 'ONSHAPE BY PTC INC, 1.208',
/* authorisation */ '  ');

FILE_SCHEMA (('AP242_MANAGED_MODEL_BASED_3D_ENGINEERING_MIM_LF { 1 0 10303 442 3 1 4 }'));
ENDSEC;

DATA;
#10=SHAPE_REPRESENTATION_RELATIONSHIP('','',#2533,#11);
#11=ADVANCED_BREP_SHAPE_REPRESENTATION('',(#2531),#3671);
#12=DRAUGHTING_PRE_DEFINED_COLOUR('black');
#13=DRAUGHTING_PRE_DEFINED_COLOUR('white');
#14=CYLINDRICAL_SURFACE('',#2567,0.00625);
#15=CYLINDRICAL_SURFACE('',#2568,0.00625);
#16=CYLINDRICAL_SURFACE('',#2570,0.00625);
#17=CYLINDRICAL_SURFACE('',#2579,0.0055);
#18=CYLINDRICAL_SURFACE('',#2586,0.0055);
#19=CYLINDRICAL_SURFACE('',#2611,0.0055);
#20=CYLINDRICAL_SURFACE('',#2614,0.0055);
#21=CYLINDRICAL_SURFACE('',#2623,0.0025);
#22=CYLINDRICAL_SURFACE('',#2625,0.0025);
#23=CYLINDRICAL_SURFACE('',#2628,0.0025);
#24=CYLINDRICAL_SURFACE('',#2631,0.0025);
#25=CYLINDRICAL_SURFACE('',#2652,0.0015);
#26=CYLINDRICAL_SURFACE('',#2653,0.0015);
#27=SURFACE_STYLE_RENDERING_WITH_PROPERTIES(.CONSTANT_SHADING.,#2521,(#32));
#28=SURFACE_STYLE_RENDERING_WITH_PROPERTIES(.CONSTANT_SHADING.,#2521,(#33));
#29=SURFACE_STYLE_RENDERING_WITH_PROPERTIES(.CONSTANT_SHADING.,#2521,(#34));
#30=SURFACE_STYLE_RENDERING_WITH_PROPERTIES(.CONSTANT_SHADING.,#2521,(#35));
#31=SURFACE_STYLE_RENDERING_WITH_PROPERTIES(.CONSTANT_SHADING.,#2521,(#36));
#32=SURFACE_STYLE_TRANSPARENT(0.298039215686275);
#33=SURFACE_STYLE_TRANSPARENT(0.301960784313725);
#34=SURFACE_STYLE_TRANSPARENT(0.301960784313725);
#35=SURFACE_STYLE_TRANSPARENT(0.301960784313725);
#36=SURFACE_STYLE_TRANSPARENT(0.301960784313725);
#37=CIRCLE('',#2536,0.0025);
#38=CIRCLE('',#2537,0.0025);
#39=CIRCLE('',#2538,0.0025);
#40=CIRCLE('',#2539,0.0025);
#41=CIRCLE('',#2545,0.0055);
#42=CIRCLE('',#2546,0.00625);
#43=CIRCLE('',#2547,0.00625);
#44=CIRCLE('',#2549,0.0055);
#45=CIRCLE('',#2550,0.00625);
#46=CIRCLE('',#2552,0.0055);
#47=CIRCLE('',#2553,0.00625);
#48=CIRCLE('',#2554,0.00625);
#49=CIRCLE('',#2571,0.00625);
#50=CIRCLE('',#2572,0.00625);
#51=CIRCLE('',#2573,0.00625);
#52=CIRCLE('',#2576,0.0055);
#53=CIRCLE('',#2578,0.0055);
#54=CIRCLE('',#2580,0.0055);
#55=CIRCLE('',#2581,0.0055);
#56=CIRCLE('',#2585,0.0055);
#57=CIRCLE('',#2587,0.0055);
#58=CIRCLE('',#2588,0.0055);
#59=CIRCLE('',#2610,0.0055);
#60=CIRCLE('',#2612,0.0055);
#61=CIRCLE('',#2615,0.0055);
#62=CIRCLE('',#2616,0.0055);
#63=CIRCLE('',#2624,0.0025);
#64=CIRCLE('',#2626,0.0025);
#65=CIRCLE('',#2629,0.0025);
#66=CIRCLE('',#2632,0.0025);
#67=CIRCLE('',#2634,0.0015);
#68=CIRCLE('',#2635,0.0015);
#69=CIRCLE('',#2639,0.0015);
#70=CIRCLE('',#2640,0.0015);
#71=CIRCLE('',#2643,0.0015);
#72=CIRCLE('',#2644,0.0015);
#73=ORIENTED_EDGE('',*,*,#575,.T.);
#74=ORIENTED_EDGE('',*,*,#576,.T.);
#75=ORIENTED_EDGE('',*,*,#577,.F.);
#76=ORIENTED_EDGE('',*,*,#578,.F.);
#77=ORIENTED_EDGE('',*,*,#579,.T.);
#78=ORIENTED_EDGE('',*,*,#580,.T.);
#79=ORIENTED_EDGE('',*,*,#581,.T.);
#80=ORIENTED_EDGE('',*,*,#582,.T.);
#81=ORIENTED_EDGE('',*,*,#583,.F.);
#82=ORIENTED_EDGE('',*,*,#584,.T.);
#83=ORIENTED_EDGE('',*,*,#585,.F.);
#84=ORIENTED_EDGE('',*,*,#586,.T.);
#85=ORIENTED_EDGE('',*,*,#587,.T.);
#86=ORIENTED_EDGE('',*,*,#588,.T.);
#87=ORIENTED_EDGE('',*,*,#589,.T.);
#88=ORIENTED_EDGE('',*,*,#590,.F.);
#89=ORIENTED_EDGE('',*,*,#591,.F.);
#90=ORIENTED_EDGE('',*,*,#592,.T.);
#91=ORIENTED_EDGE('',*,*,#593,.T.);
#92=ORIENTED_EDGE('',*,*,#594,.F.);
#93=ORIENTED_EDGE('',*,*,#595,.T.);
#94=ORIENTED_EDGE('',*,*,#596,.T.);
#95=ORIENTED_EDGE('',*,*,#597,.F.);
#96=ORIENTED_EDGE('',*,*,#598,.F.);
#97=ORIENTED_EDGE('',*,*,#599,.T.);
#98=ORIENTED_EDGE('',*,*,#600,.T.);
#99=ORIENTED_EDGE('',*,*,#601,.T.);
#100=ORIENTED_EDGE('',*,*,#602,.F.);
#101=ORIENTED_EDGE('',*,*,#603,.T.);
#102=ORIENTED_EDGE('',*,*,#604,.T.);
#103=ORIENTED_EDGE('',*,*,#605,.T.);
#104=ORIENTED_EDGE('',*,*,#606,.T.);
#105=ORIENTED_EDGE('',*,*,#607,.F.);
#106=ORIENTED_EDGE('',*,*,#608,.T.);
#107=ORIENTED_EDGE('',*,*,#609,.T.);
#108=ORIENTED_EDGE('',*,*,#610,.T.);
#109=ORIENTED_EDGE('',*,*,#611,.F.);
#110=ORIENTED_EDGE('',*,*,#612,.F.);
#111=ORIENTED_EDGE('',*,*,#613,.F.);
#112=ORIENTED_EDGE('',*,*,#614,.T.);
#113=ORIENTED_EDGE('',*,*,#615,.T.);
#114=ORIENTED_EDGE('',*,*,#616,.T.);
#115=ORIENTED_EDGE('',*,*,#617,.F.);
#116=ORIENTED_EDGE('',*,*,#618,.T.);
#117=ORIENTED_EDGE('',*,*,#619,.T.);
#118=ORIENTED_EDGE('',*,*,#620,.F.);
#119=ORIENTED_EDGE('',*,*,#621,.T.);
#120=ORIENTED_EDGE('',*,*,#622,.T.);
#121=ORIENTED_EDGE('',*,*,#623,.F.);
#122=ORIENTED_EDGE('',*,*,#624,.F.);
#123=ORIENTED_EDGE('',*,*,#625,.F.);
#124=ORIENTED_EDGE('',*,*,#626,.T.);
#125=ORIENTED_EDGE('',*,*,#627,.T.);
#126=ORIENTED_EDGE('',*,*,#628,.F.);
#127=ORIENTED_EDGE('',*,*,#629,.T.);
#128=ORIENTED_EDGE('',*,*,#630,.F.);
#129=ORIENTED_EDGE('',*,*,#631,.F.);
#130=ORIENTED_EDGE('',*,*,#632,.T.);
#131=ORIENTED_EDGE('',*,*,#633,.F.);
#132=ORIENTED_EDGE('',*,*,#634,.F.);
#133=ORIENTED_EDGE('',*,*,#635,.F.);
#134=ORIENTED_EDGE('',*,*,#636,.F.);
#135=ORIENTED_EDGE('',*,*,#637,.T.);
#136=ORIENTED_EDGE('',*,*,#638,.F.);
#137=ORIENTED_EDGE('',*,*,#639,.F.);
#138=ORIENTED_EDGE('',*,*,#640,.T.);
#139=ORIENTED_EDGE('',*,*,#641,.T.);
#140=ORIENTED_EDGE('',*,*,#642,.F.);
#141=ORIENTED_EDGE('',*,*,#620,.T.);
#142=ORIENTED_EDGE('',*,*,#643,.T.);
#143=ORIENTED_EDGE('',*,*,#632,.F.);
#144=ORIENTED_EDGE('',*,*,#644,.F.);
#145=ORIENTED_EDGE('',*,*,#645,.F.);
#146=ORIENTED_EDGE('',*,*,#646,.F.);
#147=ORIENTED_EDGE('',*,*,#647,.F.);
#148=ORIENTED_EDGE('',*,*,#648,.F.);
#149=ORIENTED_EDGE('',*,*,#639,.T.);
#150=ORIENTED_EDGE('',*,*,#649,.F.);
#151=ORIENTED_EDGE('',*,*,#614,.F.);
#152=ORIENTED_EDGE('',*,*,#599,.F.);
#153=ORIENTED_EDGE('',*,*,#650,.T.);
#154=ORIENTED_EDGE('',*,*,#638,.T.);
#155=ORIENTED_EDGE('',*,*,#598,.T.);
#156=ORIENTED_EDGE('',*,*,#648,.T.);
#157=ORIENTED_EDGE('',*,*,#651,.F.);
#158=ORIENTED_EDGE('',*,*,#615,.F.);
#159=ORIENTED_EDGE('',*,*,#649,.T.);
#160=ORIENTED_EDGE('',*,*,#647,.T.);
#161=ORIENTED_EDGE('',*,*,#652,.F.);
#162=ORIENTED_EDGE('',*,*,#603,.F.);
#163=ORIENTED_EDGE('',*,*,#616,.F.);
#164=ORIENTED_EDGE('',*,*,#651,.T.);
#165=ORIENTED_EDGE('',*,*,#605,.F.);
#166=ORIENTED_EDGE('',*,*,#653,.T.);
#167=ORIENTED_EDGE('',*,*,#645,.T.);
#168=ORIENTED_EDGE('',*,*,#654,.F.);
#169=ORIENTED_EDGE('',*,*,#644,.T.);
#170=ORIENTED_EDGE('',*,*,#631,.T.);
#171=ORIENTED_EDGE('',*,*,#655,.F.);
#172=ORIENTED_EDGE('',*,*,#621,.F.);
#173=ORIENTED_EDGE('',*,*,#642,.T.);
#174=ORIENTED_EDGE('',*,*,#656,.F.);
#175=ORIENTED_EDGE('',*,*,#610,.F.);
#176=ORIENTED_EDGE('',*,*,#657,.F.);
#177=ORIENTED_EDGE('',*,*,#593,.F.);
#178=ORIENTED_EDGE('',*,*,#658,.F.);
#179=ORIENTED_EDGE('',*,*,#659,.F.);
#180=ORIENTED_EDGE('',*,*,#660,.F.);
#181=ORIENTED_EDGE('',*,*,#583,.T.);
#182=ORIENTED_EDGE('',*,*,#661,.T.);
#183=ORIENTED_EDGE('',*,*,#662,.F.);
#184=ORIENTED_EDGE('',*,*,#663,.T.);
#185=ORIENTED_EDGE('',*,*,#664,.F.);
#186=ORIENTED_EDGE('',*,*,#665,.T.);
#187=ORIENTED_EDGE('',*,*,#606,.F.);
#188=ORIENTED_EDGE('',*,*,#654,.T.);
#189=ORIENTED_EDGE('',*,*,#666,.F.);
#190=ORIENTED_EDGE('',*,*,#611,.T.);
#191=ORIENTED_EDGE('',*,*,#656,.T.);
#192=ORIENTED_EDGE('',*,*,#641,.F.);
#193=ORIENTED_EDGE('',*,*,#635,.T.);
#194=ORIENTED_EDGE('',*,*,#597,.T.);
#195=ORIENTED_EDGE('',*,*,#667,.T.);
#196=ORIENTED_EDGE('',*,*,#668,.F.);
#197=ORIENTED_EDGE('',*,*,#669,.F.);
#198=ORIENTED_EDGE('',*,*,#670,.T.);
#199=ORIENTED_EDGE('',*,*,#636,.T.);
#200=ORIENTED_EDGE('',*,*,#670,.F.);
#201=ORIENTED_EDGE('',*,*,#671,.F.);
#202=ORIENTED_EDGE('',*,*,#672,.T.);
#203=ORIENTED_EDGE('',*,*,#637,.F.);
#204=ORIENTED_EDGE('',*,*,#672,.F.);
#205=ORIENTED_EDGE('',*,*,#673,.T.);
#206=ORIENTED_EDGE('',*,*,#674,.T.);
#207=ORIENTED_EDGE('',*,*,#675,.F.);
#208=ORIENTED_EDGE('',*,*,#595,.F.);
#209=ORIENTED_EDGE('',*,*,#668,.T.);
#210=ORIENTED_EDGE('',*,*,#676,.T.);
#211=ORIENTED_EDGE('',*,*,#677,.T.);
#212=ORIENTED_EDGE('',*,*,#678,.F.);
#213=ORIENTED_EDGE('',*,*,#679,.F.);
#214=ORIENTED_EDGE('',*,*,#680,.T.);
#215=ORIENTED_EDGE('',*,*,#674,.F.);
#216=ORIENTED_EDGE('',*,*,#681,.T.);
#217=ORIENTED_EDGE('',*,*,#669,.T.);
#218=ORIENTED_EDGE('',*,*,#681,.F.);
#219=ORIENTED_EDGE('',*,*,#673,.F.);
#220=ORIENTED_EDGE('',*,*,#671,.T.);
#221=ORIENTED_EDGE('',*,*,#633,.T.);
#222=ORIENTED_EDGE('',*,*,#643,.F.);
#223=ORIENTED_EDGE('',*,*,#619,.F.);
#224=ORIENTED_EDGE('',*,*,#682,.T.);
#225=ORIENTED_EDGE('',*,*,#630,.T.);
#226=ORIENTED_EDGE('',*,*,#683,.F.);
#227=ORIENTED_EDGE('',*,*,#622,.F.);
#228=ORIENTED_EDGE('',*,*,#655,.T.);
#229=ORIENTED_EDGE('',*,*,#684,.F.);
#230=ORIENTED_EDGE('',*,*,#685,.F.);
#231=ORIENTED_EDGE('',*,*,#686,.T.);
#232=ORIENTED_EDGE('',*,*,#687,.T.);
#233=ORIENTED_EDGE('',*,*,#688,.F.);
#234=ORIENTED_EDGE('',*,*,#689,.F.);
#235=ORIENTED_EDGE('',*,*,#625,.T.);
#236=ORIENTED_EDGE('',*,*,#690,.T.);
#237=ORIENTED_EDGE('',*,*,#623,.T.);
#238=ORIENTED_EDGE('',*,*,#683,.T.);
#239=ORIENTED_EDGE('',*,*,#629,.F.);
#240=ORIENTED_EDGE('',*,*,#691,.F.);
#241=ORIENTED_EDGE('',*,*,#689,.T.);
#242=ORIENTED_EDGE('',*,*,#692,.T.);
#243=ORIENTED_EDGE('',*,*,#693,.F.);
#244=ORIENTED_EDGE('',*,*,#694,.F.);
#245=ORIENTED_EDGE('',*,*,#685,.T.);
#246=ORIENTED_EDGE('',*,*,#695,.T.);
#247=ORIENTED_EDGE('',*,*,#696,.F.);
#248=ORIENTED_EDGE('',*,*,#626,.F.);
#249=ORIENTED_EDGE('',*,*,#697,.T.);
#250=ORIENTED_EDGE('',*,*,#698,.T.);
#251=ORIENTED_EDGE('',*,*,#634,.T.);
#252=ORIENTED_EDGE('',*,*,#682,.F.);
#253=ORIENTED_EDGE('',*,*,#618,.F.);
#254=ORIENTED_EDGE('',*,*,#699,.F.);
#255=ORIENTED_EDGE('',*,*,#627,.F.);
#256=ORIENTED_EDGE('',*,*,#696,.T.);
#257=ORIENTED_EDGE('',*,*,#700,.F.);
#258=ORIENTED_EDGE('',*,*,#697,.F.);
#259=ORIENTED_EDGE('',*,*,#695,.F.);
#260=ORIENTED_EDGE('',*,*,#684,.T.);
#261=ORIENTED_EDGE('',*,*,#701,.F.);
#262=ORIENTED_EDGE('',*,*,#691,.T.);
#263=ORIENTED_EDGE('',*,*,#702,.F.);
#264=ORIENTED_EDGE('',*,*,#628,.T.);
#265=ORIENTED_EDGE('',*,*,#703,.T.);
#266=ORIENTED_EDGE('',*,*,#700,.T.);
#267=ORIENTED_EDGE('',*,*,#701,.T.);
#268=ORIENTED_EDGE('',*,*,#702,.T.);
#269=ORIENTED_EDGE('',*,*,#698,.F.);
#270=ORIENTED_EDGE('',*,*,#703,.F.);
#271=ORIENTED_EDGE('',*,*,#704,.F.);
#272=ORIENTED_EDGE('',*,*,#699,.T.);
#273=ORIENTED_EDGE('',*,*,#705,.F.);
#274=ORIENTED_EDGE('',*,*,#617,.T.);
#275=ORIENTED_EDGE('',*,*,#706,.T.);
#276=ORIENTED_EDGE('',*,*,#624,.T.);
#277=ORIENTED_EDGE('',*,*,#704,.T.);
#278=ORIENTED_EDGE('',*,*,#705,.T.);
#279=ORIENTED_EDGE('',*,*,#690,.F.);
#280=ORIENTED_EDGE('',*,*,#706,.F.);
#281=ORIENTED_EDGE('',*,*,#608,.F.);
#282=ORIENTED_EDGE('',*,*,#707,.F.);
#283=ORIENTED_EDGE('',*,*,#708,.T.);
#284=ORIENTED_EDGE('',*,*,#709,.T.);
#285=ORIENTED_EDGE('',*,*,#591,.T.);
#286=ORIENTED_EDGE('',*,*,#710,.T.);
#287=ORIENTED_EDGE('',*,*,#607,.T.);
#288=ORIENTED_EDGE('',*,*,#665,.F.);
#289=ORIENTED_EDGE('',*,*,#711,.F.);
#290=ORIENTED_EDGE('',*,*,#707,.T.);
#291=ORIENTED_EDGE('',*,*,#609,.F.);
#292=ORIENTED_EDGE('',*,*,#710,.F.);
#293=ORIENTED_EDGE('',*,*,#594,.T.);
#294=ORIENTED_EDGE('',*,*,#657,.T.);
#295=ORIENTED_EDGE('',*,*,#712,.F.);
#296=ORIENTED_EDGE('',*,*,#708,.F.);
#297=ORIENTED_EDGE('',*,*,#711,.T.);
#298=ORIENTED_EDGE('',*,*,#664,.T.);
#299=ORIENTED_EDGE('',*,*,#600,.F.);
#300=ORIENTED_EDGE('',*,*,#713,.F.);
#301=ORIENTED_EDGE('',*,*,#714,.T.);
#302=ORIENTED_EDGE('',*,*,#715,.T.);
#303=ORIENTED_EDGE('',*,*,#613,.T.);
#304=ORIENTED_EDGE('',*,*,#716,.F.);
#305=ORIENTED_EDGE('',*,*,#717,.F.);
#306=ORIENTED_EDGE('',*,*,#713,.T.);
#307=ORIENTED_EDGE('',*,*,#602,.T.);
#308=ORIENTED_EDGE('',*,*,#718,.F.);
#309=ORIENTED_EDGE('',*,*,#719,.F.);
#310=ORIENTED_EDGE('',*,*,#716,.T.);
#311=ORIENTED_EDGE('',*,*,#601,.F.);
#312=ORIENTED_EDGE('',*,*,#715,.F.);
#313=ORIENTED_EDGE('',*,*,#720,.T.);
#314=ORIENTED_EDGE('',*,*,#718,.T.);
#315=ORIENTED_EDGE('',*,*,#721,.F.);
#316=ORIENTED_EDGE('',*,*,#722,.T.);
#317=ORIENTED_EDGE('',*,*,#723,.T.);
#318=ORIENTED_EDGE('',*,*,#724,.F.);
#319=ORIENTED_EDGE('',*,*,#714,.F.);
#320=ORIENTED_EDGE('',*,*,#717,.T.);
#321=ORIENTED_EDGE('',*,*,#719,.T.);
#322=ORIENTED_EDGE('',*,*,#720,.F.);
#323=ORIENTED_EDGE('',*,*,#725,.T.);
#324=ORIENTED_EDGE('',*,*,#721,.T.);
#325=ORIENTED_EDGE('',*,*,#726,.F.);
#326=ORIENTED_EDGE('',*,*,#727,.T.);
#327=ORIENTED_EDGE('',*,*,#726,.T.);
#328=ORIENTED_EDGE('',*,*,#724,.T.);
#329=ORIENTED_EDGE('',*,*,#728,.F.);
#330=ORIENTED_EDGE('',*,*,#729,.T.);
#331=ORIENTED_EDGE('',*,*,#723,.F.);
#332=ORIENTED_EDGE('',*,*,#730,.F.);
#333=ORIENTED_EDGE('',*,*,#731,.F.);
#334=ORIENTED_EDGE('',*,*,#728,.T.);
#335=ORIENTED_EDGE('',*,*,#722,.F.);
#336=ORIENTED_EDGE('',*,*,#725,.F.);
#337=ORIENTED_EDGE('',*,*,#732,.F.);
#338=ORIENTED_EDGE('',*,*,#730,.T.);
#339=ORIENTED_EDGE('',*,*,#727,.F.);
#340=ORIENTED_EDGE('',*,*,#729,.F.);
#341=ORIENTED_EDGE('',*,*,#731,.T.);
#342=ORIENTED_EDGE('',*,*,#732,.T.);
#343=ORIENTED_EDGE('',*,*,#733,.T.);
#344=ORIENTED_EDGE('',*,*,#675,.T.);
#345=ORIENTED_EDGE('',*,*,#680,.F.);
#346=ORIENTED_EDGE('',*,*,#734,.F.);
#347=ORIENTED_EDGE('',*,*,#735,.F.);
#348=ORIENTED_EDGE('',*,*,#736,.F.);
#349=ORIENTED_EDGE('',*,*,#596,.F.);
#350=ORIENTED_EDGE('',*,*,#733,.F.);
#351=ORIENTED_EDGE('',*,*,#737,.T.);
#352=ORIENTED_EDGE('',*,*,#738,.T.);
#353=ORIENTED_EDGE('',*,*,#667,.F.);
#354=ORIENTED_EDGE('',*,*,#736,.T.);
#355=ORIENTED_EDGE('',*,*,#739,.T.);
#356=ORIENTED_EDGE('',*,*,#676,.F.);
#357=ORIENTED_EDGE('',*,*,#740,.T.);
#358=ORIENTED_EDGE('',*,*,#738,.F.);
#359=ORIENTED_EDGE('',*,*,#741,.F.);
#360=ORIENTED_EDGE('',*,*,#678,.T.);
#361=ORIENTED_EDGE('',*,*,#742,.F.);
#362=ORIENTED_EDGE('',*,*,#739,.F.);
#363=ORIENTED_EDGE('',*,*,#735,.T.);
#364=ORIENTED_EDGE('',*,*,#740,.F.);
#365=ORIENTED_EDGE('',*,*,#677,.F.);
#366=ORIENTED_EDGE('',*,*,#743,.F.);
#367=ORIENTED_EDGE('',*,*,#742,.T.);
#368=ORIENTED_EDGE('',*,*,#743,.T.);
#369=ORIENTED_EDGE('',*,*,#744,.F.);
#370=ORIENTED_EDGE('',*,*,#745,.T.);
#371=ORIENTED_EDGE('',*,*,#744,.T.);
#372=ORIENTED_EDGE('',*,*,#737,.F.);
#373=ORIENTED_EDGE('',*,*,#734,.T.);
#374=ORIENTED_EDGE('',*,*,#679,.T.);
#375=ORIENTED_EDGE('',*,*,#741,.T.);
#376=ORIENTED_EDGE('',*,*,#745,.F.);
#377=ORIENTED_EDGE('',*,*,#746,.F.);
#378=ORIENTED_EDGE('',*,*,#747,.F.);
#379=ORIENTED_EDGE('',*,*,#748,.T.);
#380=ORIENTED_EDGE('',*,*,#658,.T.);
#381=ORIENTED_EDGE('',*,*,#592,.F.);
#382=ORIENTED_EDGE('',*,*,#749,.T.);
#383=ORIENTED_EDGE('',*,*,#750,.F.);
#384=ORIENTED_EDGE('',*,*,#751,.F.);
#385=ORIENTED_EDGE('',*,*,#747,.T.);
#386=ORIENTED_EDGE('',*,*,#752,.T.);
#387=ORIENTED_EDGE('',*,*,#712,.T.);
#388=ORIENTED_EDGE('',*,*,#663,.F.);
#389=ORIENTED_EDGE('',*,*,#753,.F.);
#390=ORIENTED_EDGE('',*,*,#750,.T.);
#391=ORIENTED_EDGE('',*,*,#709,.F.);
#392=ORIENTED_EDGE('',*,*,#752,.F.);
#393=ORIENTED_EDGE('',*,*,#749,.F.);
#394=ORIENTED_EDGE('',*,*,#746,.T.);
#395=ORIENTED_EDGE('',*,*,#754,.T.);
#396=ORIENTED_EDGE('',*,*,#661,.F.);
#397=ORIENTED_EDGE('',*,*,#582,.F.);
#398=ORIENTED_EDGE('',*,*,#755,.T.);
#399=ORIENTED_EDGE('',*,*,#756,.T.);
#400=ORIENTED_EDGE('',*,*,#757,.F.);
#401=ORIENTED_EDGE('',*,*,#584,.F.);
#402=ORIENTED_EDGE('',*,*,#660,.T.);
#403=ORIENTED_EDGE('',*,*,#758,.F.);
#404=ORIENTED_EDGE('',*,*,#759,.F.);
#405=ORIENTED_EDGE('',*,*,#585,.T.);
#406=ORIENTED_EDGE('',*,*,#757,.T.);
#407=ORIENTED_EDGE('',*,*,#760,.T.);
#408=ORIENTED_EDGE('',*,*,#761,.F.);
#409=ORIENTED_EDGE('',*,*,#586,.F.);
#410=ORIENTED_EDGE('',*,*,#759,.T.);
#411=ORIENTED_EDGE('',*,*,#762,.T.);
#412=ORIENTED_EDGE('',*,*,#763,.F.);
#413=ORIENTED_EDGE('',*,*,#587,.F.);
#414=ORIENTED_EDGE('',*,*,#761,.T.);
#415=ORIENTED_EDGE('',*,*,#764,.T.);
#416=ORIENTED_EDGE('',*,*,#765,.F.);
#417=ORIENTED_EDGE('',*,*,#588,.F.);
#418=ORIENTED_EDGE('',*,*,#763,.T.);
#419=ORIENTED_EDGE('',*,*,#766,.T.);
#420=ORIENTED_EDGE('',*,*,#755,.F.);
#421=ORIENTED_EDGE('',*,*,#581,.F.);
#422=ORIENTED_EDGE('',*,*,#767,.F.);
#423=ORIENTED_EDGE('',*,*,#768,.T.);
#424=ORIENTED_EDGE('',*,*,#769,.F.);
#425=ORIENTED_EDGE('',*,*,#770,.T.);
#426=ORIENTED_EDGE('',*,*,#771,.F.);
#427=ORIENTED_EDGE('',*,*,#589,.F.);
#428=ORIENTED_EDGE('',*,*,#765,.T.);
#429=ORIENTED_EDGE('',*,*,#748,.F.);
#430=ORIENTED_EDGE('',*,*,#751,.T.);
#431=ORIENTED_EDGE('',*,*,#753,.T.);
#432=ORIENTED_EDGE('',*,*,#662,.T.);
#433=ORIENTED_EDGE('',*,*,#754,.F.);
#434=ORIENTED_EDGE('',*,*,#766,.F.);
#435=ORIENTED_EDGE('',*,*,#764,.F.);
#436=ORIENTED_EDGE('',*,*,#762,.F.);
#437=ORIENTED_EDGE('',*,*,#760,.F.);
#438=ORIENTED_EDGE('',*,*,#758,.T.);
#439=ORIENTED_EDGE('',*,*,#756,.F.);
#440=ORIENTED_EDGE('',*,*,#659,.T.);
#441=ORIENTED_EDGE('',*,*,#769,.T.);
#442=ORIENTED_EDGE('',*,*,#772,.T.);
#443=ORIENTED_EDGE('',*,*,#773,.F.);
#444=ORIENTED_EDGE('',*,*,#774,.T.);
#445=ORIENTED_EDGE('',*,*,#775,.T.);
#446=ORIENTED_EDGE('',*,*,#776,.T.);
#447=ORIENTED_EDGE('',*,*,#777,.T.);
#448=ORIENTED_EDGE('',*,*,#579,.F.);
#449=ORIENTED_EDGE('',*,*,#778,.F.);
#450=ORIENTED_EDGE('',*,*,#779,.T.);
#451=ORIENTED_EDGE('',*,*,#590,.T.);
#452=ORIENTED_EDGE('',*,*,#771,.T.);
#453=ORIENTED_EDGE('',*,*,#780,.T.);
#454=ORIENTED_EDGE('',*,*,#778,.T.);
#455=ORIENTED_EDGE('',*,*,#773,.T.);
#456=ORIENTED_EDGE('',*,*,#781,.T.);
#457=ORIENTED_EDGE('',*,*,#782,.F.);
#458=ORIENTED_EDGE('',*,*,#783,.T.);
#459=ORIENTED_EDGE('',*,*,#784,.T.);
#460=ORIENTED_EDGE('',*,*,#767,.T.);
#461=ORIENTED_EDGE('',*,*,#580,.F.);
#462=ORIENTED_EDGE('',*,*,#777,.F.);
#463=ORIENTED_EDGE('',*,*,#782,.T.);
#464=ORIENTED_EDGE('',*,*,#785,.T.);
#465=ORIENTED_EDGE('',*,*,#775,.F.);
#466=ORIENTED_EDGE('',*,*,#786,.T.);
#467=ORIENTED_EDGE('',*,*,#575,.F.);
#468=ORIENTED_EDGE('',*,*,#787,.F.);
#469=ORIENTED_EDGE('',*,*,#788,.T.);
#470=ORIENTED_EDGE('',*,*,#789,.T.);
#471=ORIENTED_EDGE('',*,*,#578,.T.);
#472=ORIENTED_EDGE('',*,*,#790,.F.);
#473=ORIENTED_EDGE('',*,*,#791,.F.);
#474=ORIENTED_EDGE('',*,*,#787,.T.);
#475=ORIENTED_EDGE('',*,*,#577,.T.);
#476=ORIENTED_EDGE('',*,*,#792,.F.);
#477=ORIENTED_EDGE('',*,*,#793,.F.);
#478=ORIENTED_EDGE('',*,*,#790,.T.);
#479=ORIENTED_EDGE('',*,*,#576,.F.);
#480=ORIENTED_EDGE('',*,*,#789,.F.);
#481=ORIENTED_EDGE('',*,*,#794,.T.);
#482=ORIENTED_EDGE('',*,*,#792,.T.);
#483=ORIENTED_EDGE('',*,*,#788,.F.);
#484=ORIENTED_EDGE('',*,*,#791,.T.);
#485=ORIENTED_EDGE('',*,*,#793,.T.);
#486=ORIENTED_EDGE('',*,*,#794,.F.);
#487=ORIENTED_EDGE('',*,*,#781,.F.);
#488=ORIENTED_EDGE('',*,*,#772,.F.);
#489=ORIENTED_EDGE('',*,*,#768,.F.);
#490=ORIENTED_EDGE('',*,*,#784,.F.);
#491=ORIENTED_EDGE('',*,*,#776,.F.);
#492=ORIENTED_EDGE('',*,*,#785,.F.);
#493=ORIENTED_EDGE('',*,*,#779,.F.);
#494=ORIENTED_EDGE('',*,*,#780,.F.);
#495=ORIENTED_EDGE('',*,*,#770,.F.);
#496=ORIENTED_EDGE('',*,*,#774,.F.);
#497=ORIENTED_EDGE('',*,*,#783,.F.);
#498=ORIENTED_EDGE('',*,*,#786,.F.);
#499=ORIENTED_EDGE('',*,*,#652,.T.);
#500=ORIENTED_EDGE('',*,*,#646,.T.);
#501=ORIENTED_EDGE('',*,*,#795,.T.);
#502=ORIENTED_EDGE('',*,*,#796,.F.);
#503=ORIENTED_EDGE('',*,*,#797,.F.);
#504=ORIENTED_EDGE('',*,*,#798,.T.);
#505=ORIENTED_EDGE('',*,*,#799,.T.);
#506=ORIENTED_EDGE('',*,*,#604,.F.);
#507=ORIENTED_EDGE('',*,*,#799,.F.);
#508=ORIENTED_EDGE('',*,*,#800,.F.);
#509=ORIENTED_EDGE('',*,*,#801,.T.);
#510=ORIENTED_EDGE('',*,*,#802,.T.);
#511=ORIENTED_EDGE('',*,*,#795,.F.);
#512=ORIENTED_EDGE('',*,*,#653,.F.);
#513=ORIENTED_EDGE('',*,*,#798,.F.);
#514=ORIENTED_EDGE('',*,*,#803,.F.);
#515=ORIENTED_EDGE('',*,*,#804,.T.);
#516=ORIENTED_EDGE('',*,*,#800,.T.);
#517=ORIENTED_EDGE('',*,*,#797,.T.);
#518=ORIENTED_EDGE('',*,*,#805,.F.);
#519=ORIENTED_EDGE('',*,*,#806,.F.);
#520=ORIENTED_EDGE('',*,*,#803,.T.);
#521=ORIENTED_EDGE('',*,*,#796,.T.);
#522=ORIENTED_EDGE('',*,*,#802,.F.);
#523=ORIENTED_EDGE('',*,*,#807,.F.);
#524=ORIENTED_EDGE('',*,*,#805,.T.);
#525=ORIENTED_EDGE('',*,*,#801,.F.);
#526=ORIENTED_EDGE('',*,*,#804,.F.);
#527=ORIENTED_EDGE('',*,*,#806,.T.);
#528=ORIENTED_EDGE('',*,*,#807,.T.);
#529=ORIENTED_EDGE('',*,*,#808,.T.);
#530=ORIENTED_EDGE('',*,*,#666,.T.);
#531=ORIENTED_EDGE('',*,*,#809,.T.);
#532=ORIENTED_EDGE('',*,*,#810,.F.);
#533=ORIENTED_EDGE('',*,*,#811,.F.);
#534=ORIENTED_EDGE('',*,*,#812,.T.);
#535=ORIENTED_EDGE('',*,*,#813,.F.);
#536=ORIENTED_EDGE('',*,*,#814,.F.);
#537=ORIENTED_EDGE('',*,*,#815,.T.);
#538=ORIENTED_EDGE('',*,*,#810,.T.);
#539=ORIENTED_EDGE('',*,*,#816,.F.);
#540=ORIENTED_EDGE('',*,*,#817,.F.);
#541=ORIENTED_EDGE('',*,*,#818,.T.);
#542=ORIENTED_EDGE('',*,*,#814,.T.);
#543=ORIENTED_EDGE('',*,*,#819,.T.);
#544=ORIENTED_EDGE('',*,*,#812,.F.);
#545=ORIENTED_EDGE('',*,*,#820,.F.);
#546=ORIENTED_EDGE('',*,*,#817,.T.);
#547=ORIENTED_EDGE('',*,*,#811,.T.);
#548=ORIENTED_EDGE('',*,*,#815,.F.);
#549=ORIENTED_EDGE('',*,*,#818,.F.);
#550=ORIENTED_EDGE('',*,*,#820,.T.);
#551=ORIENTED_EDGE('',*,*,#640,.F.);
#552=ORIENTED_EDGE('',*,*,#650,.F.);
#553=ORIENTED_EDGE('',*,*,#612,.T.);
#554=ORIENTED_EDGE('',*,*,#808,.F.);
#555=ORIENTED_EDGE('',*,*,#819,.F.);
#556=ORIENTED_EDGE('',*,*,#816,.T.);
#557=ORIENTED_EDGE('',*,*,#813,.T.);
#558=ORIENTED_EDGE('',*,*,#809,.F.);
#559=ORIENTED_EDGE('',*,*,#687,.F.);
#560=ORIENTED_EDGE('',*,*,#821,.T.);
#561=ORIENTED_EDGE('',*,*,#822,.T.);
#562=ORIENTED_EDGE('',*,*,#823,.F.);
#563=ORIENTED_EDGE('',*,*,#692,.F.);
#564=ORIENTED_EDGE('',*,*,#688,.T.);
#565=ORIENTED_EDGE('',*,*,#823,.T.);
#566=ORIENTED_EDGE('',*,*,#824,.F.);
#567=ORIENTED_EDGE('',*,*,#825,.F.);
#568=ORIENTED_EDGE('',*,*,#693,.T.);
#569=ORIENTED_EDGE('',*,*,#824,.T.);
#570=ORIENTED_EDGE('',*,*,#822,.F.);
#571=ORIENTED_EDGE('',*,*,#686,.F.);
#572=ORIENTED_EDGE('',*,*,#694,.T.);
#573=ORIENTED_EDGE('',*,*,#825,.T.);
#574=ORIENTED_EDGE('',*,*,#821,.F.);
#575=EDGE_CURVE('',#826,#827,#988,.T.);
#576=EDGE_CURVE('',#827,#828,#989,.T.);
#577=EDGE_CURVE('',#829,#828,#990,.T.);
#578=EDGE_CURVE('',#826,#829,#991,.T.);
#579=EDGE_CURVE('',#830,#831,#992,.T.);
#580=EDGE_CURVE('',#831,#832,#993,.T.);
#581=EDGE_CURVE('',#832,#833,#994,.T.);
#582=EDGE_CURVE('',#833,#834,#37,.T.);
#583=EDGE_CURVE('',#835,#834,#995,.T.);
#584=EDGE_CURVE('',#835,#836,#38,.T.);
#585=EDGE_CURVE('',#837,#836,#996,.T.);
#586=EDGE_CURVE('',#837,#838,#39,.T.);
#587=EDGE_CURVE('',#838,#839,#997,.T.);
#588=EDGE_CURVE('',#839,#840,#40,.T.);
#589=EDGE_CURVE('',#840,#841,#998,.T.);
#590=EDGE_CURVE('',#830,#841,#999,.T.);
#591=EDGE_CURVE('',#842,#843,#1000,.T.);
#592=EDGE_CURVE('',#842,#844,#1001,.T.);
#593=EDGE_CURVE('',#844,#845,#1002,.T.);
#594=EDGE_CURVE('',#843,#845,#1003,.T.);
#595=EDGE_CURVE('',#846,#847,#1004,.T.);
#596=EDGE_CURVE('',#847,#848,#1005,.T.);
#597=EDGE_CURVE('',#849,#848,#1006,.T.);
#598=EDGE_CURVE('',#846,#849,#1007,.T.);
#599=EDGE_CURVE('',#850,#851,#1008,.T.);
#600=EDGE_CURVE('',#851,#852,#1009,.T.);
#601=EDGE_CURVE('',#852,#853,#1010,.T.);
#602=EDGE_CURVE('',#854,#853,#1011,.T.);
#603=EDGE_CURVE('',#854,#855,#1012,.T.);
#604=EDGE_CURVE('',#855,#856,#1013,.T.);
#605=EDGE_CURVE('',#856,#857,#1014,.T.);
#606=EDGE_CURVE('',#857,#858,#1015,.T.);
#607=EDGE_CURVE('',#859,#858,#1016,.T.);
#608=EDGE_CURVE('',#859,#860,#1017,.T.);
#609=EDGE_CURVE('',#860,#861,#1018,.T.);
#610=EDGE_CURVE('',#861,#862,#1019,.T.);
#611=EDGE_CURVE('',#863,#862,#1020,.T.);
#612=EDGE_CURVE('',#850,#863,#1021,.T.);
#613=EDGE_CURVE('',#851,#854,#1022,.T.);
#614=EDGE_CURVE('',#851,#864,#1023,.T.);
#615=EDGE_CURVE('',#864,#865,#1024,.T.);
#616=EDGE_CURVE('',#865,#854,#1025,.T.);
#617=EDGE_CURVE('',#866,#867,#41,.T.);
#618=EDGE_CURVE('',#866,#868,#1026,.T.);
#619=EDGE_CURVE('',#868,#869,#42,.T.);
#620=EDGE_CURVE('',#870,#869,#1027,.T.);
#621=EDGE_CURVE('',#870,#871,#1028,.T.);
#622=EDGE_CURVE('',#871,#872,#43,.T.);
#623=EDGE_CURVE('',#867,#872,#1029,.T.);
#624=EDGE_CURVE('',#873,#874,#44,.T.);
#625=EDGE_CURVE('',#875,#873,#1030,.T.);
#626=EDGE_CURVE('',#875,#876,#45,.T.);
#627=EDGE_CURVE('',#876,#874,#1031,.T.);
#628=EDGE_CURVE('',#877,#878,#46,.T.);
#629=EDGE_CURVE('',#877,#879,#1032,.T.);
#630=EDGE_CURVE('',#880,#879,#47,.T.);
#631=EDGE_CURVE('',#881,#880,#1033,.T.);
#632=EDGE_CURVE('',#881,#882,#1034,.T.);
#633=EDGE_CURVE('',#883,#882,#48,.T.);
#634=EDGE_CURVE('',#878,#883,#1035,.T.);
#635=EDGE_CURVE('',#884,#849,#1036,.T.);
#636=EDGE_CURVE('',#885,#884,#1037,.T.);
#637=EDGE_CURVE('',#885,#846,#1038,.T.);
#638=EDGE_CURVE('',#886,#846,#1039,.T.);
#639=EDGE_CURVE('',#887,#886,#1040,.T.);
#640=EDGE_CURVE('',#887,#888,#1041,.T.);
#641=EDGE_CURVE('',#888,#889,#1042,.T.);
#642=EDGE_CURVE('',#870,#889,#1043,.T.);
#643=EDGE_CURVE('',#869,#882,#1044,.T.);
#644=EDGE_CURVE('',#890,#881,#1045,.T.);
#645=EDGE_CURVE('',#891,#890,#1046,.T.);
#646=EDGE_CURVE('',#892,#891,#1047,.T.);
#647=EDGE_CURVE('',#893,#892,#1048,.T.);
#648=EDGE_CURVE('',#849,#893,#1049,.T.);
#649=EDGE_CURVE('',#864,#886,#1050,.T.);
#650=EDGE_CURVE('',#850,#887,#1051,.T.);
#651=EDGE_CURVE('',#865,#893,#1052,.T.);
#652=EDGE_CURVE('',#855,#892,#1053,.T.);
#653=EDGE_CURVE('',#856,#891,#1054,.T.);
#654=EDGE_CURVE('',#857,#890,#1055,.T.);
#655=EDGE_CURVE('',#871,#880,#1056,.T.);
#656=EDGE_CURVE('',#862,#889,#1057,.T.);
#657=EDGE_CURVE('',#845,#861,#1058,.T.);
#658=EDGE_CURVE('',#894,#844,#1059,.T.);
#659=EDGE_CURVE('',#895,#894,#1060,.T.);
#660=EDGE_CURVE('',#835,#895,#1061,.T.);
#661=EDGE_CURVE('',#834,#896,#1062,.T.);
#662=EDGE_CURVE('',#897,#896,#1063,.T.);
#663=EDGE_CURVE('',#897,#898,#1064,.T.);
#664=EDGE_CURVE('',#899,#898,#1065,.T.);
#665=EDGE_CURVE('',#899,#858,#1066,.T.);
#666=EDGE_CURVE('',#863,#888,#1067,.T.);
#667=EDGE_CURVE('',#848,#900,#1068,.T.);
#668=EDGE_CURVE('',#901,#900,#1069,.T.);
#669=EDGE_CURVE('',#902,#901,#1070,.T.);
#670=EDGE_CURVE('',#902,#884,#1071,.T.);
#671=EDGE_CURVE('',#903,#902,#1072,.T.);
#672=EDGE_CURVE('',#903,#885,#1073,.T.);
#673=EDGE_CURVE('',#903,#904,#1074,.T.);
#674=EDGE_CURVE('',#904,#905,#1075,.T.);
#675=EDGE_CURVE('',#847,#905,#1076,.T.);
#676=EDGE_CURVE('',#900,#906,#1077,.T.);
#677=EDGE_CURVE('',#906,#907,#1078,.T.);
#678=EDGE_CURVE('',#908,#907,#1079,.T.);
#679=EDGE_CURVE('',#909,#908,#1080,.T.);
#680=EDGE_CURVE('',#909,#905,#1081,.T.);
#681=EDGE_CURVE('',#904,#901,#1082,.T.);
#682=EDGE_CURVE('',#868,#883,#1083,.T.);
#683=EDGE_CURVE('',#872,#879,#1084,.T.);
#684=EDGE_CURVE('',#910,#911,#1085,.T.);
#685=EDGE_CURVE('',#912,#910,#1086,.T.);
#686=EDGE_CURVE('',#912,#913,#1087,.T.);
#687=EDGE_CURVE('',#913,#914,#1088,.T.);
#688=EDGE_CURVE('',#915,#914,#1089,.T.);
#689=EDGE_CURVE('',#875,#915,#1090,.T.);
#690=EDGE_CURVE('',#873,#867,#1091,.T.);
#691=EDGE_CURVE('',#911,#877,#1092,.T.);
#692=EDGE_CURVE('',#915,#916,#49,.F.);
#693=EDGE_CURVE('',#917,#916,#1093,.F.);
#694=EDGE_CURVE('',#912,#917,#50,.F.);
#695=EDGE_CURVE('',#910,#918,#51,.T.);
#696=EDGE_CURVE('',#876,#918,#1094,.T.);
#697=EDGE_CURVE('',#918,#919,#1095,.T.);
#698=EDGE_CURVE('',#919,#878,#1096,.T.);
#699=EDGE_CURVE('',#874,#866,#1097,.T.);
#700=EDGE_CURVE('',#919,#911,#52,.T.);
#701=EDGE_CURVE('',#911,#877,#53,.T.);
#702=EDGE_CURVE('',#920,#920,#54,.T.);
#703=EDGE_CURVE('',#878,#919,#55,.T.);
#704=EDGE_CURVE('',#874,#866,#56,.T.);
#705=EDGE_CURVE('',#921,#921,#57,.T.);
#706=EDGE_CURVE('',#867,#873,#58,.T.);
#707=EDGE_CURVE('',#922,#859,#1098,.T.);
#708=EDGE_CURVE('',#922,#923,#1099,.T.);
#709=EDGE_CURVE('',#923,#842,#1100,.T.);
#710=EDGE_CURVE('',#843,#860,#1101,.T.);
#711=EDGE_CURVE('',#922,#899,#1102,.T.);
#712=EDGE_CURVE('',#923,#898,#1103,.T.);
#713=EDGE_CURVE('',#924,#851,#1104,.T.);
#714=EDGE_CURVE('',#924,#925,#1105,.T.);
#715=EDGE_CURVE('',#925,#852,#1106,.T.);
#716=EDGE_CURVE('',#926,#854,#1107,.T.);
#717=EDGE_CURVE('',#924,#926,#1108,.T.);
#718=EDGE_CURVE('',#927,#853,#1109,.T.);
#719=EDGE_CURVE('',#926,#927,#1110,.T.);
#720=EDGE_CURVE('',#925,#927,#1111,.T.);
#721=EDGE_CURVE('',#928,#929,#1112,.T.);
#722=EDGE_CURVE('',#928,#930,#1113,.T.);
#723=EDGE_CURVE('',#930,#931,#1114,.T.);
#724=EDGE_CURVE('',#929,#931,#1115,.T.);
#725=EDGE_CURVE('',#932,#928,#1116,.T.);
#726=EDGE_CURVE('',#933,#929,#1117,.T.);
#727=EDGE_CURVE('',#933,#932,#1118,.T.);
#728=EDGE_CURVE('',#934,#931,#1119,.T.);
#729=EDGE_CURVE('',#934,#933,#1120,.T.);
#730=EDGE_CURVE('',#935,#930,#1121,.T.);
#731=EDGE_CURVE('',#934,#935,#1122,.T.);
#732=EDGE_CURVE('',#935,#932,#1123,.T.);
#733=EDGE_CURVE('',#936,#847,#1124,.T.);
#734=EDGE_CURVE('',#936,#909,#1125,.T.);
#735=EDGE_CURVE('',#937,#938,#1126,.T.);
#736=EDGE_CURVE('',#848,#937,#1127,.T.);
#737=EDGE_CURVE('',#936,#939,#1128,.T.);
#738=EDGE_CURVE('',#939,#938,#1129,.T.);
#739=EDGE_CURVE('',#937,#906,#1130,.T.);
#740=EDGE_CURVE('',#907,#938,#1131,.T.);
#741=EDGE_CURVE('',#908,#939,#1132,.T.);
#742=EDGE_CURVE('',#940,#940,#59,.T.);
#743=EDGE_CURVE('',#941,#941,#60,.T.);
#744=EDGE_CURVE('',#942,#942,#61,.T.);
#745=EDGE_CURVE('',#943,#943,#62,.T.);
#746=EDGE_CURVE('',#944,#842,#1133,.T.);
#747=EDGE_CURVE('',#945,#944,#1134,.T.);
#748=EDGE_CURVE('',#945,#894,#1135,.T.);
#749=EDGE_CURVE('',#944,#946,#1136,.T.);
#750=EDGE_CURVE('',#947,#946,#1137,.T.);
#751=EDGE_CURVE('',#945,#947,#1138,.T.);
#752=EDGE_CURVE('',#946,#923,#1139,.T.);
#753=EDGE_CURVE('',#947,#897,#1140,.T.);
#754=EDGE_CURVE('',#948,#896,#63,.T.);
#755=EDGE_CURVE('',#833,#948,#1141,.T.);
#756=EDGE_CURVE('',#895,#949,#64,.T.);
#757=EDGE_CURVE('',#836,#949,#1142,.T.);
#758=EDGE_CURVE('',#950,#949,#1143,.T.);
#759=EDGE_CURVE('',#837,#950,#1144,.T.);
#760=EDGE_CURVE('',#950,#951,#65,.T.);
#761=EDGE_CURVE('',#838,#951,#1145,.T.);
#762=EDGE_CURVE('',#951,#952,#1146,.T.);
#763=EDGE_CURVE('',#839,#952,#1147,.T.);
#764=EDGE_CURVE('',#952,#953,#66,.T.);
#765=EDGE_CURVE('',#840,#953,#1148,.T.);
#766=EDGE_CURVE('',#953,#948,#1149,.T.);
#767=EDGE_CURVE('',#954,#832,#1150,.T.);
#768=EDGE_CURVE('',#954,#955,#67,.T.);
#769=EDGE_CURVE('',#956,#955,#1151,.T.);
#770=EDGE_CURVE('',#956,#957,#68,.T.);
#771=EDGE_CURVE('',#841,#957,#1152,.T.);
#772=EDGE_CURVE('',#955,#958,#1153,.T.);
#773=EDGE_CURVE('',#959,#958,#1154,.T.);
#774=EDGE_CURVE('',#959,#956,#1155,.F.);
#775=EDGE_CURVE('',#960,#961,#1156,.T.);
#776=EDGE_CURVE('',#961,#962,#69,.T.);
#777=EDGE_CURVE('',#962,#831,#1157,.T.);
#778=EDGE_CURVE('',#963,#830,#1158,.T.);
#779=EDGE_CURVE('',#963,#960,#70,.T.);
#780=EDGE_CURVE('',#957,#963,#1159,.F.);
#781=EDGE_CURVE('',#958,#964,#71,.F.);
#782=EDGE_CURVE('',#965,#964,#1160,.T.);
#783=EDGE_CURVE('',#965,#959,#72,.F.);
#784=EDGE_CURVE('',#962,#954,#1161,.T.);
#785=EDGE_CURVE('',#964,#961,#1162,.F.);
#786=EDGE_CURVE('',#960,#965,#1163,.T.);
#787=EDGE_CURVE('',#966,#826,#1164,.T.);
#788=EDGE_CURVE('',#966,#967,#1165,.T.);
#789=EDGE_CURVE('',#967,#827,#1166,.T.);
#790=EDGE_CURVE('',#968,#829,#1167,.T.);
#791=EDGE_CURVE('',#966,#968,#1168,.T.);
#792=EDGE_CURVE('',#969,#828,#1169,.T.);
#793=EDGE_CURVE('',#968,#969,#1170,.T.);
#794=EDGE_CURVE('',#967,#969,#1171,.T.);
#795=EDGE_CURVE('',#891,#970,#1172,.T.);
#796=EDGE_CURVE('',#971,#970,#1173,.T.);
#797=EDGE_CURVE('',#972,#971,#1174,.T.);
#798=EDGE_CURVE('',#972,#973,#1175,.T.);
#799=EDGE_CURVE('',#973,#856,#1176,.T.);
#800=EDGE_CURVE('',#974,#973,#1177,.T.);
#801=EDGE_CURVE('',#974,#975,#1178,.T.);
#802=EDGE_CURVE('',#975,#970,#1179,.T.);
#803=EDGE_CURVE('',#976,#972,#1180,.T.);
#804=EDGE_CURVE('',#976,#974,#1181,.T.);
#805=EDGE_CURVE('',#977,#971,#1182,.T.);
#806=EDGE_CURVE('',#976,#977,#1183,.T.);
#807=EDGE_CURVE('',#977,#975,#1184,.T.);
#808=EDGE_CURVE('',#978,#863,#1185,.T.);
#809=EDGE_CURVE('',#888,#979,#1186,.T.);
#810=EDGE_CURVE('',#980,#979,#1187,.T.);
#811=EDGE_CURVE('',#981,#980,#1188,.T.);
#812=EDGE_CURVE('',#981,#978,#1189,.T.);
#813=EDGE_CURVE('',#982,#979,#1190,.T.);
#814=EDGE_CURVE('',#983,#982,#1191,.T.);
#815=EDGE_CURVE('',#983,#980,#1192,.T.);
#816=EDGE_CURVE('',#984,#982,#1193,.T.);
#817=EDGE_CURVE('',#985,#984,#1194,.T.);
#818=EDGE_CURVE('',#985,#983,#1195,.T.);
#819=EDGE_CURVE('',#984,#978,#1196,.T.);
#820=EDGE_CURVE('',#985,#981,#1197,.T.);
#821=EDGE_CURVE('',#913,#986,#1198,.T.);
#822=EDGE_CURVE('',#986,#987,#1199,.T.);
#823=EDGE_CURVE('',#914,#987,#1200,.T.);
#824=EDGE_CURVE('',#916,#987,#1201,.T.);
#825=EDGE_CURVE('',#917,#986,#1202,.T.);
#826=VERTEX_POINT('',#3160);
#827=VERTEX_POINT('',#3161);
#828=VERTEX_POINT('',#3163);
#829=VERTEX_POINT('',#3165);
#830=VERTEX_POINT('',#3168);
#831=VERTEX_POINT('',#3169);
#832=VERTEX_POINT('',#3171);
#833=VERTEX_POINT('',#3173);
#834=VERTEX_POINT('',#3175);
#835=VERTEX_POINT('',#3177);
#836=VERTEX_POINT('',#3179);
#837=VERTEX_POINT('',#3181);
#838=VERTEX_POINT('',#3183);
#839=VERTEX_POINT('',#3185);
#840=VERTEX_POINT('',#3187);
#841=VERTEX_POINT('',#3189);
#842=VERTEX_POINT('',#3193);
#843=VERTEX_POINT('',#3194);
#844=VERTEX_POINT('',#3196);
#845=VERTEX_POINT('',#3198);
#846=VERTEX_POINT('',#3202);
#847=VERTEX_POINT('',#3203);
#848=VERTEX_POINT('',#3205);
#849=VERTEX_POINT('',#3207);
#850=VERTEX_POINT('',#3211);
#851=VERTEX_POINT('',#3212);
#852=VERTEX_POINT('',#3214);
#853=VERTEX_POINT('',#3216);
#854=VERTEX_POINT('',#3218);
#855=VERTEX_POINT('',#3220);
#856=VERTEX_POINT('',#3222);
#857=VERTEX_POINT('',#3224);
#858=VERTEX_POINT('',#3226);
#859=VERTEX_POINT('',#3228);
#860=VERTEX_POINT('',#3230);
#861=VERTEX_POINT('',#3232);
#862=VERTEX_POINT('',#3234);
#863=VERTEX_POINT('',#3236);
#864=VERTEX_POINT('',#3241);
#865=VERTEX_POINT('',#3243);
#866=VERTEX_POINT('',#3247);
#867=VERTEX_POINT('',#3248);
#868=VERTEX_POINT('',#3250);
#869=VERTEX_POINT('',#3252);
#870=VERTEX_POINT('',#3254);
#871=VERTEX_POINT('',#3256);
#872=VERTEX_POINT('',#3258);
#873=VERTEX_POINT('',#3262);
#874=VERTEX_POINT('',#3263);
#875=VERTEX_POINT('',#3265);
#876=VERTEX_POINT('',#3267);
#877=VERTEX_POINT('',#3271);
#878=VERTEX_POINT('',#3272);
#879=VERTEX_POINT('',#3274);
#880=VERTEX_POINT('',#3276);
#881=VERTEX_POINT('',#3278);
#882=VERTEX_POINT('',#3280);
#883=VERTEX_POINT('',#3282);
#884=VERTEX_POINT('',#3286);
#885=VERTEX_POINT('',#3288);
#886=VERTEX_POINT('',#3291);
#887=VERTEX_POINT('',#3293);
#888=VERTEX_POINT('',#3295);
#889=VERTEX_POINT('',#3297);
#890=VERTEX_POINT('',#3301);
#891=VERTEX_POINT('',#3303);
#892=VERTEX_POINT('',#3305);
#893=VERTEX_POINT('',#3307);
#894=VERTEX_POINT('',#3324);
#895=VERTEX_POINT('',#3326);
#896=VERTEX_POINT('',#3329);
#897=VERTEX_POINT('',#3331);
#898=VERTEX_POINT('',#3333);
#899=VERTEX_POINT('',#3335);
#900=VERTEX_POINT('',#3341);
#901=VERTEX_POINT('',#3343);
#902=VERTEX_POINT('',#3345);
#903=VERTEX_POINT('',#3349);
#904=VERTEX_POINT('',#3353);
#905=VERTEX_POINT('',#3355);
#906=VERTEX_POINT('',#3359);
#907=VERTEX_POINT('',#3361);
#908=VERTEX_POINT('',#3363);
#909=VERTEX_POINT('',#3365);
#910=VERTEX_POINT('',#3375);
#911=VERTEX_POINT('',#3376);
#912=VERTEX_POINT('',#3378);
#913=VERTEX_POINT('',#3380);
#914=VERTEX_POINT('',#3382);
#915=VERTEX_POINT('',#3384);
#916=VERTEX_POINT('',#3390);
#917=VERTEX_POINT('',#3392);
#918=VERTEX_POINT('',#3395);
#919=VERTEX_POINT('',#3399);
#920=VERTEX_POINT('',#3408);
#921=VERTEX_POINT('',#3416);
#922=VERTEX_POINT('',#3422);
#923=VERTEX_POINT('',#3424);
#924=VERTEX_POINT('',#3434);
#925=VERTEX_POINT('',#3436);
#926=VERTEX_POINT('',#3440);
#927=VERTEX_POINT('',#3444);
#928=VERTEX_POINT('',#3450);
#929=VERTEX_POINT('',#3451);
#930=VERTEX_POINT('',#3453);
#931=VERTEX_POINT('',#3455);
#932=VERTEX_POINT('',#3459);
#933=VERTEX_POINT('',#3461);
#934=VERTEX_POINT('',#3465);
#935=VERTEX_POINT('',#3469);
#936=VERTEX_POINT('',#3476);
#937=VERTEX_POINT('',#3480);
#938=VERTEX_POINT('',#3481);
#939=VERTEX_POINT('',#3484);
#940=VERTEX_POINT('',#3493);
#941=VERTEX_POINT('',#3496);
#942=VERTEX_POINT('',#3500);
#943=VERTEX_POINT('',#3502);
#944=VERTEX_POINT('',#3507);
#945=VERTEX_POINT('',#3509);
#946=VERTEX_POINT('',#3513);
#947=VERTEX_POINT('',#3515);
#948=VERTEX_POINT('',#3523);
#949=VERTEX_POINT('',#3527);
#950=VERTEX_POINT('',#3531);
#951=VERTEX_POINT('',#3535);
#952=VERTEX_POINT('',#3539);
#953=VERTEX_POINT('',#3543);
#954=VERTEX_POINT('',#3548);
#955=VERTEX_POINT('',#3550);
#956=VERTEX_POINT('',#3552);
#957=VERTEX_POINT('',#3554);
#958=VERTEX_POINT('',#3559);
#959=VERTEX_POINT('',#3561);
#960=VERTEX_POINT('',#3565);
#961=VERTEX_POINT('',#3566);
#962=VERTEX_POINT('',#3568);
#963=VERTEX_POINT('',#3571);
#964=VERTEX_POINT('',#3577);
#965=VERTEX_POINT('',#3579);
#966=VERTEX_POINT('',#3588);
#967=VERTEX_POINT('',#3590);
#968=VERTEX_POINT('',#3594);
#969=VERTEX_POINT('',#3598);
#970=VERTEX_POINT('',#3607);
#971=VERTEX_POINT('',#3609);
#972=VERTEX_POINT('',#3611);
#973=VERTEX_POINT('',#3613);
#974=VERTEX_POINT('',#3617);
#975=VERTEX_POINT('',#3619);
#976=VERTEX_POINT('',#3623);
#977=VERTEX_POINT('',#3627);
#978=VERTEX_POINT('',#3634);
#979=VERTEX_POINT('',#3636);
#980=VERTEX_POINT('',#3638);
#981=VERTEX_POINT('',#3640);
#982=VERTEX_POINT('',#3644);
#983=VERTEX_POINT('',#3646);
#984=VERTEX_POINT('',#3650);
#985=VERTEX_POINT('',#3652);
#986=VERTEX_POINT('',#3661);
#987=VERTEX_POINT('',#3663);
#988=LINE('',#3159,#1203);
#989=LINE('',#3162,#1204);
#990=LINE('',#3164,#1205);
#991=LINE('',#3166,#1206);
#992=LINE('',#3167,#1207);
#993=LINE('',#3170,#1208);
#994=LINE('',#3172,#1209);
#995=LINE('',#3176,#1210);
#996=LINE('',#3180,#1211);
#997=LINE('',#3184,#1212);
#998=LINE('',#3188,#1213);
#999=LINE('',#3190,#1214);
#1000=LINE('',#3192,#1215);
#1001=LINE('',#3195,#1216);
#1002=LINE('',#3197,#1217);
#1003=LINE('',#3199,#1218);
#1004=LINE('',#3201,#1219);
#1005=LINE('',#3204,#1220);
#1006=LINE('',#3206,#1221);
#1007=LINE('',#3208,#1222);
#1008=LINE('',#3210,#1223);
#1009=LINE('',#3213,#1224);
#1010=LINE('',#3215,#1225);
#1011=LINE('',#3217,#1226);
#1012=LINE('',#3219,#1227);
#1013=LINE('',#3221,#1228);
#1014=LINE('',#3223,#1229);
#1015=LINE('',#3225,#1230);
#1016=LINE('',#3227,#1231);
#1017=LINE('',#3229,#1232);
#1018=LINE('',#3231,#1233);
#1019=LINE('',#3233,#1234);
#1020=LINE('',#3235,#1235);
#1021=LINE('',#3237,#1236);
#1022=LINE('',#3239,#1237);
#1023=LINE('',#3240,#1238);
#1024=LINE('',#3242,#1239);
#1025=LINE('',#3244,#1240);
#1026=LINE('',#3249,#1241);
#1027=LINE('',#3253,#1242);
#1028=LINE('',#3255,#1243);
#1029=LINE('',#3259,#1244);
#1030=LINE('',#3264,#1245);
#1031=LINE('',#3268,#1246);
#1032=LINE('',#3273,#1247);
#1033=LINE('',#3277,#1248);
#1034=LINE('',#3279,#1249);
#1035=LINE('',#3283,#1250);
#1036=LINE('',#3285,#1251);
#1037=LINE('',#3287,#1252);
#1038=LINE('',#3289,#1253);
#1039=LINE('',#3290,#1254);
#1040=LINE('',#3292,#1255);
#1041=LINE('',#3294,#1256);
#1042=LINE('',#3296,#1257);
#1043=LINE('',#3298,#1258);
#1044=LINE('',#3299,#1259);
#1045=LINE('',#3300,#1260);
#1046=LINE('',#3302,#1261);
#1047=LINE('',#3304,#1262);
#1048=LINE('',#3306,#1263);
#1049=LINE('',#3308,#1264);
#1050=LINE('',#3310,#1265);
#1051=LINE('',#3311,#1266);
#1052=LINE('',#3313,#1267);
#1053=LINE('',#3315,#1268);
#1054=LINE('',#3317,#1269);
#1055=LINE('',#3318,#1270);
#1056=LINE('',#3320,#1271);
#1057=LINE('',#3321,#1272);
#1058=LINE('',#3322,#1273);
#1059=LINE('',#3323,#1274);
#1060=LINE('',#3325,#1275);
#1061=LINE('',#3327,#1276);
#1062=LINE('',#3328,#1277);
#1063=LINE('',#3330,#1278);
#1064=LINE('',#3332,#1279);
#1065=LINE('',#3334,#1280);
#1066=LINE('',#3336,#1281);
#1067=LINE('',#3338,#1282);
#1068=LINE('',#3340,#1283);
#1069=LINE('',#3342,#1284);
#1070=LINE('',#3344,#1285);
#1071=LINE('',#3346,#1286);
#1072=LINE('',#3348,#1287);
#1073=LINE('',#3350,#1288);
#1074=LINE('',#3352,#1289);
#1075=LINE('',#3354,#1290);
#1076=LINE('',#3356,#1291);
#1077=LINE('',#3358,#1292);
#1078=LINE('',#3360,#1293);
#1079=LINE('',#3362,#1294);
#1080=LINE('',#3364,#1295);
#1081=LINE('',#3366,#1296);
#1082=LINE('',#3367,#1297);
#1083=LINE('',#3370,#1298);
#1084=LINE('',#3372,#1299);
#1085=LINE('',#3374,#1300);
#1086=LINE('',#3377,#1301);
#1087=LINE('',#3379,#1302);
#1088=LINE('',#3381,#1303);
#1089=LINE('',#3383,#1304);
#1090=LINE('',#3385,#1305);
#1091=LINE('',#3386,#1306);
#1092=LINE('',#3387,#1307);
#1093=LINE('',#3391,#1308);
#1094=LINE('',#3396,#1309);
#1095=LINE('',#3398,#1310);
#1096=LINE('',#3400,#1311);
#1097=LINE('',#3401,#1312);
#1098=LINE('',#3421,#1313);
#1099=LINE('',#3423,#1314);
#1100=LINE('',#3425,#1315);
#1101=LINE('',#3426,#1316);
#1102=LINE('',#3428,#1317);
#1103=LINE('',#3431,#1318);
#1104=LINE('',#3433,#1319);
#1105=LINE('',#3435,#1320);
#1106=LINE('',#3437,#1321);
#1107=LINE('',#3439,#1322);
#1108=LINE('',#3441,#1323);
#1109=LINE('',#3443,#1324);
#1110=LINE('',#3445,#1325);
#1111=LINE('',#3447,#1326);
#1112=LINE('',#3449,#1327);
#1113=LINE('',#3452,#1328);
#1114=LINE('',#3454,#1329);
#1115=LINE('',#3456,#1330);
#1116=LINE('',#3458,#1331);
#1117=LINE('',#3460,#1332);
#1118=LINE('',#3462,#1333);
#1119=LINE('',#3464,#1334);
#1120=LINE('',#3466,#1335);
#1121=LINE('',#3468,#1336);
#1122=LINE('',#3470,#1337);
#1123=LINE('',#3472,#1338);
#1124=LINE('',#3475,#1339);
#1125=LINE('',#3477,#1340);
#1126=LINE('',#3479,#1341);
#1127=LINE('',#3482,#1342);
#1128=LINE('',#3483,#1343);
#1129=LINE('',#3485,#1344);
#1130=LINE('',#3487,#1345);
#1131=LINE('',#3489,#1346);
#1132=LINE('',#3490,#1347);
#1133=LINE('',#3506,#1348);
#1134=LINE('',#3508,#1349);
#1135=LINE('',#3510,#1350);
#1136=LINE('',#3512,#1351);
#1137=LINE('',#3514,#1352);
#1138=LINE('',#3516,#1353);
#1139=LINE('',#3518,#1354);
#1140=LINE('',#3519,#1355);
#1141=LINE('',#3524,#1356);
#1142=LINE('',#3528,#1357);
#1143=LINE('',#3530,#1358);
#1144=LINE('',#3532,#1359);
#1145=LINE('',#3536,#1360);
#1146=LINE('',#3538,#1361);
#1147=LINE('',#3540,#1362);
#1148=LINE('',#3544,#1363);
#1149=LINE('',#3546,#1364);
#1150=LINE('',#3547,#1365);
#1151=LINE('',#3551,#1366);
#1152=LINE('',#3555,#1367);
#1153=LINE('',#3558,#1368);
#1154=LINE('',#3560,#1369);
#1155=LINE('',#3562,#1370);
#1156=LINE('',#3564,#1371);
#1157=LINE('',#3569,#1372);
#1158=LINE('',#3570,#1373);
#1159=LINE('',#3574,#1374);
#1160=LINE('',#3578,#1375);
#1161=LINE('',#3582,#1376);
#1162=LINE('',#3584,#1377);
#1163=LINE('',#3585,#1378);
#1164=LINE('',#3587,#1379);
#1165=LINE('',#3589,#1380);
#1166=LINE('',#3591,#1381);
#1167=LINE('',#3593,#1382);
#1168=LINE('',#3595,#1383);
#1169=LINE('',#3597,#1384);
#1170=LINE('',#3599,#1385);
#1171=LINE('',#3601,#1386);
#1172=LINE('',#3606,#1387);
#1173=LINE('',#3608,#1388);
#1174=LINE('',#3610,#1389);
#1175=LINE('',#3612,#1390);
#1176=LINE('',#3614,#1391);
#1177=LINE('',#3616,#1392);
#1178=LINE('',#3618,#1393);
#1179=LINE('',#3620,#1394);
#1180=LINE('',#3622,#1395);
#1181=LINE('',#3624,#1396);
#1182=LINE('',#3626,#1397);
#1183=LINE('',#3628,#1398);
#1184=LINE('',#3630,#1399);
#1185=LINE('',#3633,#1400);
#1186=LINE('',#3635,#1401);
#1187=LINE('',#3637,#1402);
#1188=LINE('',#3639,#1403);
#1189=LINE('',#3641,#1404);
#1190=LINE('',#3643,#1405);
#1191=LINE('',#3645,#1406);
#1192=LINE('',#3647,#1407);
#1193=LINE('',#3649,#1408);
#1194=LINE('',#3651,#1409);
#1195=LINE('',#3653,#1410);
#1196=LINE('',#3655,#1411);
#1197=LINE('',#3656,#1412);
#1198=LINE('',#3660,#1413);
#1199=LINE('',#3662,#1414);
#1200=LINE('',#3664,#1415);
#1201=LINE('',#3666,#1416);
#1202=LINE('',#3668,#1417);
#1203=VECTOR('',#2674,1.);
#1204=VECTOR('',#2675,1.);
#1205=VECTOR('',#2676,1.);
#1206=VECTOR('',#2677,1.);
#1207=VECTOR('',#2678,1.);
#1208=VECTOR('',#2679,1.);
#1209=VECTOR('',#2680,1.);
#1210=VECTOR('',#2683,1.);
#1211=VECTOR('',#2686,1.);
#1212=VECTOR('',#2689,1.);
#1213=VECTOR('',#2692,1.);
#1214=VECTOR('',#2693,1.);
#1215=VECTOR('',#2696,1.);
#1216=VECTOR('',#2697,1.);
#1217=VECTOR('',#2698,1.);
#1218=VECTOR('',#2699,1.);
#1219=VECTOR('',#2702,1.);
#1220=VECTOR('',#2703,1.);
#1221=VECTOR('',#2704,1.);
#1222=VECTOR('',#2705,1.);
#1223=VECTOR('',#2708,1.);
#1224=VECTOR('',#2709,1.);
#1225=VECTOR('',#2710,1.);
#1226=VECTOR('',#2711,1.);
#1227=VECTOR('',#2712,1.);
#1228=VECTOR('',#2713,1.);
#1229=VECTOR('',#2714,1.);
#1230=VECTOR('',#2715,1.);
#1231=VECTOR('',#2716,1.);
#1232=VECTOR('',#2717,1.);
#1233=VECTOR('',#2718,1.);
#1234=VECTOR('',#2719,1.);
#1235=VECTOR('',#2720,1.);
#1236=VECTOR('',#2721,1.);
#1237=VECTOR('',#2724,1.);
#1238=VECTOR('',#2725,1.);
#1239=VECTOR('',#2726,1.);
#1240=VECTOR('',#2727,1.);
#1241=VECTOR('',#2732,1.);
#1242=VECTOR('',#2735,1.);
#1243=VECTOR('',#2736,1.);
#1244=VECTOR('',#2739,1.);
#1245=VECTOR('',#2744,1.);
#1246=VECTOR('',#2747,1.);
#1247=VECTOR('',#2752,1.);
#1248=VECTOR('',#2755,1.);
#1249=VECTOR('',#2756,1.);
#1250=VECTOR('',#2759,1.);
#1251=VECTOR('',#2762,1.);
#1252=VECTOR('',#2763,1.);
#1253=VECTOR('',#2764,1.);
#1254=VECTOR('',#2765,1.);
#1255=VECTOR('',#2766,1.);
#1256=VECTOR('',#2767,1.);
#1257=VECTOR('',#2768,1.);
#1258=VECTOR('',#2769,1.);
#1259=VECTOR('',#2770,1.);
#1260=VECTOR('',#2771,1.);
#1261=VECTOR('',#2772,1.);
#1262=VECTOR('',#2773,1.);
#1263=VECTOR('',#2774,1.);
#1264=VECTOR('',#2775,1.);
#1265=VECTOR('',#2778,1.);
#1266=VECTOR('',#2779,1.);
#1267=VECTOR('',#2782,1.);
#1268=VECTOR('',#2785,1.);
#1269=VECTOR('',#2788,1.);
#1270=VECTOR('',#2789,1.);
#1271=VECTOR('',#2792,1.);
#1272=VECTOR('',#2793,1.);
#1273=VECTOR('',#2794,1.);
#1274=VECTOR('',#2795,1.);
#1275=VECTOR('',#2796,1.);
#1276=VECTOR('',#2797,1.);
#1277=VECTOR('',#2798,1.);
#1278=VECTOR('',#2799,1.);
#1279=VECTOR('',#2800,1.);
#1280=VECTOR('',#2801,1.);
#1281=VECTOR('',#2802,1.);
#1282=VECTOR('',#2805,1.);
#1283=VECTOR('',#2808,1.);
#1284=VECTOR('',#2809,1.);
#1285=VECTOR('',#2810,1.);
#1286=VECTOR('',#2811,1.);
#1287=VECTOR('',#2814,1.);
#1288=VECTOR('',#2815,1.);
#1289=VECTOR('',#2818,1.);
#1290=VECTOR('',#2819,1.);
#1291=VECTOR('',#2820,1.);
#1292=VECTOR('',#2823,1.);
#1293=VECTOR('',#2824,1.);
#1294=VECTOR('',#2825,1.);
#1295=VECTOR('',#2826,1.);
#1296=VECTOR('',#2827,1.);
#1297=VECTOR('',#2828,1.);
#1298=VECTOR('',#2833,1.);
#1299=VECTOR('',#2836,1.);
#1300=VECTOR('',#2839,1.);
#1301=VECTOR('',#2840,1.);
#1302=VECTOR('',#2841,1.);
#1303=VECTOR('',#2842,1.);
#1304=VECTOR('',#2843,1.);
#1305=VECTOR('',#2844,1.);
#1306=VECTOR('',#2845,1.);
#1307=VECTOR('',#2846,1.);
#1308=VECTOR('',#2851,1.);
#1309=VECTOR('',#2856,1.);
#1310=VECTOR('',#2859,1.);
#1311=VECTOR('',#2860,1.);
#1312=VECTOR('',#2861,1.);
#1313=VECTOR('',#2896,1.);
#1314=VECTOR('',#2897,1.);
#1315=VECTOR('',#2898,1.);
#1316=VECTOR('',#2899,1.);
#1317=VECTOR('',#2902,1.);
#1318=VECTOR('',#2907,1.);
#1319=VECTOR('',#2910,1.);
#1320=VECTOR('',#2911,1.);
#1321=VECTOR('',#2912,1.);
#1322=VECTOR('',#2915,1.);
#1323=VECTOR('',#2916,1.);
#1324=VECTOR('',#2919,1.);
#1325=VECTOR('',#2920,1.);
#1326=VECTOR('',#2923,1.);
#1327=VECTOR('',#2926,1.);
#1328=VECTOR('',#2927,1.);
#1329=VECTOR('',#2928,1.);
#1330=VECTOR('',#2929,1.);
#1331=VECTOR('',#2932,1.);
#1332=VECTOR('',#2933,1.);
#1333=VECTOR('',#2934,1.);
#1334=VECTOR('',#2937,1.);
#1335=VECTOR('',#2938,1.);
#1336=VECTOR('',#2941,1.);
#1337=VECTOR('',#2942,1.);
#1338=VECTOR('',#2945,1.);
#1339=VECTOR('',#2950,1.);
#1340=VECTOR('',#2951,1.);
#1341=VECTOR('',#2954,1.);
#1342=VECTOR('',#2955,1.);
#1343=VECTOR('',#2956,1.);
#1344=VECTOR('',#2957,1.);
#1345=VECTOR('',#2960,1.);
#1346=VECTOR('',#2963,1.);
#1347=VECTOR('',#2964,1.);
#1348=VECTOR('',#2987,1.);
#1349=VECTOR('',#2988,1.);
#1350=VECTOR('',#2989,1.);
#1351=VECTOR('',#2992,1.);
#1352=VECTOR('',#2993,1.);
#1353=VECTOR('',#2994,1.);
#1354=VECTOR('',#2997,1.);
#1355=VECTOR('',#2998,1.);
#1356=VECTOR('',#3005,1.);
#1357=VECTOR('',#3010,1.);
#1358=VECTOR('',#3013,1.);
#1359=VECTOR('',#3014,1.);
#1360=VECTOR('',#3019,1.);
#1361=VECTOR('',#3022,1.);
#1362=VECTOR('',#3023,1.);
#1363=VECTOR('',#3028,1.);
#1364=VECTOR('',#3031,1.);
#1365=VECTOR('',#3032,1.);
#1366=VECTOR('',#3035,1.);
#1367=VECTOR('',#3038,1.);
#1368=VECTOR('',#3043,1.);
#1369=VECTOR('',#3044,1.);
#1370=VECTOR('',#3045,1.);
#1371=VECTOR('',#3048,1.);
#1372=VECTOR('',#3051,1.);
#1373=VECTOR('',#3052,1.);
#1374=VECTOR('',#3057,1.);
#1375=VECTOR('',#3062,1.);
#1376=VECTOR('',#3067,1.);
#1377=VECTOR('',#3070,1.);
#1378=VECTOR('',#3071,1.);
#1379=VECTOR('',#3074,1.);
#1380=VECTOR('',#3075,1.);
#1381=VECTOR('',#3076,1.);
#1382=VECTOR('',#3079,1.);
#1383=VECTOR('',#3080,1.);
#1384=VECTOR('',#3083,1.);
#1385=VECTOR('',#3084,1.);
#1386=VECTOR('',#3087,1.);
#1387=VECTOR('',#3096,1.);
#1388=VECTOR('',#3097,1.);
#1389=VECTOR('',#3098,1.);
#1390=VECTOR('',#3099,1.);
#1391=VECTOR('',#3100,1.);
#1392=VECTOR('',#3103,1.);
#1393=VECTOR('',#3104,1.);
#1394=VECTOR('',#3105,1.);
#1395=VECTOR('',#3108,1.);
#1396=VECTOR('',#3109,1.);
#1397=VECTOR('',#3112,1.);
#1398=VECTOR('',#3113,1.);
#1399=VECTOR('',#3116,1.);
#1400=VECTOR('',#3121,1.);
#1401=VECTOR('',#3122,1.);
#1402=VECTOR('',#3123,1.);
#1403=VECTOR('',#3124,1.);
#1404=VECTOR('',#3125,1.);
#1405=VECTOR('',#3128,1.);
#1406=VECTOR('',#3129,1.);
#1407=VECTOR('',#3130,1.);
#1408=VECTOR('',#3133,1.);
#1409=VECTOR('',#3134,1.);
#1410=VECTOR('',#3135,1.);
#1411=VECTOR('',#3138,1.);
#1412=VECTOR('',#3139,1.);
#1413=VECTOR('',#3146,1.);
#1414=VECTOR('',#3147,1.);
#1415=VECTOR('',#3148,1.);
#1416=VECTOR('',#3151,1.);
#1417=VECTOR('',#3154,1.);
#1418=EDGE_LOOP('',(#73,#74,#75,#76));
#1419=EDGE_LOOP('',(#77,#78,#79,#80,#81,#82,#83,#84,#85,#86,#87,#88));
#1420=EDGE_LOOP('',(#89,#90,#91,#92));
#1421=EDGE_LOOP('',(#93,#94,#95,#96));
#1422=EDGE_LOOP('',(#97,#98,#99,#100,#101,#102,#103,#104,#105,#106,#107,
#108,#109,#110));
#1423=EDGE_LOOP('',(#111,#112,#113,#114));
#1424=EDGE_LOOP('',(#115,#116,#117,#118,#119,#120,#121));
#1425=EDGE_LOOP('',(#122,#123,#124,#125));
#1426=EDGE_LOOP('',(#126,#127,#128,#129,#130,#131,#132));
#1427=EDGE_LOOP('',(#133,#134,#135,#136,#137,#138,#139,#140,#141,#142,#143,
#144,#145,#146,#147,#148));
#1428=EDGE_LOOP('',(#149,#150,#151,#152,#153));
#1429=EDGE_LOOP('',(#154,#155,#156,#157,#158,#159));
#1430=EDGE_LOOP('',(#160,#161,#162,#163,#164));
#1431=EDGE_LOOP('',(#165,#166,#167,#168));
#1432=EDGE_LOOP('',(#169,#170,#171,#172,#173,#174,#175,#176,#177,#178,#179,
#180,#181,#182,#183,#184,#185,#186,#187,#188));
#1433=EDGE_LOOP('',(#189,#190,#191,#192));
#1434=EDGE_LOOP('',(#193,#194,#195,#196,#197,#198));
#1435=EDGE_LOOP('',(#199,#200,#201,#202));
#1436=EDGE_LOOP('',(#203,#204,#205,#206,#207,#208));
#1437=EDGE_LOOP('',(#209,#210,#211,#212,#213,#214,#215,#216));
#1438=EDGE_LOOP('',(#217,#218,#219,#220));
#1439=EDGE_LOOP('',(#221,#222,#223,#224));
#1440=EDGE_LOOP('',(#225,#226,#227,#228));
#1441=EDGE_LOOP('',(#229,#230,#231,#232,#233,#234,#235,#236,#237,#238,#239,
#240));
#1442=EDGE_LOOP('',(#241,#242,#243,#244,#245,#246,#247,#248));
#1443=EDGE_LOOP('',(#249,#250,#251,#252,#253,#254,#255,#256));
#1444=EDGE_LOOP('',(#257,#258,#259,#260));
#1445=EDGE_LOOP('',(#261,#262));
#1446=EDGE_LOOP('',(#263));
#1447=EDGE_LOOP('',(#264,#265,#266,#267));
#1448=EDGE_LOOP('',(#268));
#1449=EDGE_LOOP('',(#269,#270));
#1450=EDGE_LOOP('',(#271,#272));
#1451=EDGE_LOOP('',(#273));
#1452=EDGE_LOOP('',(#274,#275,#276,#277));
#1453=EDGE_LOOP('',(#278));
#1454=EDGE_LOOP('',(#279,#280));
#1455=EDGE_LOOP('',(#281,#282,#283,#284,#285,#286));
#1456=EDGE_LOOP('',(#287,#288,#289,#290));
#1457=EDGE_LOOP('',(#291,#292,#293,#294));
#1458=EDGE_LOOP('',(#295,#296,#297,#298));
#1459=EDGE_LOOP('',(#299,#300,#301,#302));
#1460=EDGE_LOOP('',(#303,#304,#305,#306));
#1461=EDGE_LOOP('',(#307,#308,#309,#310));
#1462=EDGE_LOOP('',(#311,#312,#313,#314));
#1463=EDGE_LOOP('',(#315,#316,#317,#318));
#1464=EDGE_LOOP('',(#319,#320,#321,#322));
#1465=EDGE_LOOP('',(#323,#324,#325,#326));
#1466=EDGE_LOOP('',(#327,#328,#329,#330));
#1467=EDGE_LOOP('',(#331,#332,#333,#334));
#1468=EDGE_LOOP('',(#335,#336,#337,#338));
#1469=EDGE_LOOP('',(#339,#340,#341,#342));
#1470=EDGE_LOOP('',(#343,#344,#345,#346));
#1471=EDGE_LOOP('',(#347,#348,#349,#350,#351,#352));
#1472=EDGE_LOOP('',(#353,#354,#355,#356));
#1473=EDGE_LOOP('',(#357,#358,#359,#360));
#1474=EDGE_LOOP('',(#361));
#1475=EDGE_LOOP('',(#362,#363,#364,#365));
#1476=EDGE_LOOP('',(#366));
#1477=EDGE_LOOP('',(#367));
#1478=EDGE_LOOP('',(#368));
#1479=EDGE_LOOP('',(#369));
#1480=EDGE_LOOP('',(#370));
#1481=EDGE_LOOP('',(#371));
#1482=EDGE_LOOP('',(#372,#373,#374,#375));
#1483=EDGE_LOOP('',(#376));
#1484=EDGE_LOOP('',(#377,#378,#379,#380,#381));
#1485=EDGE_LOOP('',(#382,#383,#384,#385));
#1486=EDGE_LOOP('',(#386,#387,#388,#389,#390));
#1487=EDGE_LOOP('',(#391,#392,#393,#394));
#1488=EDGE_LOOP('',(#395,#396,#397,#398));
#1489=EDGE_LOOP('',(#399,#400,#401,#402));
#1490=EDGE_LOOP('',(#403,#404,#405,#406));
#1491=EDGE_LOOP('',(#407,#408,#409,#410));
#1492=EDGE_LOOP('',(#411,#412,#413,#414));
#1493=EDGE_LOOP('',(#415,#416,#417,#418));
#1494=EDGE_LOOP('',(#419,#420,#421,#422,#423,#424,#425,#426,#427,#428));
#1495=EDGE_LOOP('',(#429,#430,#431,#432,#433,#434,#435,#436,#437,#438,#439,
#440));
#1496=EDGE_LOOP('',(#441,#442,#443,#444));
#1497=EDGE_LOOP('',(#445,#446,#447,#448,#449,#450));
#1498=EDGE_LOOP('',(#451,#452,#453,#454));
#1499=EDGE_LOOP('',(#455,#456,#457,#458));
#1500=EDGE_LOOP('',(#459,#460,#461,#462));
#1501=EDGE_LOOP('',(#463,#464,#465,#466));
#1502=EDGE_LOOP('',(#467,#468,#469,#470));
#1503=EDGE_LOOP('',(#471,#472,#473,#474));
#1504=EDGE_LOOP('',(#475,#476,#477,#478));
#1505=EDGE_LOOP('',(#479,#480,#481,#482));
#1506=EDGE_LOOP('',(#483,#484,#485,#486));
#1507=EDGE_LOOP('',(#487,#488,#489,#490,#491,#492));
#1508=EDGE_LOOP('',(#493,#494,#495,#496,#497,#498));
#1509=EDGE_LOOP('',(#499,#500,#501,#502,#503,#504,#505,#506));
#1510=EDGE_LOOP('',(#507,#508,#509,#510,#511,#512));
#1511=EDGE_LOOP('',(#513,#514,#515,#516));
#1512=EDGE_LOOP('',(#517,#518,#519,#520));
#1513=EDGE_LOOP('',(#521,#522,#523,#524));
#1514=EDGE_LOOP('',(#525,#526,#527,#528));
#1515=EDGE_LOOP('',(#529,#530,#531,#532,#533,#534));
#1516=EDGE_LOOP('',(#535,#536,#537,#538));
#1517=EDGE_LOOP('',(#539,#540,#541,#542));
#1518=EDGE_LOOP('',(#543,#544,#545,#546));
#1519=EDGE_LOOP('',(#547,#548,#549,#550));
#1520=EDGE_LOOP('',(#551,#552,#553,#554,#555,#556,#557,#558));
#1521=EDGE_LOOP('',(#559,#560,#561,#562));
#1522=EDGE_LOOP('',(#563,#564,#565,#566));
#1523=EDGE_LOOP('',(#567,#568,#569,#570));
#1524=EDGE_LOOP('',(#571,#572,#573,#574));
#1525=FACE_BOUND('',#1418,.T.);
#1526=FACE_BOUND('',#1419,.T.);
#1527=FACE_BOUND('',#1420,.T.);
#1528=FACE_BOUND('',#1421,.T.);
#1529=FACE_BOUND('',#1422,.T.);
#1530=FACE_BOUND('',#1423,.T.);
#1531=FACE_BOUND('',#1424,.T.);
#1532=FACE_BOUND('',#1425,.T.);
#1533=FACE_BOUND('',#1426,.T.);
#1534=FACE_BOUND('',#1427,.T.);
#1535=FACE_BOUND('',#1428,.T.);
#1536=FACE_BOUND('',#1429,.T.);
#1537=FACE_BOUND('',#1430,.T.);
#1538=FACE_BOUND('',#1431,.T.);
#1539=FACE_BOUND('',#1432,.T.);
#1540=FACE_BOUND('',#1433,.T.);
#1541=FACE_BOUND('',#1434,.T.);
#1542=FACE_BOUND('',#1435,.T.);
#1543=FACE_BOUND('',#1436,.T.);
#1544=FACE_BOUND('',#1437,.T.);
#1545=FACE_BOUND('',#1438,.T.);
#1546=FACE_BOUND('',#1439,.T.);
#1547=FACE_BOUND('',#1440,.T.);
#1548=FACE_BOUND('',#1441,.T.);
#1549=FACE_BOUND('',#1442,.T.);
#1550=FACE_BOUND('',#1443,.T.);
#1551=FACE_BOUND('',#1444,.T.);
#1552=FACE_BOUND('',#1445,.T.);
#1553=FACE_BOUND('',#1446,.T.);
#1554=FACE_BOUND('',#1447,.T.);
#1555=FACE_BOUND('',#1448,.T.);
#1556=FACE_BOUND('',#1449,.T.);
#1557=FACE_BOUND('',#1450,.T.);
#1558=FACE_BOUND('',#1451,.T.);
#1559=FACE_BOUND('',#1452,.T.);
#1560=FACE_BOUND('',#1453,.T.);
#1561=FACE_BOUND('',#1454,.T.);
#1562=FACE_BOUND('',#1455,.T.);
#1563=FACE_BOUND('',#1456,.T.);
#1564=FACE_BOUND('',#1457,.T.);
#1565=FACE_BOUND('',#1458,.T.);
#1566=FACE_BOUND('',#1459,.T.);
#1567=FACE_BOUND('',#1460,.T.);
#1568=FACE_BOUND('',#1461,.T.);
#1569=FACE_BOUND('',#1462,.T.);
#1570=FACE_BOUND('',#1463,.T.);
#1571=FACE_BOUND('',#1464,.T.);
#1572=FACE_BOUND('',#1465,.T.);
#1573=FACE_BOUND('',#1466,.T.);
#1574=FACE_BOUND('',#1467,.T.);
#1575=FACE_BOUND('',#1468,.T.);
#1576=FACE_BOUND('',#1469,.T.);
#1577=FACE_BOUND('',#1470,.T.);
#1578=FACE_BOUND('',#1471,.T.);
#1579=FACE_BOUND('',#1472,.T.);
#1580=FACE_BOUND('',#1473,.T.);
#1581=FACE_BOUND('',#1474,.T.);
#1582=FACE_BOUND('',#1475,.T.);
#1583=FACE_BOUND('',#1476,.T.);
#1584=FACE_BOUND('',#1477,.T.);
#1585=FACE_BOUND('',#1478,.T.);
#1586=FACE_BOUND('',#1479,.T.);
#1587=FACE_BOUND('',#1480,.T.);
#1588=FACE_BOUND('',#1481,.T.);
#1589=FACE_BOUND('',#1482,.T.);
#1590=FACE_BOUND('',#1483,.T.);
#1591=FACE_BOUND('',#1484,.T.);
#1592=FACE_BOUND('',#1485,.T.);
#1593=FACE_BOUND('',#1486,.T.);
#1594=FACE_BOUND('',#1487,.T.);
#1595=FACE_BOUND('',#1488,.T.);
#1596=FACE_BOUND('',#1489,.T.);
#1597=FACE_BOUND('',#1490,.T.);
#1598=FACE_BOUND('',#1491,.T.);
#1599=FACE_BOUND('',#1492,.T.);
#1600=FACE_BOUND('',#1493,.T.);
#1601=FACE_BOUND('',#1494,.T.);
#1602=FACE_BOUND('',#1495,.T.);
#1603=FACE_BOUND('',#1496,.T.);
#1604=FACE_BOUND('',#1497,.T.);
#1605=FACE_BOUND('',#1498,.T.);
#1606=FACE_BOUND('',#1499,.T.);
#1607=FACE_BOUND('',#1500,.T.);
#1608=FACE_BOUND('',#1501,.T.);
#1609=FACE_BOUND('',#1502,.T.);
#1610=FACE_BOUND('',#1503,.T.);
#1611=FACE_BOUND('',#1504,.T.);
#1612=FACE_BOUND('',#1505,.T.);
#1613=FACE_BOUND('',#1506,.T.);
#1614=FACE_BOUND('',#1507,.T.);
#1615=FACE_BOUND('',#1508,.T.);
#1616=FACE_BOUND('',#1509,.T.);
#1617=FACE_BOUND('',#1510,.T.);
#1618=FACE_BOUND('',#1511,.T.);
#1619=FACE_BOUND('',#1512,.T.);
#1620=FACE_BOUND('',#1513,.T.);
#1621=FACE_BOUND('',#1514,.T.);
#1622=FACE_BOUND('',#1515,.T.);
#1623=FACE_BOUND('',#1516,.T.);
#1624=FACE_BOUND('',#1517,.T.);
#1625=FACE_BOUND('',#1518,.T.);
#1626=FACE_BOUND('',#1519,.T.);
#1627=FACE_BOUND('',#1520,.T.);
#1628=FACE_BOUND('',#1521,.T.);
#1629=FACE_BOUND('',#1522,.T.);
#1630=FACE_BOUND('',#1523,.T.);
#1631=FACE_BOUND('',#1524,.T.);
#1632=PLANE('',#2535);
#1633=PLANE('',#2540);
#1634=PLANE('',#2541);
#1635=PLANE('',#2542);
#1636=PLANE('',#2543);
#1637=PLANE('',#2544);
#1638=PLANE('',#2548);
#1639=PLANE('',#2551);
#1640=PLANE('',#2555);
#1641=PLANE('',#2556);
#1642=PLANE('',#2557);
#1643=PLANE('',#2558);
#1644=PLANE('',#2559);
#1645=PLANE('',#2560);
#1646=PLANE('',#2561);
#1647=PLANE('',#2562);
#1648=PLANE('',#2563);
#1649=PLANE('',#2564);
#1650=PLANE('',#2565);
#1651=PLANE('',#2566);
#1652=PLANE('',#2569);
#1653=PLANE('',#2574);
#1654=PLANE('',#2575);
#1655=PLANE('',#2577);
#1656=PLANE('',#2582);
#1657=PLANE('',#2583);
#1658=PLANE('',#2584);
#1659=PLANE('',#2589);
#1660=PLANE('',#2590);
#1661=PLANE('',#2591);
#1662=PLANE('',#2592);
#1663=PLANE('',#2593);
#1664=PLANE('',#2594);
#1665=PLANE('',#2595);
#1666=PLANE('',#2596);
#1667=PLANE('',#2597);
#1668=PLANE('',#2598);
#1669=PLANE('',#2599);
#1670=PLANE('',#2600);
#1671=PLANE('',#2601);
#1672=PLANE('',#2602);
#1673=PLANE('',#2603);
#1674=PLANE('',#2604);
#1675=PLANE('',#2605);
#1676=PLANE('',#2606);
#1677=PLANE('',#2607);
#1678=PLANE('',#2608);
#1679=PLANE('',#2609);
#1680=PLANE('',#2613);
#1681=PLANE('',#2617);
#1682=PLANE('',#2618);
#1683=PLANE('',#2619);
#1684=PLANE('',#2620);
#1685=PLANE('',#2621);
#1686=PLANE('',#2622);
#1687=PLANE('',#2627);
#1688=PLANE('',#2630);
#1689=PLANE('',#2633);
#1690=PLANE('',#2636);
#1691=PLANE('',#2637);
#1692=PLANE('',#2638);
#1693=PLANE('',#2641);
#1694=PLANE('',#2642);
#1695=PLANE('',#2645);
#1696=PLANE('',#2646);
#1697=PLANE('',#2647);
#1698=PLANE('',#2648);
#1699=PLANE('',#2649);
#1700=PLANE('',#2650);
#1701=PLANE('',#2651);
#1702=PLANE('',#2654);
#1703=PLANE('',#2655);
#1704=PLANE('',#2656);
#1705=PLANE('',#2657);
#1706=PLANE('',#2658);
#1707=PLANE('',#2659);
#1708=PLANE('',#2660);
#1709=PLANE('',#2661);
#1710=PLANE('',#2662);
#1711=PLANE('',#2663);
#1712=PLANE('',#2664);
#1713=PLANE('',#2665);
#1714=PLANE('',#2666);
#1715=PLANE('',#2667);
#1716=PLANE('',#2668);
#1717=PLANE('',#2669);
#1718=OVER_RIDING_STYLED_ITEM('',(#1919),#1817,#1917);
#1719=OVER_RIDING_STYLED_ITEM('',(#1920),#1818,#1917);
#1720=OVER_RIDING_STYLED_ITEM('',(#1921),#1819,#1917);
#1721=OVER_RIDING_STYLED_ITEM('',(#1922),#1820,#1917);
#1722=OVER_RIDING_STYLED_ITEM('',(#1923),#1821,#1917);
#1723=OVER_RIDING_STYLED_ITEM('',(#1924),#1822,#1917);
#1724=OVER_RIDING_STYLED_ITEM('',(#1925),#1823,#1917);
#1725=OVER_RIDING_STYLED_ITEM('',(#1926),#1824,#1917);
#1726=OVER_RIDING_STYLED_ITEM('',(#1927),#1825,#1917);
#1727=OVER_RIDING_STYLED_ITEM('',(#1928),#1826,#1917);
#1728=OVER_RIDING_STYLED_ITEM('',(#1929),#1827,#1917);
#1729=OVER_RIDING_STYLED_ITEM('',(#1930),#1828,#1917);
#1730=OVER_RIDING_STYLED_ITEM('',(#1931),#1829,#1917);
#1731=OVER_RIDING_STYLED_ITEM('',(#1932),#1830,#1917);
#1732=OVER_RIDING_STYLED_ITEM('',(#1933),#1831,#1917);
#1733=OVER_RIDING_STYLED_ITEM('',(#1934),#1832,#1917);
#1734=OVER_RIDING_STYLED_ITEM('',(#1935),#1833,#1917);
#1735=OVER_RIDING_STYLED_ITEM('',(#1936),#1834,#1917);
#1736=OVER_RIDING_STYLED_ITEM('',(#1937),#1835,#1917);
#1737=OVER_RIDING_STYLED_ITEM('',(#1938),#1836,#1917);
#1738=OVER_RIDING_STYLED_ITEM('',(#1939),#1837,#1917);
#1739=OVER_RIDING_STYLED_ITEM('',(#1940),#1838,#1917);
#1740=OVER_RIDING_STYLED_ITEM('',(#1941),#1839,#1917);
#1741=OVER_RIDING_STYLED_ITEM('',(#1942),#1840,#1917);
#1742=OVER_RIDING_STYLED_ITEM('',(#1943),#1841,#1917);
#1743=OVER_RIDING_STYLED_ITEM('',(#1944),#1842,#1917);
#1744=OVER_RIDING_STYLED_ITEM('',(#1945),#1843,#1917);
#1745=OVER_RIDING_STYLED_ITEM('',(#1946),#1844,#1917);
#1746=OVER_RIDING_STYLED_ITEM('',(#1947),#1845,#1917);
#1747=OVER_RIDING_STYLED_ITEM('',(#1948),#1846,#1917);
#1748=OVER_RIDING_STYLED_ITEM('',(#1949),#1847,#1917);
#1749=OVER_RIDING_STYLED_ITEM('',(#1950),#1848,#1917);
#1750=OVER_RIDING_STYLED_ITEM('',(#1951),#1849,#1917);
#1751=OVER_RIDING_STYLED_ITEM('',(#1952),#1850,#1917);
#1752=OVER_RIDING_STYLED_ITEM('',(#1953),#1851,#1917);
#1753=OVER_RIDING_STYLED_ITEM('',(#1954),#1852,#1917);
#1754=OVER_RIDING_STYLED_ITEM('',(#1955),#1853,#1917);
#1755=OVER_RIDING_STYLED_ITEM('',(#1956),#1854,#1917);
#1756=OVER_RIDING_STYLED_ITEM('',(#1957),#1855,#1917);
#1757=OVER_RIDING_STYLED_ITEM('',(#1958),#1856,#1917);
#1758=OVER_RIDING_STYLED_ITEM('',(#1959),#1857,#1917);
#1759=OVER_RIDING_STYLED_ITEM('',(#1960),#1858,#1917);
#1760=OVER_RIDING_STYLED_ITEM('',(#1961),#1859,#1917);
#1761=OVER_RIDING_STYLED_ITEM('',(#1962),#1860,#1917);
#1762=OVER_RIDING_STYLED_ITEM('',(#1963),#1861,#1917);
#1763=OVER_RIDING_STYLED_ITEM('',(#1964),#1862,#1917);
#1764=OVER_RIDING_STYLED_ITEM('',(#1965),#1863,#1917);
#1765=OVER_RIDING_STYLED_ITEM('',(#1966),#1864,#1917);
#1766=OVER_RIDING_STYLED_ITEM('',(#1967),#1865,#1917);
#1767=OVER_RIDING_STYLED_ITEM('',(#1968),#1866,#1917);
#1768=OVER_RIDING_STYLED_ITEM('',(#1969),#1867,#1917);
#1769=OVER_RIDING_STYLED_ITEM('',(#1970),#1868,#1917);
#1770=OVER_RIDING_STYLED_ITEM('',(#1971),#1869,#1917);
#1771=OVER_RIDING_STYLED_ITEM('',(#1972),#1870,#1917);
#1772=OVER_RIDING_STYLED_ITEM('',(#1973),#1871,#1917);
#1773=OVER_RIDING_STYLED_ITEM('',(#1974),#1872,#1917);
#1774=OVER_RIDING_STYLED_ITEM('',(#1975),#1873,#1917);
#1775=OVER_RIDING_STYLED_ITEM('',(#1976),#1874,#1917);
#1776=OVER_RIDING_STYLED_ITEM('',(#1977),#1875,#1917);
#1777=OVER_RIDING_STYLED_ITEM('',(#1978),#1876,#1917);
#1778=OVER_RIDING_STYLED_ITEM('',(#1979),#1877,#1917);
#1779=OVER_RIDING_STYLED_ITEM('',(#1980),#1878,#1917);
#1780=OVER_RIDING_STYLED_ITEM('',(#1981),#1879,#1917);
#1781=OVER_RIDING_STYLED_ITEM('',(#1982),#1880,#1917);
#1782=OVER_RIDING_STYLED_ITEM('',(#1983),#1881,#1917);
#1783=OVER_RIDING_STYLED_ITEM('',(#1984),#1882,#1917);
#1784=OVER_RIDING_STYLED_ITEM('',(#1985),#1883,#1917);
#1785=OVER_RIDING_STYLED_ITEM('',(#1986),#1884,#1917);
#1786=OVER_RIDING_STYLED_ITEM('',(#1987),#1885,#1917);
#1787=OVER_RIDING_STYLED_ITEM('',(#1988),#1886,#1917);
#1788=OVER_RIDING_STYLED_ITEM('',(#1989),#1887,#1917);
#1789=OVER_RIDING_STYLED_ITEM('',(#1990),#1888,#1917);
#1790=OVER_RIDING_STYLED_ITEM('',(#1991),#1889,#1917);
#1791=OVER_RIDING_STYLED_ITEM('',(#1992),#1890,#1917);
#1792=OVER_RIDING_STYLED_ITEM('',(#1993),#1891,#1917);
#1793=OVER_RIDING_STYLED_ITEM('',(#1994),#1892,#1917);
#1794=OVER_RIDING_STYLED_ITEM('',(#1995),#1893,#1917);
#1795=OVER_RIDING_STYLED_ITEM('',(#1996),#1894,#1917);
#1796=OVER_RIDING_STYLED_ITEM('',(#1997),#1895,#1917);
#1797=OVER_RIDING_STYLED_ITEM('',(#1998),#1896,#1917);
#1798=OVER_RIDING_STYLED_ITEM('',(#1999),#1897,#1917);
#1799=OVER_RIDING_STYLED_ITEM('',(#2000),#1898,#1917);
#1800=OVER_RIDING_STYLED_ITEM('',(#2001),#1899,#1917);
#1801=OVER_RIDING_STYLED_ITEM('',(#2002),#1900,#1917);
#1802=OVER_RIDING_STYLED_ITEM('',(#2003),#1901,#1917);
#1803=OVER_RIDING_STYLED_ITEM('',(#2004),#1902,#1917);
#1804=OVER_RIDING_STYLED_ITEM('',(#2005),#1903,#1917);
#1805=OVER_RIDING_STYLED_ITEM('',(#2006),#1904,#1917);
#1806=OVER_RIDING_STYLED_ITEM('',(#2007),#1905,#1917);
#1807=OVER_RIDING_STYLED_ITEM('',(#2008),#1906,#1917);
#1808=OVER_RIDING_STYLED_ITEM('',(#2009),#1907,#1917);
#1809=OVER_RIDING_STYLED_ITEM('',(#2010),#1908,#1917);
#1810=OVER_RIDING_STYLED_ITEM('',(#2011),#1909,#1917);
#1811=OVER_RIDING_STYLED_ITEM('',(#2012),#1910,#1917);
#1812=OVER_RIDING_STYLED_ITEM('',(#2013),#1911,#1917);
#1813=OVER_RIDING_STYLED_ITEM('',(#2014),#1912,#1917);
#1814=OVER_RIDING_STYLED_ITEM('',(#2015),#1913,#1917);
#1815=OVER_RIDING_STYLED_ITEM('',(#2016),#1914,#1917);
#1816=OVER_RIDING_STYLED_ITEM('',(#2017),#1915,#1917);
#1817=ADVANCED_FACE('Face appearance 29',(#1525,#1526),#1632,.T.);
#1818=ADVANCED_FACE('Face appearance 16',(#1527),#1633,.T.);
#1819=ADVANCED_FACE('Face appearance 7',(#1528),#1634,.T.);
#1820=ADVANCED_FACE('Face appearance 30',(#1529),#1635,.T.);
#1821=ADVANCED_FACE('Face appearance 30',(#1530),#1636,.T.);
#1822=ADVANCED_FACE('Face appearance 32',(#1531),#1637,.T.);
#1823=ADVANCED_FACE('Face appearance 20',(#1532),#1638,.T.);
#1824=ADVANCED_FACE('Face appearance 32',(#1533),#1639,.F.);
#1825=ADVANCED_FACE('Face appearance 5',(#1534),#1640,.F.);
#1826=ADVANCED_FACE('Face appearance 6',(#1535),#1641,.F.);
#1827=ADVANCED_FACE('Face appearance 6',(#1536),#1642,.F.);
#1828=ADVANCED_FACE('Face appearance 6',(#1537),#1643,.F.);
#1829=ADVANCED_FACE('Face appearance 6',(#1538),#1644,.F.);
#1830=ADVANCED_FACE('Face appearance 17',(#1539),#1645,.F.);
#1831=ADVANCED_FACE('Face appearance 6',(#1540),#1646,.T.);
#1832=ADVANCED_FACE('Face appearance 4',(#1541),#1647,.F.);
#1833=ADVANCED_FACE('Face appearance 4',(#1542),#1648,.F.);
#1834=ADVANCED_FACE('Face appearance 4',(#1543),#1649,.T.);
#1835=ADVANCED_FACE('Face appearance 34',(#1544),#1650,.T.);
#1836=ADVANCED_FACE('Face appearance 4',(#1545),#1651,.F.);
#1837=ADVANCED_FACE('Face appearance 20',(#1546),#14,.T.);
#1838=ADVANCED_FACE('Face appearance 20',(#1547),#15,.T.);
#1839=ADVANCED_FACE('Face appearance 22',(#1548),#1652,.T.);
#1840=ADVANCED_FACE('Face appearance 20',(#1549),#16,.T.);
#1841=ADVANCED_FACE('Face appearance 20',(#1550),#1653,.F.);
#1842=ADVANCED_FACE('Face appearance 20',(#1551),#1654,.F.);
#1843=ADVANCED_FACE('Face appearance 1',(#1552),#1655,.F.);
#1844=ADVANCED_FACE('Face appearance 1',(#1553,#1554),#17,.T.);
#1845=ADVANCED_FACE('Face appearance 1',(#1555),#1656,.T.);
#1846=ADVANCED_FACE('Face appearance 1',(#1556),#1657,.F.);
#1847=ADVANCED_FACE('Face appearance 1',(#1557),#1658,.F.);
#1848=ADVANCED_FACE('Face appearance 1',(#1558,#1559),#18,.T.);
#1849=ADVANCED_FACE('Face appearance 1',(#1560),#1659,.T.);
#1850=ADVANCED_FACE('Face appearance 1',(#1561),#1660,.F.);
#1851=ADVANCED_FACE('Face appearance 16',(#1562),#1661,.T.);
#1852=ADVANCED_FACE('Face appearance 14',(#1563),#1662,.F.);
#1853=ADVANCED_FACE('Face appearance 16',(#1564),#1663,.T.);
#1854=ADVANCED_FACE('Face appearance 15',(#1565),#1664,.T.);
#1855=ADVANCED_FACE('Face appearance 12',(#1566),#1665,.T.);
#1856=ADVANCED_FACE('Face appearance 12',(#1567),#1666,.F.);
#1857=ADVANCED_FACE('Face appearance 12',(#1568),#1667,.F.);
#1858=ADVANCED_FACE('Face appearance 12',(#1569),#1668,.T.);
#1859=ADVANCED_FACE('Face appearance 12',(#1570,#1571),#1669,.T.);
#1860=ADVANCED_FACE('Face appearance 13',(#1572),#1670,.T.);
#1861=ADVANCED_FACE('Face appearance 13',(#1573),#1671,.T.);
#1862=ADVANCED_FACE('Face appearance 13',(#1574),#1672,.F.);
#1863=ADVANCED_FACE('Face appearance 13',(#1575),#1673,.F.);
#1864=ADVANCED_FACE('Face appearance 13',(#1576),#1674,.T.);
#1865=ADVANCED_FACE('Face appearance 3',(#1577),#1675,.F.);
#1866=ADVANCED_FACE('Face appearance 34',(#1578),#1676,.T.);
#1867=ADVANCED_FACE('Face appearance 2',(#1579),#1677,.F.);
#1868=ADVANCED_FACE('Face appearance 34',(#1580),#1678,.F.);
#1869=ADVANCED_FACE('Face appearance 1',(#1581,#1582),#1679,.F.);
#1870=ADVANCED_FACE('Face appearance 1',(#1583,#1584),#19,.T.);
#1871=ADVANCED_FACE('Face appearance 1',(#1585),#1680,.T.);
#1872=ADVANCED_FACE('Face appearance 1',(#1586,#1587),#20,.T.);
#1873=ADVANCED_FACE('Face appearance 1',(#1588),#1681,.T.);
#1874=ADVANCED_FACE('Face appearance 1',(#1589,#1590),#1682,.F.);
#1875=ADVANCED_FACE('Face appearance 17',(#1591),#1683,.T.);
#1876=ADVANCED_FACE('Face appearance 17',(#1592),#1684,.F.);
#1877=ADVANCED_FACE('Face appearance 17',(#1593),#1685,.F.);
#1878=ADVANCED_FACE('Face appearance 39',(#1594),#1686,.F.);
#1879=ADVANCED_FACE('Face appearance 27',(#1595),#21,.T.);
#1880=ADVANCED_FACE('Face appearance 27',(#1596),#22,.T.);
#1881=ADVANCED_FACE('Face appearance 27',(#1597),#1687,.T.);
#1882=ADVANCED_FACE('Face appearance 27',(#1598),#23,.T.);
#1883=ADVANCED_FACE('Face appearance 28',(#1599),#1688,.F.);
#1884=ADVANCED_FACE('Face appearance 27',(#1600),#24,.T.);
#1885=ADVANCED_FACE('Face appearance 27',(#1601),#1689,.F.);
#1886=ADVANCED_FACE('Face appearance 38',(#1602),#1690,.F.);
#1887=ADVANCED_FACE('Face appearance 33',(#1603),#1691,.F.);
#1888=ADVANCED_FACE('Face appearance 31',(#1604),#1692,.T.);
#1889=ADVANCED_FACE('Face appearance 24',(#1605),#1693,.F.);
#1890=ADVANCED_FACE('Face appearance 23',(#1606),#1694,.F.);
#1891=ADVANCED_FACE('Face appearance 24',(#1607),#1695,.T.);
#1892=ADVANCED_FACE('Face appearance 24',(#1608),#1696,.T.);
#1893=ADVANCED_FACE('Face appearance 26',(#1609),#1697,.T.);
#1894=ADVANCED_FACE('Face appearance 26',(#1610),#1698,.F.);
#1895=ADVANCED_FACE('Face appearance 26',(#1611),#1699,.F.);
#1896=ADVANCED_FACE('Face appearance 26',(#1612),#1700,.T.);
#1897=ADVANCED_FACE('Face appearance 25',(#1613),#1701,.T.);
#1898=ADVANCED_FACE('Face appearance 24',(#1614),#25,.T.);
#1899=ADVANCED_FACE('Face appearance 24',(#1615),#26,.T.);
#1900=ADVANCED_FACE('Face appearance 11',(#1616),#1702,.F.);
#1901=ADVANCED_FACE('Face appearance 8',(#1617),#1703,.T.);
#1902=ADVANCED_FACE('Face appearance 9',(#1618),#1704,.T.);
#1903=ADVANCED_FACE('Face appearance 8',(#1619),#1705,.F.);
#1904=ADVANCED_FACE('Face appearance 10',(#1620),#1706,.F.);
#1905=ADVANCED_FACE('Face appearance 8',(#1621),#1707,.T.);
#1906=ADVANCED_FACE('Face appearance 35',(#1622),#1708,.F.);
#1907=ADVANCED_FACE('Face appearance 36',(#1623),#1709,.T.);
#1908=ADVANCED_FACE('Face appearance 35',(#1624),#1710,.T.);
#1909=ADVANCED_FACE('Face appearance 37',(#1625),#1711,.F.);
#1910=ADVANCED_FACE('Face appearance 35',(#1626),#1712,.T.);
#1911=ADVANCED_FACE('Face appearance 35',(#1627),#1713,.F.);
#1912=ADVANCED_FACE('Face appearance 21',(#1628),#1714,.T.);
#1913=ADVANCED_FACE('Face appearance 21',(#1629),#1715,.F.);
#1914=ADVANCED_FACE('Face appearance 21',(#1630),#1716,.T.);
#1915=ADVANCED_FACE('Face appearance 21',(#1631),#1717,.T.);
#1916=CLOSED_SHELL('',(#1817,#1818,#1819,#1820,#1821,#1822,#1823,#1824,
#1825,#1826,#1827,#1828,#1829,#1830,#1831,#1832,#1833,#1834,#1835,#1836,
#1837,#1838,#1839,#1840,#1841,#1842,#1843,#1844,#1845,#1846,#1847,#1848,
#1849,#1850,#1851,#1852,#1853,#1854,#1855,#1856,#1857,#1858,#1859,#1860,
#1861,#1862,#1863,#1864,#1865,#1866,#1867,#1868,#1869,#1870,#1871,#1872,
#1873,#1874,#1875,#1876,#1877,#1878,#1879,#1880,#1881,#1882,#1883,#1884,
#1885,#1886,#1887,#1888,#1889,#1890,#1891,#1892,#1893,#1894,#1895,#1896,
#1897,#1898,#1899,#1900,#1901,#1902,#1903,#1904,#1905,#1906,#1907,#1908,
#1909,#1910,#1911,#1912,#1913,#1914,#1915));
#1917=STYLED_ITEM('',(#1918),#2531);
#1918=PRESENTATION_STYLE_ASSIGNMENT((#2018));
#1919=PRESENTATION_STYLE_ASSIGNMENT((#2019));
#1920=PRESENTATION_STYLE_ASSIGNMENT((#2020));
#1921=PRESENTATION_STYLE_ASSIGNMENT((#2021));
#1922=PRESENTATION_STYLE_ASSIGNMENT((#2022));
#1923=PRESENTATION_STYLE_ASSIGNMENT((#2023));
#1924=PRESENTATION_STYLE_ASSIGNMENT((#2024));
#1925=PRESENTATION_STYLE_ASSIGNMENT((#2025));
#1926=PRESENTATION_STYLE_ASSIGNMENT((#2026));
#1927=PRESENTATION_STYLE_ASSIGNMENT((#2027));
#1928=PRESENTATION_STYLE_ASSIGNMENT((#2028));
#1929=PRESENTATION_STYLE_ASSIGNMENT((#2029));
#1930=PRESENTATION_STYLE_ASSIGNMENT((#2030));
#1931=PRESENTATION_STYLE_ASSIGNMENT((#2031));
#1932=PRESENTATION_STYLE_ASSIGNMENT((#2032));
#1933=PRESENTATION_STYLE_ASSIGNMENT((#2033));
#1934=PRESENTATION_STYLE_ASSIGNMENT((#2034));
#1935=PRESENTATION_STYLE_ASSIGNMENT((#2035));
#1936=PRESENTATION_STYLE_ASSIGNMENT((#2036));
#1937=PRESENTATION_STYLE_ASSIGNMENT((#2037));
#1938=PRESENTATION_STYLE_ASSIGNMENT((#2038));
#1939=PRESENTATION_STYLE_ASSIGNMENT((#2039));
#1940=PRESENTATION_STYLE_ASSIGNMENT((#2040));
#1941=PRESENTATION_STYLE_ASSIGNMENT((#2041));
#1942=PRESENTATION_STYLE_ASSIGNMENT((#2042));
#1943=PRESENTATION_STYLE_ASSIGNMENT((#2043));
#1944=PRESENTATION_STYLE_ASSIGNMENT((#2044));
#1945=PRESENTATION_STYLE_ASSIGNMENT((#2045));
#1946=PRESENTATION_STYLE_ASSIGNMENT((#2046));
#1947=PRESENTATION_STYLE_ASSIGNMENT((#2047));
#1948=PRESENTATION_STYLE_ASSIGNMENT((#2048));
#1949=PRESENTATION_STYLE_ASSIGNMENT((#2049));
#1950=PRESENTATION_STYLE_ASSIGNMENT((#2050));
#1951=PRESENTATION_STYLE_ASSIGNMENT((#2051));
#1952=PRESENTATION_STYLE_ASSIGNMENT((#2052));
#1953=PRESENTATION_STYLE_ASSIGNMENT((#2053));
#1954=PRESENTATION_STYLE_ASSIGNMENT((#2054));
#1955=PRESENTATION_STYLE_ASSIGNMENT((#2055));
#1956=PRESENTATION_STYLE_ASSIGNMENT((#2056));
#1957=PRESENTATION_STYLE_ASSIGNMENT((#2057));
#1958=PRESENTATION_STYLE_ASSIGNMENT((#2058));
#1959=PRESENTATION_STYLE_ASSIGNMENT((#2059));
#1960=PRESENTATION_STYLE_ASSIGNMENT((#2060));
#1961=PRESENTATION_STYLE_ASSIGNMENT((#2061));
#1962=PRESENTATION_STYLE_ASSIGNMENT((#2062));
#1963=PRESENTATION_STYLE_ASSIGNMENT((#2063));
#1964=PRESENTATION_STYLE_ASSIGNMENT((#2064));
#1965=PRESENTATION_STYLE_ASSIGNMENT((#2065));
#1966=PRESENTATION_STYLE_ASSIGNMENT((#2066));
#1967=PRESENTATION_STYLE_ASSIGNMENT((#2067));
#1968=PRESENTATION_STYLE_ASSIGNMENT((#2068));
#1969=PRESENTATION_STYLE_ASSIGNMENT((#2069));
#1970=PRESENTATION_STYLE_ASSIGNMENT((#2070));
#1971=PRESENTATION_STYLE_ASSIGNMENT((#2071));
#1972=PRESENTATION_STYLE_ASSIGNMENT((#2072));
#1973=PRESENTATION_STYLE_ASSIGNMENT((#2073));
#1974=PRESENTATION_STYLE_ASSIGNMENT((#2074));
#1975=PRESENTATION_STYLE_ASSIGNMENT((#2075));
#1976=PRESENTATION_STYLE_ASSIGNMENT((#2076));
#1977=PRESENTATION_STYLE_ASSIGNMENT((#2077));
#1978=PRESENTATION_STYLE_ASSIGNMENT((#2078));
#1979=PRESENTATION_STYLE_ASSIGNMENT((#2079));
#1980=PRESENTATION_STYLE_ASSIGNMENT((#2080));
#1981=PRESENTATION_STYLE_ASSIGNMENT((#2081));
#1982=PRESENTATION_STYLE_ASSIGNMENT((#2082));
#1983=PRESENTATION_STYLE_ASSIGNMENT((#2083));
#1984=PRESENTATION_STYLE_ASSIGNMENT((#2084));
#1985=PRESENTATION_STYLE_ASSIGNMENT((#2085));
#1986=PRESENTATION_STYLE_ASSIGNMENT((#2086));
#1987=PRESENTATION_STYLE_ASSIGNMENT((#2087));
#1988=PRESENTATION_STYLE_ASSIGNMENT((#2088));
#1989=PRESENTATION_STYLE_ASSIGNMENT((#2089));
#1990=PRESENTATION_STYLE_ASSIGNMENT((#2090));
#1991=PRESENTATION_STYLE_ASSIGNMENT((#2091));
#1992=PRESENTATION_STYLE_ASSIGNMENT((#2092));
#1993=PRESENTATION_STYLE_ASSIGNMENT((#2093));
#1994=PRESENTATION_STYLE_ASSIGNMENT((#2094));
#1995=PRESENTATION_STYLE_ASSIGNMENT((#2095));
#1996=PRESENTATION_STYLE_ASSIGNMENT((#2096));
#1997=PRESENTATION_STYLE_ASSIGNMENT((#2097));
#1998=PRESENTATION_STYLE_ASSIGNMENT((#2098));
#1999=PRESENTATION_STYLE_ASSIGNMENT((#2099));
#2000=PRESENTATION_STYLE_ASSIGNMENT((#2100));
#2001=PRESENTATION_STYLE_ASSIGNMENT((#2101));
#2002=PRESENTATION_STYLE_ASSIGNMENT((#2102));
#2003=PRESENTATION_STYLE_ASSIGNMENT((#2103));
#2004=PRESENTATION_STYLE_ASSIGNMENT((#2104));
#2005=PRESENTATION_STYLE_ASSIGNMENT((#2105));
#2006=PRESENTATION_STYLE_ASSIGNMENT((#2106));
#2007=PRESENTATION_STYLE_ASSIGNMENT((#2107));
#2008=PRESENTATION_STYLE_ASSIGNMENT((#2108));
#2009=PRESENTATION_STYLE_ASSIGNMENT((#2109));
#2010=PRESENTATION_STYLE_ASSIGNMENT((#2110));
#2011=PRESENTATION_STYLE_ASSIGNMENT((#2111));
#2012=PRESENTATION_STYLE_ASSIGNMENT((#2112));
#2013=PRESENTATION_STYLE_ASSIGNMENT((#2113));
#2014=PRESENTATION_STYLE_ASSIGNMENT((#2114));
#2015=PRESENTATION_STYLE_ASSIGNMENT((#2115));
#2016=PRESENTATION_STYLE_ASSIGNMENT((#2116));
#2017=PRESENTATION_STYLE_ASSIGNMENT((#2117));
#2018=SURFACE_STYLE_USAGE(.BOTH.,#2118);
#2019=SURFACE_STYLE_USAGE(.BOTH.,#2119);
#2020=SURFACE_STYLE_USAGE(.BOTH.,#2120);
#2021=SURFACE_STYLE_USAGE(.BOTH.,#2121);
#2022=SURFACE_STYLE_USAGE(.BOTH.,#2122);
#2023=SURFACE_STYLE_USAGE(.BOTH.,#2123);
#2024=SURFACE_STYLE_USAGE(.BOTH.,#2124);
#2025=SURFACE_STYLE_USAGE(.BOTH.,#2125);
#2026=SURFACE_STYLE_USAGE(.BOTH.,#2126);
#2027=SURFACE_STYLE_USAGE(.BOTH.,#2127);
#2028=SURFACE_STYLE_USAGE(.BOTH.,#2128);
#2029=SURFACE_STYLE_USAGE(.BOTH.,#2129);
#2030=SURFACE_STYLE_USAGE(.BOTH.,#2130);
#2031=SURFACE_STYLE_USAGE(.BOTH.,#2131);
#2032=SURFACE_STYLE_USAGE(.BOTH.,#2132);
#2033=SURFACE_STYLE_USAGE(.BOTH.,#2133);
#2034=SURFACE_STYLE_USAGE(.BOTH.,#2134);
#2035=SURFACE_STYLE_USAGE(.BOTH.,#2135);
#2036=SURFACE_STYLE_USAGE(.BOTH.,#2136);
#2037=SURFACE_STYLE_USAGE(.BOTH.,#2137);
#2038=SURFACE_STYLE_USAGE(.BOTH.,#2138);
#2039=SURFACE_STYLE_USAGE(.BOTH.,#2139);
#2040=SURFACE_STYLE_USAGE(.BOTH.,#2140);
#2041=SURFACE_STYLE_USAGE(.BOTH.,#2141);
#2042=SURFACE_STYLE_USAGE(.BOTH.,#2142);
#2043=SURFACE_STYLE_USAGE(.BOTH.,#2143);
#2044=SURFACE_STYLE_USAGE(.BOTH.,#2144);
#2045=SURFACE_STYLE_USAGE(.BOTH.,#2145);
#2046=SURFACE_STYLE_USAGE(.BOTH.,#2146);
#2047=SURFACE_STYLE_USAGE(.BOTH.,#2147);
#2048=SURFACE_STYLE_USAGE(.BOTH.,#2148);
#2049=SURFACE_STYLE_USAGE(.BOTH.,#2149);
#2050=SURFACE_STYLE_USAGE(.BOTH.,#2150);
#2051=SURFACE_STYLE_USAGE(.BOTH.,#2151);
#2052=SURFACE_STYLE_USAGE(.BOTH.,#2152);
#2053=SURFACE_STYLE_USAGE(.BOTH.,#2153);
#2054=SURFACE_STYLE_USAGE(.BOTH.,#2154);
#2055=SURFACE_STYLE_USAGE(.BOTH.,#2155);
#2056=SURFACE_STYLE_USAGE(.BOTH.,#2156);
#2057=SURFACE_STYLE_USAGE(.BOTH.,#2157);
#2058=SURFACE_STYLE_USAGE(.BOTH.,#2158);
#2059=SURFACE_STYLE_USAGE(.BOTH.,#2159);
#2060=SURFACE_STYLE_USAGE(.BOTH.,#2160);
#2061=SURFACE_STYLE_USAGE(.BOTH.,#2161);
#2062=SURFACE_STYLE_USAGE(.BOTH.,#2162);
#2063=SURFACE_STYLE_USAGE(.BOTH.,#2163);
#2064=SURFACE_STYLE_USAGE(.BOTH.,#2164);
#2065=SURFACE_STYLE_USAGE(.BOTH.,#2165);
#2066=SURFACE_STYLE_USAGE(.BOTH.,#2166);
#2067=SURFACE_STYLE_USAGE(.BOTH.,#2167);
#2068=SURFACE_STYLE_USAGE(.BOTH.,#2168);
#2069=SURFACE_STYLE_USAGE(.BOTH.,#2169);
#2070=SURFACE_STYLE_USAGE(.BOTH.,#2170);
#2071=SURFACE_STYLE_USAGE(.BOTH.,#2171);
#2072=SURFACE_STYLE_USAGE(.BOTH.,#2172);
#2073=SURFACE_STYLE_USAGE(.BOTH.,#2173);
#2074=SURFACE_STYLE_USAGE(.BOTH.,#2174);
#2075=SURFACE_STYLE_USAGE(.BOTH.,#2175);
#2076=SURFACE_STYLE_USAGE(.BOTH.,#2176);
#2077=SURFACE_STYLE_USAGE(.BOTH.,#2177);
#2078=SURFACE_STYLE_USAGE(.BOTH.,#2178);
#2079=SURFACE_STYLE_USAGE(.BOTH.,#2179);
#2080=SURFACE_STYLE_USAGE(.BOTH.,#2180);
#2081=SURFACE_STYLE_USAGE(.BOTH.,#2181);
#2082=SURFACE_STYLE_USAGE(.BOTH.,#2182);
#2083=SURFACE_STYLE_USAGE(.BOTH.,#2183);
#2084=SURFACE_STYLE_USAGE(.BOTH.,#2184);
#2085=SURFACE_STYLE_USAGE(.BOTH.,#2185);
#2086=SURFACE_STYLE_USAGE(.BOTH.,#2186);
#2087=SURFACE_STYLE_USAGE(.BOTH.,#2187);
#2088=SURFACE_STYLE_USAGE(.BOTH.,#2188);
#2089=SURFACE_STYLE_USAGE(.BOTH.,#2189);
#2090=SURFACE_STYLE_USAGE(.BOTH.,#2190);
#2091=SURFACE_STYLE_USAGE(.BOTH.,#2191);
#2092=SURFACE_STYLE_USAGE(.BOTH.,#2192);
#2093=SURFACE_STYLE_USAGE(.BOTH.,#2193);
#2094=SURFACE_STYLE_USAGE(.BOTH.,#2194);
#2095=SURFACE_STYLE_USAGE(.BOTH.,#2195);
#2096=SURFACE_STYLE_USAGE(.BOTH.,#2196);
#2097=SURFACE_STYLE_USAGE(.BOTH.,#2197);
#2098=SURFACE_STYLE_USAGE(.BOTH.,#2198);
#2099=SURFACE_STYLE_USAGE(.BOTH.,#2199);
#2100=SURFACE_STYLE_USAGE(.BOTH.,#2200);
#2101=SURFACE_STYLE_USAGE(.BOTH.,#2201);
#2102=SURFACE_STYLE_USAGE(.BOTH.,#2202);
#2103=SURFACE_STYLE_USAGE(.BOTH.,#2203);
#2104=SURFACE_STYLE_USAGE(.BOTH.,#2204);
#2105=SURFACE_STYLE_USAGE(.BOTH.,#2205);
#2106=SURFACE_STYLE_USAGE(.BOTH.,#2206);
#2107=SURFACE_STYLE_USAGE(.BOTH.,#2207);
#2108=SURFACE_STYLE_USAGE(.BOTH.,#2208);
#2109=SURFACE_STYLE_USAGE(.BOTH.,#2209);
#2110=SURFACE_STYLE_USAGE(.BOTH.,#2210);
#2111=SURFACE_STYLE_USAGE(.BOTH.,#2211);
#2112=SURFACE_STYLE_USAGE(.BOTH.,#2212);
#2113=SURFACE_STYLE_USAGE(.BOTH.,#2213);
#2114=SURFACE_STYLE_USAGE(.BOTH.,#2214);
#2115=SURFACE_STYLE_USAGE(.BOTH.,#2215);
#2116=SURFACE_STYLE_USAGE(.BOTH.,#2216);
#2117=SURFACE_STYLE_USAGE(.BOTH.,#2217);
#2118=SURFACE_SIDE_STYLE('',(#2218));
#2119=SURFACE_SIDE_STYLE('',(#2219));
#2120=SURFACE_SIDE_STYLE('',(#2220));
#2121=SURFACE_SIDE_STYLE('',(#2221,#27));
#2122=SURFACE_SIDE_STYLE('',(#2222));
#2123=SURFACE_SIDE_STYLE('',(#2223));
#2124=SURFACE_SIDE_STYLE('',(#2224));
#2125=SURFACE_SIDE_STYLE('',(#2225));
#2126=SURFACE_SIDE_STYLE('',(#2226));
#2127=SURFACE_SIDE_STYLE('',(#2227));
#2128=SURFACE_SIDE_STYLE('',(#2228));
#2129=SURFACE_SIDE_STYLE('',(#2229));
#2130=SURFACE_SIDE_STYLE('',(#2230));
#2131=SURFACE_SIDE_STYLE('',(#2231));
#2132=SURFACE_SIDE_STYLE('',(#2232));
#2133=SURFACE_SIDE_STYLE('',(#2233));
#2134=SURFACE_SIDE_STYLE('',(#2234,#28));
#2135=SURFACE_SIDE_STYLE('',(#2235,#29));
#2136=SURFACE_SIDE_STYLE('',(#2236,#30));
#2137=SURFACE_SIDE_STYLE('',(#2237));
#2138=SURFACE_SIDE_STYLE('',(#2238,#31));
#2139=SURFACE_SIDE_STYLE('',(#2239));
#2140=SURFACE_SIDE_STYLE('',(#2240));
#2141=SURFACE_SIDE_STYLE('',(#2241));
#2142=SURFACE_SIDE_STYLE('',(#2242));
#2143=SURFACE_SIDE_STYLE('',(#2243));
#2144=SURFACE_SIDE_STYLE('',(#2244));
#2145=SURFACE_SIDE_STYLE('',(#2245));
#2146=SURFACE_SIDE_STYLE('',(#2246));
#2147=SURFACE_SIDE_STYLE('',(#2247));
#2148=SURFACE_SIDE_STYLE('',(#2248));
#2149=SURFACE_SIDE_STYLE('',(#2249));
#2150=SURFACE_SIDE_STYLE('',(#2250));
#2151=SURFACE_SIDE_STYLE('',(#2251));
#2152=SURFACE_SIDE_STYLE('',(#2252));
#2153=SURFACE_SIDE_STYLE('',(#2253));
#2154=SURFACE_SIDE_STYLE('',(#2254));
#2155=SURFACE_SIDE_STYLE('',(#2255));
#2156=SURFACE_SIDE_STYLE('',(#2256));
#2157=SURFACE_SIDE_STYLE('',(#2257));
#2158=SURFACE_SIDE_STYLE('',(#2258));
#2159=SURFACE_SIDE_STYLE('',(#2259));
#2160=SURFACE_SIDE_STYLE('',(#2260));
#2161=SURFACE_SIDE_STYLE('',(#2261));
#2162=SURFACE_SIDE_STYLE('',(#2262));
#2163=SURFACE_SIDE_STYLE('',(#2263));
#2164=SURFACE_SIDE_STYLE('',(#2264));
#2165=SURFACE_SIDE_STYLE('',(#2265));
#2166=SURFACE_SIDE_STYLE('',(#2266));
#2167=SURFACE_SIDE_STYLE('',(#2267));
#2168=SURFACE_SIDE_STYLE('',(#2268));
#2169=SURFACE_SIDE_STYLE('',(#2269));
#2170=SURFACE_SIDE_STYLE('',(#2270));
#2171=SURFACE_SIDE_STYLE('',(#2271));
#2172=SURFACE_SIDE_STYLE('',(#2272));
#2173=SURFACE_SIDE_STYLE('',(#2273));
#2174=SURFACE_SIDE_STYLE('',(#2274));
#2175=SURFACE_SIDE_STYLE('',(#2275));
#2176=SURFACE_SIDE_STYLE('',(#2276));
#2177=SURFACE_SIDE_STYLE('',(#2277));
#2178=SURFACE_SIDE_STYLE('',(#2278));
#2179=SURFACE_SIDE_STYLE('',(#2279));
#2180=SURFACE_SIDE_STYLE('',(#2280));
#2181=SURFACE_SIDE_STYLE('',(#2281));
#2182=SURFACE_SIDE_STYLE('',(#2282));
#2183=SURFACE_SIDE_STYLE('',(#2283));
#2184=SURFACE_SIDE_STYLE('',(#2284));
#2185=SURFACE_SIDE_STYLE('',(#2285));
#2186=SURFACE_SIDE_STYLE('',(#2286));
#2187=SURFACE_SIDE_STYLE('',(#2287));
#2188=SURFACE_SIDE_STYLE('',(#2288));
#2189=SURFACE_SIDE_STYLE('',(#2289));
#2190=SURFACE_SIDE_STYLE('',(#2290));
#2191=SURFACE_SIDE_STYLE('',(#2291));
#2192=SURFACE_SIDE_STYLE('',(#2292));
#2193=SURFACE_SIDE_STYLE('',(#2293));
#2194=SURFACE_SIDE_STYLE('',(#2294));
#2195=SURFACE_SIDE_STYLE('',(#2295));
#2196=SURFACE_SIDE_STYLE('',(#2296));
#2197=SURFACE_SIDE_STYLE('',(#2297));
#2198=SURFACE_SIDE_STYLE('',(#2298));
#2199=SURFACE_SIDE_STYLE('',(#2299));
#2200=SURFACE_SIDE_STYLE('',(#2300));
#2201=SURFACE_SIDE_STYLE('',(#2301));
#2202=SURFACE_SIDE_STYLE('',(#2302));
#2203=SURFACE_SIDE_STYLE('',(#2303));
#2204=SURFACE_SIDE_STYLE('',(#2304));
#2205=SURFACE_SIDE_STYLE('',(#2305));
#2206=SURFACE_SIDE_STYLE('',(#2306));
#2207=SURFACE_SIDE_STYLE('',(#2307));
#2208=SURFACE_SIDE_STYLE('',(#2308));
#2209=SURFACE_SIDE_STYLE('',(#2309));
#2210=SURFACE_SIDE_STYLE('',(#2310));
#2211=SURFACE_SIDE_STYLE('',(#2311));
#2212=SURFACE_SIDE_STYLE('',(#2312));
#2213=SURFACE_SIDE_STYLE('',(#2313));
#2214=SURFACE_SIDE_STYLE('',(#2314));
#2215=SURFACE_SIDE_STYLE('',(#2315));
#2216=SURFACE_SIDE_STYLE('',(#2316));
#2217=SURFACE_SIDE_STYLE('',(#2317));
#2218=SURFACE_STYLE_FILL_AREA(#2318);
#2219=SURFACE_STYLE_FILL_AREA(#2319);
#2220=SURFACE_STYLE_FILL_AREA(#2320);
#2221=SURFACE_STYLE_FILL_AREA(#2321);
#2222=SURFACE_STYLE_FILL_AREA(#2322);
#2223=SURFACE_STYLE_FILL_AREA(#2323);
#2224=SURFACE_STYLE_FILL_AREA(#2324);
#2225=SURFACE_STYLE_FILL_AREA(#2325);
#2226=SURFACE_STYLE_FILL_AREA(#2326);
#2227=SURFACE_STYLE_FILL_AREA(#2327);
#2228=SURFACE_STYLE_FILL_AREA(#2328);
#2229=SURFACE_STYLE_FILL_AREA(#2329);
#2230=SURFACE_STYLE_FILL_AREA(#2330);
#2231=SURFACE_STYLE_FILL_AREA(#2331);
#2232=SURFACE_STYLE_FILL_AREA(#2332);
#2233=SURFACE_STYLE_FILL_AREA(#2333);
#2234=SURFACE_STYLE_FILL_AREA(#2334);
#2235=SURFACE_STYLE_FILL_AREA(#2335);
#2236=SURFACE_STYLE_FILL_AREA(#2336);
#2237=SURFACE_STYLE_FILL_AREA(#2337);
#2238=SURFACE_STYLE_FILL_AREA(#2338);
#2239=SURFACE_STYLE_FILL_AREA(#2339);
#2240=SURFACE_STYLE_FILL_AREA(#2340);
#2241=SURFACE_STYLE_FILL_AREA(#2341);
#2242=SURFACE_STYLE_FILL_AREA(#2342);
#2243=SURFACE_STYLE_FILL_AREA(#2343);
#2244=SURFACE_STYLE_FILL_AREA(#2344);
#2245=SURFACE_STYLE_FILL_AREA(#2345);
#2246=SURFACE_STYLE_FILL_AREA(#2346);
#2247=SURFACE_STYLE_FILL_AREA(#2347);
#2248=SURFACE_STYLE_FILL_AREA(#2348);
#2249=SURFACE_STYLE_FILL_AREA(#2349);
#2250=SURFACE_STYLE_FILL_AREA(#2350);
#2251=SURFACE_STYLE_FILL_AREA(#2351);
#2252=SURFACE_STYLE_FILL_AREA(#2352);
#2253=SURFACE_STYLE_FILL_AREA(#2353);
#2254=SURFACE_STYLE_FILL_AREA(#2354);
#2255=SURFACE_STYLE_FILL_AREA(#2355);
#2256=SURFACE_STYLE_FILL_AREA(#2356);
#2257=SURFACE_STYLE_FILL_AREA(#2357);
#2258=SURFACE_STYLE_FILL_AREA(#2358);
#2259=SURFACE_STYLE_FILL_AREA(#2359);
#2260=SURFACE_STYLE_FILL_AREA(#2360);
#2261=SURFACE_STYLE_FILL_AREA(#2361);
#2262=SURFACE_STYLE_FILL_AREA(#2362);
#2263=SURFACE_STYLE_FILL_AREA(#2363);
#2264=SURFACE_STYLE_FILL_AREA(#2364);
#2265=SURFACE_STYLE_FILL_AREA(#2365);
#2266=SURFACE_STYLE_FILL_AREA(#2366);
#2267=SURFACE_STYLE_FILL_AREA(#2367);
#2268=SURFACE_STYLE_FILL_AREA(#2368);
#2269=SURFACE_STYLE_FILL_AREA(#2369);
#2270=SURFACE_STYLE_FILL_AREA(#2370);
#2271=SURFACE_STYLE_FILL_AREA(#2371);
#2272=SURFACE_STYLE_FILL_AREA(#2372);
#2273=SURFACE_STYLE_FILL_AREA(#2373);
#2274=SURFACE_STYLE_FILL_AREA(#2374);
#2275=SURFACE_STYLE_FILL_AREA(#2375);
#2276=SURFACE_STYLE_FILL_AREA(#2376);
#2277=SURFACE_STYLE_FILL_AREA(#2377);
#2278=SURFACE_STYLE_FILL_AREA(#2378);
#2279=SURFACE_STYLE_FILL_AREA(#2379);
#2280=SURFACE_STYLE_FILL_AREA(#2380);
#2281=SURFACE_STYLE_FILL_AREA(#2381);
#2282=SURFACE_STYLE_FILL_AREA(#2382);
#2283=SURFACE_STYLE_FILL_AREA(#2383);
#2284=SURFACE_STYLE_FILL_AREA(#2384);
#2285=SURFACE_STYLE_FILL_AREA(#2385);
#2286=SURFACE_STYLE_FILL_AREA(#2386);
#2287=SURFACE_STYLE_FILL_AREA(#2387);
#2288=SURFACE_STYLE_FILL_AREA(#2388);
#2289=SURFACE_STYLE_FILL_AREA(#2389);
#2290=SURFACE_STYLE_FILL_AREA(#2390);
#2291=SURFACE_STYLE_FILL_AREA(#2391);
#2292=SURFACE_STYLE_FILL_AREA(#2392);
#2293=SURFACE_STYLE_FILL_AREA(#2393);
#2294=SURFACE_STYLE_FILL_AREA(#2394);
#2295=SURFACE_STYLE_FILL_AREA(#2395);
#2296=SURFACE_STYLE_FILL_AREA(#2396);
#2297=SURFACE_STYLE_FILL_AREA(#2397);
#2298=SURFACE_STYLE_FILL_AREA(#2398);
#2299=SURFACE_STYLE_FILL_AREA(#2399);
#2300=SURFACE_STYLE_FILL_AREA(#2400);
#2301=SURFACE_STYLE_FILL_AREA(#2401);
#2302=SURFACE_STYLE_FILL_AREA(#2402);
#2303=SURFACE_STYLE_FILL_AREA(#2403);
#2304=SURFACE_STYLE_FILL_AREA(#2404);
#2305=SURFACE_STYLE_FILL_AREA(#2405);
#2306=SURFACE_STYLE_FILL_AREA(#2406);
#2307=SURFACE_STYLE_FILL_AREA(#2407);
#2308=SURFACE_STYLE_FILL_AREA(#2408);
#2309=SURFACE_STYLE_FILL_AREA(#2409);
#2310=SURFACE_STYLE_FILL_AREA(#2410);
#2311=SURFACE_STYLE_FILL_AREA(#2411);
#2312=SURFACE_STYLE_FILL_AREA(#2412);
#2313=SURFACE_STYLE_FILL_AREA(#2413);
#2314=SURFACE_STYLE_FILL_AREA(#2414);
#2315=SURFACE_STYLE_FILL_AREA(#2415);
#2316=SURFACE_STYLE_FILL_AREA(#2416);
#2317=SURFACE_STYLE_FILL_AREA(#2417);
#2318=FILL_AREA_STYLE('',(#2418));
#2319=FILL_AREA_STYLE('',(#2419));
#2320=FILL_AREA_STYLE('',(#2420));
#2321=FILL_AREA_STYLE('',(#2421));
#2322=FILL_AREA_STYLE('',(#2422));
#2323=FILL_AREA_STYLE('',(#2423));
#2324=FILL_AREA_STYLE('',(#2424));
#2325=FILL_AREA_STYLE('',(#2425));
#2326=FILL_AREA_STYLE('',(#2426));
#2327=FILL_AREA_STYLE('',(#2427));
#2328=FILL_AREA_STYLE('',(#2428));
#2329=FILL_AREA_STYLE('',(#2429));
#2330=FILL_AREA_STYLE('',(#2430));
#2331=FILL_AREA_STYLE('',(#2431));
#2332=FILL_AREA_STYLE('',(#2432));
#2333=FILL_AREA_STYLE('',(#2433));
#2334=FILL_AREA_STYLE('',(#2434));
#2335=FILL_AREA_STYLE('',(#2435));
#2336=FILL_AREA_STYLE('',(#2436));
#2337=FILL_AREA_STYLE('',(#2437));
#2338=FILL_AREA_STYLE('',(#2438));
#2339=FILL_AREA_STYLE('',(#2439));
#2340=FILL_AREA_STYLE('',(#2440));
#2341=FILL_AREA_STYLE('',(#2441));
#2342=FILL_AREA_STYLE('',(#2442));
#2343=FILL_AREA_STYLE('',(#2443));
#2344=FILL_AREA_STYLE('',(#2444));
#2345=FILL_AREA_STYLE('',(#2445));
#2346=FILL_AREA_STYLE('',(#2446));
#2347=FILL_AREA_STYLE('',(#2447));
#2348=FILL_AREA_STYLE('',(#2448));
#2349=FILL_AREA_STYLE('',(#2449));
#2350=FILL_AREA_STYLE('',(#2450));
#2351=FILL_AREA_STYLE('',(#2451));
#2352=FILL_AREA_STYLE('',(#2452));
#2353=FILL_AREA_STYLE('',(#2453));
#2354=FILL_AREA_STYLE('',(#2454));
#2355=FILL_AREA_STYLE('',(#2455));
#2356=FILL_AREA_STYLE('',(#2456));
#2357=FILL_AREA_STYLE('',(#2457));
#2358=FILL_AREA_STYLE('',(#2458));
#2359=FILL_AREA_STYLE('',(#2459));
#2360=FILL_AREA_STYLE('',(#2460));
#2361=FILL_AREA_STYLE('',(#2461));
#2362=FILL_AREA_STYLE('',(#2462));
#2363=FILL_AREA_STYLE('',(#2463));
#2364=FILL_AREA_STYLE('',(#2464));
#2365=FILL_AREA_STYLE('',(#2465));
#2366=FILL_AREA_STYLE('',(#2466));
#2367=FILL_AREA_STYLE('',(#2467));
#2368=FILL_AREA_STYLE('',(#2468));
#2369=FILL_AREA_STYLE('',(#2469));
#2370=FILL_AREA_STYLE('',(#2470));
#2371=FILL_AREA_STYLE('',(#2471));
#2372=FILL_AREA_STYLE('',(#2472));
#2373=FILL_AREA_STYLE('',(#2473));
#2374=FILL_AREA_STYLE('',(#2474));
#2375=FILL_AREA_STYLE('',(#2475));
#2376=FILL_AREA_STYLE('',(#2476));
#2377=FILL_AREA_STYLE('',(#2477));
#2378=FILL_AREA_STYLE('',(#2478));
#2379=FILL_AREA_STYLE('',(#2479));
#2380=FILL_AREA_STYLE('',(#2480));
#2381=FILL_AREA_STYLE('',(#2481));
#2382=FILL_AREA_STYLE('',(#2482));
#2383=FILL_AREA_STYLE('',(#2483));
#2384=FILL_AREA_STYLE('',(#2484));
#2385=FILL_AREA_STYLE('',(#2485));
#2386=FILL_AREA_STYLE('',(#2486));
#2387=FILL_AREA_STYLE('',(#2487));
#2388=FILL_AREA_STYLE('',(#2488));
#2389=FILL_AREA_STYLE('',(#2489));
#2390=FILL_AREA_STYLE('',(#2490));
#2391=FILL_AREA_STYLE('',(#2491));
#2392=FILL_AREA_STYLE('',(#2492));
#2393=FILL_AREA_STYLE('',(#2493));
#2394=FILL_AREA_STYLE('',(#2494));
#2395=FILL_AREA_STYLE('',(#2495));
#2396=FILL_AREA_STYLE('',(#2496));
#2397=FILL_AREA_STYLE('',(#2497));
#2398=FILL_AREA_STYLE('',(#2498));
#2399=FILL_AREA_STYLE('',(#2499));
#2400=FILL_AREA_STYLE('',(#2500));
#2401=FILL_AREA_STYLE('',(#2501));
#2402=FILL_AREA_STYLE('',(#2502));
#2403=FILL_AREA_STYLE('',(#2503));
#2404=FILL_AREA_STYLE('',(#2504));
#2405=FILL_AREA_STYLE('',(#2505));
#2406=FILL_AREA_STYLE('',(#2506));
#2407=FILL_AREA_STYLE('',(#2507));
#2408=FILL_AREA_STYLE('',(#2508));
#2409=FILL_AREA_STYLE('',(#2509));
#2410=FILL_AREA_STYLE('',(#2510));
#2411=FILL_AREA_STYLE('',(#2511));
#2412=FILL_AREA_STYLE('',(#2512));
#2413=FILL_AREA_STYLE('',(#2513));
#2414=FILL_AREA_STYLE('',(#2514));
#2415=FILL_AREA_STYLE('',(#2515));
#2416=FILL_AREA_STYLE('',(#2516));
#2417=FILL_AREA_STYLE('',(#2517));
#2418=FILL_AREA_STYLE_COLOUR('',#2518);
#2419=FILL_AREA_STYLE_COLOUR('',#2519);
#2420=FILL_AREA_STYLE_COLOUR('',#2520);
#2421=FILL_AREA_STYLE_COLOUR('',#2521);
#2422=FILL_AREA_STYLE_COLOUR('',#2519);
#2423=FILL_AREA_STYLE_COLOUR('',#2519);
#2424=FILL_AREA_STYLE_COLOUR('',#2520);
#2425=FILL_AREA_STYLE_COLOUR('',#2520);
#2426=FILL_AREA_STYLE_COLOUR('',#2520);
#2427=FILL_AREA_STYLE_COLOUR('',#2519);
#2428=FILL_AREA_STYLE_COLOUR('',#2519);
#2429=FILL_AREA_STYLE_COLOUR('',#2519);
#2430=FILL_AREA_STYLE_COLOUR('',#2519);
#2431=FILL_AREA_STYLE_COLOUR('',#2519);
#2432=FILL_AREA_STYLE_COLOUR('',#2519);
#2433=FILL_AREA_STYLE_COLOUR('',#2519);
#2434=FILL_AREA_STYLE_COLOUR('',#2521);
#2435=FILL_AREA_STYLE_COLOUR('',#2521);
#2436=FILL_AREA_STYLE_COLOUR('',#2521);
#2437=FILL_AREA_STYLE_COLOUR('',#2522);
#2438=FILL_AREA_STYLE_COLOUR('',#2521);
#2439=FILL_AREA_STYLE_COLOUR('',#2520);
#2440=FILL_AREA_STYLE_COLOUR('',#2520);
#2441=FILL_AREA_STYLE_COLOUR('',#2523);
#2442=FILL_AREA_STYLE_COLOUR('',#2520);
#2443=FILL_AREA_STYLE_COLOUR('',#2520);
#2444=FILL_AREA_STYLE_COLOUR('',#2520);
#2445=FILL_AREA_STYLE_COLOUR('',#2519);
#2446=FILL_AREA_STYLE_COLOUR('',#2519);
#2447=FILL_AREA_STYLE_COLOUR('',#2519);
#2448=FILL_AREA_STYLE_COLOUR('',#2519);
#2449=FILL_AREA_STYLE_COLOUR('',#2519);
#2450=FILL_AREA_STYLE_COLOUR('',#2519);
#2451=FILL_AREA_STYLE_COLOUR('',#2519);
#2452=FILL_AREA_STYLE_COLOUR('',#2519);
#2453=FILL_AREA_STYLE_COLOUR('',#2520);
#2454=FILL_AREA_STYLE_COLOUR('',#2524);
#2455=FILL_AREA_STYLE_COLOUR('',#2520);
#2456=FILL_AREA_STYLE_COLOUR('',#2524);
#2457=FILL_AREA_STYLE_COLOUR('',#2525);
#2458=FILL_AREA_STYLE_COLOUR('',#2525);
#2459=FILL_AREA_STYLE_COLOUR('',#2525);
#2460=FILL_AREA_STYLE_COLOUR('',#2525);
#2461=FILL_AREA_STYLE_COLOUR('',#2525);
#2462=FILL_AREA_STYLE_COLOUR('',#2526);
#2463=FILL_AREA_STYLE_COLOUR('',#2526);
#2464=FILL_AREA_STYLE_COLOUR('',#2526);
#2465=FILL_AREA_STYLE_COLOUR('',#2526);
#2466=FILL_AREA_STYLE_COLOUR('',#2526);
#2467=FILL_AREA_STYLE_COLOUR('',#2527);
#2468=FILL_AREA_STYLE_COLOUR('',#2522);
#2469=FILL_AREA_STYLE_COLOUR('',#2522);
#2470=FILL_AREA_STYLE_COLOUR('',#2522);
#2471=FILL_AREA_STYLE_COLOUR('',#2519);
#2472=FILL_AREA_STYLE_COLOUR('',#2519);
#2473=FILL_AREA_STYLE_COLOUR('',#2519);
#2474=FILL_AREA_STYLE_COLOUR('',#2519);
#2475=FILL_AREA_STYLE_COLOUR('',#2519);
#2476=FILL_AREA_STYLE_COLOUR('',#2519);
#2477=FILL_AREA_STYLE_COLOUR('',#2519);
#2478=FILL_AREA_STYLE_COLOUR('',#2519);
#2479=FILL_AREA_STYLE_COLOUR('',#2519);
#2480=FILL_AREA_STYLE_COLOUR('',#2519);
#2481=FILL_AREA_STYLE_COLOUR('',#2528);
#2482=FILL_AREA_STYLE_COLOUR('',#2528);
#2483=FILL_AREA_STYLE_COLOUR('',#2528);
#2484=FILL_AREA_STYLE_COLOUR('',#2528);
#2485=FILL_AREA_STYLE_COLOUR('',#2529);
#2486=FILL_AREA_STYLE_COLOUR('',#2528);
#2487=FILL_AREA_STYLE_COLOUR('',#2528);
#2488=FILL_AREA_STYLE_COLOUR('',#2519);
#2489=FILL_AREA_STYLE_COLOUR('',#2520);
#2490=FILL_AREA_STYLE_COLOUR('',#2520);
#2491=FILL_AREA_STYLE_COLOUR('',#2520);
#2492=FILL_AREA_STYLE_COLOUR('',#12);
#2493=FILL_AREA_STYLE_COLOUR('',#2520);
#2494=FILL_AREA_STYLE_COLOUR('',#2520);
#2495=FILL_AREA_STYLE_COLOUR('',#2526);
#2496=FILL_AREA_STYLE_COLOUR('',#2526);
#2497=FILL_AREA_STYLE_COLOUR('',#2526);
#2498=FILL_AREA_STYLE_COLOUR('',#2526);
#2499=FILL_AREA_STYLE_COLOUR('',#13);
#2500=FILL_AREA_STYLE_COLOUR('',#2520);
#2501=FILL_AREA_STYLE_COLOUR('',#2520);
#2502=FILL_AREA_STYLE_COLOUR('',#2519);
#2503=FILL_AREA_STYLE_COLOUR('',#2519);
#2504=FILL_AREA_STYLE_COLOUR('',#2527);
#2505=FILL_AREA_STYLE_COLOUR('',#2519);
#2506=FILL_AREA_STYLE_COLOUR('',#2530);
#2507=FILL_AREA_STYLE_COLOUR('',#2519);
#2508=FILL_AREA_STYLE_COLOUR('',#2519);
#2509=FILL_AREA_STYLE_COLOUR('',#2530);
#2510=FILL_AREA_STYLE_COLOUR('',#2519);
#2511=FILL_AREA_STYLE_COLOUR('',#2527);
#2512=FILL_AREA_STYLE_COLOUR('',#2519);
#2513=FILL_AREA_STYLE_COLOUR('',#2519);
#2514=FILL_AREA_STYLE_COLOUR('',#2526);
#2515=FILL_AREA_STYLE_COLOUR('',#2526);
#2516=FILL_AREA_STYLE_COLOUR('',#2526);
#2517=FILL_AREA_STYLE_COLOUR('',#2526);
#2518=COLOUR_RGB('',0.615686274509804,0.811764705882353,0.929411764705882);
#2519=COLOUR_RGB('',0.301960784313725,0.301960784313725,0.301960784313725);
#2520=COLOUR_RGB('',0.8,0.8,0.8);
#2521=COLOUR_RGB('',0.231372549019608,0.380392156862745,0.705882352941177);
#2522=COLOUR_RGB('',0.901960784313726,0.87843137254902,0.811764705882353);
#2523=COLOUR_RGB('',0.756862745098039,0.462745098039216,0.109803921568627);
#2524=COLOUR_RGB('',0.980392156862745,0.713725490196078,0.00392156862745098);
#2525=COLOUR_RGB('',0.0862745098039216,0.32156862745098,0.580392156862745);
#2526=COLOUR_RGB('',0.901960784313726,0.901960784313726,0.901960784313726);
#2527=COLOUR_RGB('',0.647058823529412,0.647058823529412,0.647058823529412);
#2528=COLOUR_RGB('',0.447058823529412,0.243137254901961,0.);
#2529=COLOUR_RGB('',0.96078431372549,0.835294117647059,0.470588235294118);
#2530=COLOUR_RGB('',0.913725490196078,0.647058823529412,0.329411764705883);
#2531=MANIFOLD_SOLID_BREP('Chassis & Electronics',#1916);
#2532=SHAPE_DEFINITION_REPRESENTATION(#3676,#2533);
#2533=SHAPE_REPRESENTATION('Chassis & Electronics',(#2534),#3671);
#2534=AXIS2_PLACEMENT_3D('',#3157,#2670,#2671);
#2535=AXIS2_PLACEMENT_3D('',#3158,#2672,#2673);
#2536=AXIS2_PLACEMENT_3D('',#3174,#2681,#2682);
#2537=AXIS2_PLACEMENT_3D('',#3178,#2684,#2685);
#2538=AXIS2_PLACEMENT_3D('',#3182,#2687,#2688);
#2539=AXIS2_PLACEMENT_3D('',#3186,#2690,#2691);
#2540=AXIS2_PLACEMENT_3D('',#3191,#2694,#2695);
#2541=AXIS2_PLACEMENT_3D('',#3200,#2700,#2701);
#2542=AXIS2_PLACEMENT_3D('',#3209,#2706,#2707);
#2543=AXIS2_PLACEMENT_3D('',#3238,#2722,#2723);
#2544=AXIS2_PLACEMENT_3D('',#3245,#2728,#2729);
#2545=AXIS2_PLACEMENT_3D('',#3246,#2730,#2731);
#2546=AXIS2_PLACEMENT_3D('',#3251,#2733,#2734);
#2547=AXIS2_PLACEMENT_3D('',#3257,#2737,#2738);
#2548=AXIS2_PLACEMENT_3D('',#3260,#2740,#2741);
#2549=AXIS2_PLACEMENT_3D('',#3261,#2742,#2743);
#2550=AXIS2_PLACEMENT_3D('',#3266,#2745,#2746);
#2551=AXIS2_PLACEMENT_3D('',#3269,#2748,#2749);
#2552=AXIS2_PLACEMENT_3D('',#3270,#2750,#2751);
#2553=AXIS2_PLACEMENT_3D('',#3275,#2753,#2754);
#2554=AXIS2_PLACEMENT_3D('',#3281,#2757,#2758);
#2555=AXIS2_PLACEMENT_3D('',#3284,#2760,#2761);
#2556=AXIS2_PLACEMENT_3D('',#3309,#2776,#2777);
#2557=AXIS2_PLACEMENT_3D('',#3312,#2780,#2781);
#2558=AXIS2_PLACEMENT_3D('',#3314,#2783,#2784);
#2559=AXIS2_PLACEMENT_3D('',#3316,#2786,#2787);
#2560=AXIS2_PLACEMENT_3D('',#3319,#2790,#2791);
#2561=AXIS2_PLACEMENT_3D('',#3337,#2803,#2804);
#2562=AXIS2_PLACEMENT_3D('',#3339,#2806,#2807);
#2563=AXIS2_PLACEMENT_3D('',#3347,#2812,#2813);
#2564=AXIS2_PLACEMENT_3D('',#3351,#2816,#2817);
#2565=AXIS2_PLACEMENT_3D('',#3357,#2821,#2822);
#2566=AXIS2_PLACEMENT_3D('',#3368,#2829,#2830);
#2567=AXIS2_PLACEMENT_3D('',#3369,#2831,#2832);
#2568=AXIS2_PLACEMENT_3D('',#3371,#2834,#2835);
#2569=AXIS2_PLACEMENT_3D('',#3373,#2837,#2838);
#2570=AXIS2_PLACEMENT_3D('',#3388,#2847,#2848);
#2571=AXIS2_PLACEMENT_3D('',#3389,#2849,#2850);
#2572=AXIS2_PLACEMENT_3D('',#3393,#2852,#2853);
#2573=AXIS2_PLACEMENT_3D('',#3394,#2854,#2855);
#2574=AXIS2_PLACEMENT_3D('',#3397,#2857,#2858);
#2575=AXIS2_PLACEMENT_3D('',#3402,#2862,#2863);
#2576=AXIS2_PLACEMENT_3D('',#3403,#2864,#2865);
#2577=AXIS2_PLACEMENT_3D('',#3404,#2866,#2867);
#2578=AXIS2_PLACEMENT_3D('',#3405,#2868,#2869);
#2579=AXIS2_PLACEMENT_3D('',#3406,#2870,#2871);
#2580=AXIS2_PLACEMENT_3D('',#3407,#2872,#2873);
#2581=AXIS2_PLACEMENT_3D('',#3409,#2874,#2875);
#2582=AXIS2_PLACEMENT_3D('',#3410,#2876,#2877);
#2583=AXIS2_PLACEMENT_3D('',#3411,#2878,#2879);
#2584=AXIS2_PLACEMENT_3D('',#3412,#2880,#2881);
#2585=AXIS2_PLACEMENT_3D('',#3413,#2882,#2883);
#2586=AXIS2_PLACEMENT_3D('',#3414,#2884,#2885);
#2587=AXIS2_PLACEMENT_3D('',#3415,#2886,#2887);
#2588=AXIS2_PLACEMENT_3D('',#3417,#2888,#2889);
#2589=AXIS2_PLACEMENT_3D('',#3418,#2890,#2891);
#2590=AXIS2_PLACEMENT_3D('',#3419,#2892,#2893);
#2591=AXIS2_PLACEMENT_3D('',#3420,#2894,#2895);
#2592=AXIS2_PLACEMENT_3D('',#3427,#2900,#2901);
#2593=AXIS2_PLACEMENT_3D('',#3429,#2903,#2904);
#2594=AXIS2_PLACEMENT_3D('',#3430,#2905,#2906);
#2595=AXIS2_PLACEMENT_3D('',#3432,#2908,#2909);
#2596=AXIS2_PLACEMENT_3D('',#3438,#2913,#2914);
#2597=AXIS2_PLACEMENT_3D('',#3442,#2917,#2918);
#2598=AXIS2_PLACEMENT_3D('',#3446,#2921,#2922);
#2599=AXIS2_PLACEMENT_3D('',#3448,#2924,#2925);
#2600=AXIS2_PLACEMENT_3D('',#3457,#2930,#2931);
#2601=AXIS2_PLACEMENT_3D('',#3463,#2935,#2936);
#2602=AXIS2_PLACEMENT_3D('',#3467,#2939,#2940);
#2603=AXIS2_PLACEMENT_3D('',#3471,#2943,#2944);
#2604=AXIS2_PLACEMENT_3D('',#3473,#2946,#2947);
#2605=AXIS2_PLACEMENT_3D('',#3474,#2948,#2949);
#2606=AXIS2_PLACEMENT_3D('',#3478,#2952,#2953);
#2607=AXIS2_PLACEMENT_3D('',#3486,#2958,#2959);
#2608=AXIS2_PLACEMENT_3D('',#3488,#2961,#2962);
#2609=AXIS2_PLACEMENT_3D('',#3491,#2965,#2966);
#2610=AXIS2_PLACEMENT_3D('',#3492,#2967,#2968);
#2611=AXIS2_PLACEMENT_3D('',#3494,#2969,#2970);
#2612=AXIS2_PLACEMENT_3D('',#3495,#2971,#2972);
#2613=AXIS2_PLACEMENT_3D('',#3497,#2973,#2974);
#2614=AXIS2_PLACEMENT_3D('',#3498,#2975,#2976);
#2615=AXIS2_PLACEMENT_3D('',#3499,#2977,#2978);
#2616=AXIS2_PLACEMENT_3D('',#3501,#2979,#2980);
#2617=AXIS2_PLACEMENT_3D('',#3503,#2981,#2982);
#2618=AXIS2_PLACEMENT_3D('',#3504,#2983,#2984);
#2619=AXIS2_PLACEMENT_3D('',#3505,#2985,#2986);
#2620=AXIS2_PLACEMENT_3D('',#3511,#2990,#2991);
#2621=AXIS2_PLACEMENT_3D('',#3517,#2995,#2996);
#2622=AXIS2_PLACEMENT_3D('',#3520,#2999,#3000);
#2623=AXIS2_PLACEMENT_3D('',#3521,#3001,#3002);
#2624=AXIS2_PLACEMENT_3D('',#3522,#3003,#3004);
#2625=AXIS2_PLACEMENT_3D('',#3525,#3006,#3007);
#2626=AXIS2_PLACEMENT_3D('',#3526,#3008,#3009);
#2627=AXIS2_PLACEMENT_3D('',#3529,#3011,#3012);
#2628=AXIS2_PLACEMENT_3D('',#3533,#3015,#3016);
#2629=AXIS2_PLACEMENT_3D('',#3534,#3017,#3018);
#2630=AXIS2_PLACEMENT_3D('',#3537,#3020,#3021);
#2631=AXIS2_PLACEMENT_3D('',#3541,#3024,#3025);
#2632=AXIS2_PLACEMENT_3D('',#3542,#3026,#3027);
#2633=AXIS2_PLACEMENT_3D('',#3545,#3029,#3030);
#2634=AXIS2_PLACEMENT_3D('',#3549,#3033,#3034);
#2635=AXIS2_PLACEMENT_3D('',#3553,#3036,#3037);
#2636=AXIS2_PLACEMENT_3D('',#3556,#3039,#3040);
#2637=AXIS2_PLACEMENT_3D('',#3557,#3041,#3042);
#2638=AXIS2_PLACEMENT_3D('',#3563,#3046,#3047);
#2639=AXIS2_PLACEMENT_3D('',#3567,#3049,#3050);
#2640=AXIS2_PLACEMENT_3D('',#3572,#3053,#3054);
#2641=AXIS2_PLACEMENT_3D('',#3573,#3055,#3056);
#2642=AXIS2_PLACEMENT_3D('',#3575,#3058,#3059);
#2643=AXIS2_PLACEMENT_3D('',#3576,#3060,#3061);
#2644=AXIS2_PLACEMENT_3D('',#3580,#3063,#3064);
#2645=AXIS2_PLACEMENT_3D('',#3581,#3065,#3066);
#2646=AXIS2_PLACEMENT_3D('',#3583,#3068,#3069);
#2647=AXIS2_PLACEMENT_3D('',#3586,#3072,#3073);
#2648=AXIS2_PLACEMENT_3D('',#3592,#3077,#3078);
#2649=AXIS2_PLACEMENT_3D('',#3596,#3081,#3082);
#2650=AXIS2_PLACEMENT_3D('',#3600,#3085,#3086);
#2651=AXIS2_PLACEMENT_3D('',#3602,#3088,#3089);
#2652=AXIS2_PLACEMENT_3D('',#3603,#3090,#3091);
#2653=AXIS2_PLACEMENT_3D('',#3604,#3092,#3093);
#2654=AXIS2_PLACEMENT_3D('',#3605,#3094,#3095);
#2655=AXIS2_PLACEMENT_3D('',#3615,#3101,#3102);
#2656=AXIS2_PLACEMENT_3D('',#3621,#3106,#3107);
#2657=AXIS2_PLACEMENT_3D('',#3625,#3110,#3111);
#2658=AXIS2_PLACEMENT_3D('',#3629,#3114,#3115);
#2659=AXIS2_PLACEMENT_3D('',#3631,#3117,#3118);
#2660=AXIS2_PLACEMENT_3D('',#3632,#3119,#3120);
#2661=AXIS2_PLACEMENT_3D('',#3642,#3126,#3127);
#2662=AXIS2_PLACEMENT_3D('',#3648,#3131,#3132);
#2663=AXIS2_PLACEMENT_3D('',#3654,#3136,#3137);
#2664=AXIS2_PLACEMENT_3D('',#3657,#3140,#3141);
#2665=AXIS2_PLACEMENT_3D('',#3658,#3142,#3143);
#2666=AXIS2_PLACEMENT_3D('',#3659,#3144,#3145);
#2667=AXIS2_PLACEMENT_3D('',#3665,#3149,#3150);
#2668=AXIS2_PLACEMENT_3D('',#3667,#3152,#3153);
#2669=AXIS2_PLACEMENT_3D('',#3669,#3155,#3156);
#2670=DIRECTION('',(0.,0.,1.));
#2671=DIRECTION('',(1.,0.,0.));
#2672=DIRECTION('',(0.,0.,1.));
#2673=DIRECTION('',(1.,0.,0.));
#2674=DIRECTION('',(3.33600668457079E-16,-1.,0.));
#2675=DIRECTION('',(-1.,-3.30423519233678E-16,0.));
#2676=DIRECTION('',(3.0024060161137E-16,-1.,0.));
#2677=DIRECTION('',(-1.,3.30423519233678E-16,0.));
#2678=DIRECTION('',(1.92747052886312E-16,-1.,0.));
#2679=DIRECTION('',(-1.,-1.22163625068789E-16,0.));
#2680=DIRECTION('',(2.77555756156289E-16,-1.,0.));
#2681=DIRECTION('',(0.,0.,1.));
#2682=DIRECTION('',(1.,0.,0.));
#2683=DIRECTION('',(-1.,-1.0842021724855E-16,0.));
#2684=DIRECTION('',(0.,0.,1.));
#2685=DIRECTION('',(1.,0.,0.));
#2686=DIRECTION('',(2.77555756156289E-16,-1.,0.));
#2687=DIRECTION('',(0.,0.,1.));
#2688=DIRECTION('',(1.,0.,0.));
#2689=DIRECTION('',(-1.,-1.0842021724855E-16,0.));
#2690=DIRECTION('',(0.,0.,1.));
#2691=DIRECTION('',(1.,0.,0.));
#2692=DIRECTION('',(2.77555756156289E-16,-1.,0.));
#2693=DIRECTION('',(-1.,1.22163625068789E-16,0.));
#2694=DIRECTION('',(0.,0.,1.));
#2695=DIRECTION('',(1.,0.,0.));
#2696=DIRECTION('',(1.,0.,0.));
#2697=DIRECTION('',(3.25260651745651E-16,-1.,0.));
#2698=DIRECTION('',(1.,2.12415119507364E-16,0.));
#2699=DIRECTION('',(3.46944695195362E-16,-1.,0.));
#2700=DIRECTION('',(0.,0.,1.));
#2701=DIRECTION('',(1.,0.,0.));
#2702=DIRECTION('',(-1.92747052886311E-16,1.,0.));
#2703=DIRECTION('',(-1.,0.,0.));
#2704=DIRECTION('',(1.92747052886311E-16,1.,0.));
#2705=DIRECTION('',(-1.,0.,0.));
#2706=DIRECTION('',(0.,0.,1.));
#2707=DIRECTION('',(1.,0.,0.));
#2708=DIRECTION('',(-0.56468391559199,0.825307261249832,0.));
#2709=DIRECTION('',(3.1540426835942E-16,-1.,0.));
#2710=DIRECTION('',(-1.,-1.020425574104E-16,0.));
#2711=DIRECTION('',(3.1540426835942E-16,-1.,0.));
#2712=DIRECTION('',(-0.564683915591991,-0.825307261249832,0.));
#2713=DIRECTION('',(2.81306509617861E-16,-1.,0.));
#2714=DIRECTION('',(2.81306509617861E-16,-1.,0.));
#2715=DIRECTION('',(1.,2.12415119507364E-16,0.));
#2716=DIRECTION('',(0.,-1.,0.));
#2717=DIRECTION('',(1.,0.,0.));
#2718=DIRECTION('',(3.46944695195362E-16,-1.,0.));
#2719=DIRECTION('',(1.,2.12415119507364E-16,0.));
#2720=DIRECTION('',(-2.81306509617861E-16,-1.,0.));
#2721=DIRECTION('',(-2.81306509617861E-16,-1.,0.));
#2722=DIRECTION('',(0.,0.,1.));
#2723=DIRECTION('',(1.,0.,0.));
#2724=DIRECTION('',(-1.,-2.04085114820801E-16,0.));
#2725=DIRECTION('',(-0.56468391559199,0.825307261249832,0.));
#2726=DIRECTION('',(-1.,0.,0.));
#2727=DIRECTION('',(-0.564683915591991,-0.825307261249832,0.));
#2728=DIRECTION('',(1.,0.,0.));
#2729=DIRECTION('',(0.,1.,0.));
#2730=DIRECTION('',(1.,0.,0.));
#2731=DIRECTION('',(0.,0.,-1.));
#2732=DIRECTION('',(0.,1.,0.));
#2733=DIRECTION('',(1.,0.,0.));
#2734=DIRECTION('',(0.,0.,-1.));
#2735=DIRECTION('',(0.,-1.,0.));
#2736=DIRECTION('',(0.,0.,1.));
#2737=DIRECTION('',(1.,0.,0.));
#2738=DIRECTION('',(0.,0.,-1.));
#2739=DIRECTION('',(0.,1.,0.));
#2740=DIRECTION('',(1.,0.,0.));
#2741=DIRECTION('',(0.,1.,0.));
#2742=DIRECTION('',(1.,0.,0.));
#2743=DIRECTION('',(0.,0.,-1.));
#2744=DIRECTION('',(0.,1.,0.));
#2745=DIRECTION('',(1.,0.,0.));
#2746=DIRECTION('',(0.,0.,-1.));
#2747=DIRECTION('',(0.,1.,0.));
#2748=DIRECTION('',(1.,0.,0.));
#2749=DIRECTION('',(0.,1.,0.));
#2750=DIRECTION('',(-1.,0.,0.));
#2751=DIRECTION('',(0.,0.,1.));
#2752=DIRECTION('',(0.,1.,0.));
#2753=DIRECTION('',(1.,0.,0.));
#2754=DIRECTION('',(0.,0.,-1.));
#2755=DIRECTION('',(0.,0.,1.));
#2756=DIRECTION('',(0.,-1.,0.));
#2757=DIRECTION('',(1.,0.,0.));
#2758=DIRECTION('',(0.,0.,-1.));
#2759=DIRECTION('',(0.,1.,0.));
#2760=DIRECTION('',(0.,0.,1.));
#2761=DIRECTION('',(1.,0.,0.));
#2762=DIRECTION('',(1.92747052886311E-16,1.,0.));
#2763=DIRECTION('',(-1.,-1.7347234759768E-16,0.));
#2764=DIRECTION('',(-1.92747052886311E-16,1.,0.));
#2765=DIRECTION('',(-1.,0.,0.));
#2766=DIRECTION('',(-0.56468391559199,0.825307261249832,0.));
#2767=DIRECTION('',(-2.81306509617861E-16,-1.,0.));
#2768=DIRECTION('',(-2.81306509617861E-16,-1.,0.));
#2769=DIRECTION('',(1.,2.12415119507364E-16,0.));
#2770=DIRECTION('',(-1.,0.,0.));
#2771=DIRECTION('',(1.,2.12415119507364E-16,0.));
#2772=DIRECTION('',(2.81306509617861E-16,-1.,0.));
#2773=DIRECTION('',(2.81306509617861E-16,-1.,0.));
#2774=DIRECTION('',(-0.564683915591991,-0.825307261249832,0.));
#2775=DIRECTION('',(-1.,0.,0.));
#2776=DIRECTION('',(-0.825307261249832,-0.56468391559199,0.));
#2777=DIRECTION('',(0.56468391559199,-0.825307261249832,0.));
#2778=DIRECTION('',(0.,0.,-1.));
#2779=DIRECTION('',(0.,0.,-1.));
#2780=DIRECTION('',(0.,-1.,0.));
#2781=DIRECTION('',(0.,0.,-1.));
#2782=DIRECTION('',(0.,0.,-1.));
#2783=DIRECTION('',(0.825307261249832,-0.564683915591991,0.));
#2784=DIRECTION('',(0.564683915591991,0.825307261249832,0.));
#2785=DIRECTION('',(0.,0.,-1.));
#2786=DIRECTION('',(1.,2.81306509617861E-16,0.));
#2787=DIRECTION('',(-2.81306509617861E-16,1.,0.));
#2788=DIRECTION('',(1.41857269238139E-32,-5.04280080225816E-17,-1.));
#2789=DIRECTION('',(0.,0.,-1.));
#2790=DIRECTION('',(-2.12415119507364E-16,1.,0.));
#2791=DIRECTION('',(-1.,-2.12415119507364E-16,0.));
#2792=DIRECTION('',(-1.,0.,0.));
#2793=DIRECTION('',(0.,0.,-1.));
#2794=DIRECTION('',(0.,0.,-1.));
#2795=DIRECTION('',(0.,0.,-1.));
#2796=DIRECTION('',(-1.,-1.0842021724855E-16,0.));
#2797=DIRECTION('',(0.,0.,-1.));
#2798=DIRECTION('',(0.,0.,-1.));
#2799=DIRECTION('',(-1.,-1.0842021724855E-16,0.));
#2800=DIRECTION('',(0.,0.,-1.));
#2801=DIRECTION('',(1.,2.12415119507364E-16,0.));
#2802=DIRECTION('',(0.,0.,-1.));
#2803=DIRECTION('',(1.,-2.81306509617861E-16,0.));
#2804=DIRECTION('',(2.81306509617861E-16,1.,0.));
#2805=DIRECTION('',(-1.41857269238139E-32,-5.04280080225816E-17,-1.));
#2806=DIRECTION('',(1.,-1.92747052886311E-16,0.));
#2807=DIRECTION('',(1.92747052886311E-16,1.,0.));
#2808=DIRECTION('',(1.92747052886311E-16,1.,0.));
#2809=DIRECTION('',(0.,0.,1.));
#2810=DIRECTION('',(1.92747052886311E-16,1.,0.));
#2811=DIRECTION('',(0.,0.,1.));
#2812=DIRECTION('',(-1.7347234759768E-16,1.,0.));
#2813=DIRECTION('',(-1.,-1.7347234759768E-16,0.));
#2814=DIRECTION('',(-1.,-1.7347234759768E-16,0.));
#2815=DIRECTION('',(0.,0.,1.));
#2816=DIRECTION('',(1.,1.92747052886311E-16,0.));
#2817=DIRECTION('',(-1.92747052886311E-16,1.,0.));
#2818=DIRECTION('',(-1.92747052886311E-16,1.,0.));
#2819=DIRECTION('',(0.,0.,1.));
#2820=DIRECTION('',(-1.92747052886311E-16,1.,0.));
#2821=DIRECTION('',(0.,1.,0.));
#2822=DIRECTION('',(0.,0.,1.));
#2823=DIRECTION('',(-1.,0.,0.));
#2824=DIRECTION('',(0.,0.,1.));
#2825=DIRECTION('',(-1.,0.,0.));
#2826=DIRECTION('',(0.,0.,1.));
#2827=DIRECTION('',(-1.,0.,0.));
#2828=DIRECTION('',(-1.,0.,0.));
#2829=DIRECTION('',(0.,0.,1.));
#2830=DIRECTION('',(1.,0.,0.));
#2831=DIRECTION('',(-1.,0.,0.));
#2832=DIRECTION('',(0.,0.,1.));
#2833=DIRECTION('',(-1.,0.,0.));
#2834=DIRECTION('',(-1.,0.,0.));
#2835=DIRECTION('',(0.,0.,1.));
#2836=DIRECTION('',(-1.,0.,0.));
#2837=DIRECTION('',(0.,0.,1.));
#2838=DIRECTION('',(1.,0.,0.));
#2839=DIRECTION('',(0.,1.,0.));
#2840=DIRECTION('',(-1.,0.,0.));
#2841=DIRECTION('',(0.,-1.,0.));
#2842=DIRECTION('',(1.,0.,0.));
#2843=DIRECTION('',(0.,-1.,0.));
#2844=DIRECTION('',(-1.,0.,0.));
#2845=DIRECTION('',(0.,1.,0.));
#2846=DIRECTION('',(0.,1.,0.));
#2847=DIRECTION('',(-1.,0.,0.));
#2848=DIRECTION('',(0.,0.,1.));
#2849=DIRECTION('',(-1.,0.,0.));
#2850=DIRECTION('',(0.,0.,1.));
#2851=DIRECTION('',(-1.,0.,0.));
#2852=DIRECTION('',(-1.,0.,0.));
#2853=DIRECTION('',(0.,0.,1.));
#2854=DIRECTION('',(1.,0.,0.));
#2855=DIRECTION('',(0.,0.,-1.));
#2856=DIRECTION('',(-1.,0.,0.));
#2857=DIRECTION('',(0.,0.,1.));
#2858=DIRECTION('',(1.,0.,0.));
#2859=DIRECTION('',(0.,1.,0.));
#2860=DIRECTION('',(0.,1.,0.));
#2861=DIRECTION('',(0.,1.,0.));
#2862=DIRECTION('',(1.,0.,0.));
#2863=DIRECTION('',(0.,1.,0.));
#2864=DIRECTION('',(-1.,0.,0.));
#2865=DIRECTION('',(0.,0.,1.));
#2866=DIRECTION('',(-1.,0.,0.));
#2867=DIRECTION('',(0.,-1.,0.));
#2868=DIRECTION('',(-1.,0.,0.));
#2869=DIRECTION('',(0.,0.,1.));
#2870=DIRECTION('',(1.,0.,0.));
#2871=DIRECTION('',(0.,0.,-1.));
#2872=DIRECTION('',(-1.,0.,0.));
#2873=DIRECTION('',(0.,0.,1.));
#2874=DIRECTION('',(-1.,0.,0.));
#2875=DIRECTION('',(0.,0.,1.));
#2876=DIRECTION('',(-1.,0.,0.));
#2877=DIRECTION('',(0.,-1.,0.));
#2878=DIRECTION('',(-1.,0.,0.));
#2879=DIRECTION('',(0.,-1.,0.));
#2880=DIRECTION('',(1.,0.,0.));
#2881=DIRECTION('',(0.,1.,0.));
#2882=DIRECTION('',(1.,0.,0.));
#2883=DIRECTION('',(0.,0.,-1.));
#2884=DIRECTION('',(-1.,0.,0.));
#2885=DIRECTION('',(0.,0.,1.));
#2886=DIRECTION('',(1.,0.,0.));
#2887=DIRECTION('',(0.,0.,-1.));
#2888=DIRECTION('',(1.,0.,0.));
#2889=DIRECTION('',(0.,0.,-1.));
#2890=DIRECTION('',(1.,0.,0.));
#2891=DIRECTION('',(0.,1.,0.));
#2892=DIRECTION('',(1.,0.,0.));
#2893=DIRECTION('',(0.,1.,0.));
#2894=DIRECTION('',(0.,1.,0.));
#2895=DIRECTION('',(0.,0.,1.));
#2896=DIRECTION('',(0.,0.,-1.));
#2897=DIRECTION('',(1.,0.,0.));
#2898=DIRECTION('',(1.,0.,0.));
#2899=DIRECTION('',(0.,0.,-1.));
#2900=DIRECTION('',(1.,0.,0.));
#2901=DIRECTION('',(0.,0.,-1.));
#2902=DIRECTION('',(0.,-1.,0.));
#2903=DIRECTION('',(1.,3.46944695195362E-16,0.));
#2904=DIRECTION('',(-3.46944695195362E-16,1.,0.));
#2905=DIRECTION('',(0.,0.,1.));
#2906=DIRECTION('',(1.,0.,0.));
#2907=DIRECTION('',(3.25260651745651E-16,-1.,0.));
#2908=DIRECTION('',(1.,3.1540426835942E-16,0.));
#2909=DIRECTION('',(-3.1540426835942E-16,1.,0.));
#2910=DIRECTION('',(0.,0.,-1.));
#2911=DIRECTION('',(3.1540426835942E-16,-1.,0.));
#2912=DIRECTION('',(0.,0.,-1.));
#2913=DIRECTION('',(2.04085114820801E-16,-1.,0.));
#2914=DIRECTION('',(1.,2.04085114820801E-16,0.));
#2915=DIRECTION('',(0.,0.,-1.));
#2916=DIRECTION('',(-1.,-2.04085114820801E-16,0.));
#2917=DIRECTION('',(1.,3.1540426835942E-16,0.));
#2918=DIRECTION('',(-3.1540426835942E-16,1.,0.));
#2919=DIRECTION('',(0.,0.,-1.));
#2920=DIRECTION('',(3.1540426835942E-16,-1.,0.));
#2921=DIRECTION('',(1.020425574104E-16,-1.,0.));
#2922=DIRECTION('',(1.,1.020425574104E-16,0.));
#2923=DIRECTION('',(-1.,-1.020425574104E-16,0.));
#2924=DIRECTION('',(0.,0.,1.));
#2925=DIRECTION('',(1.,0.,0.));
#2926=DIRECTION('',(1.,2.16840434497101E-16,0.));
#2927=DIRECTION('',(-3.85494105772624E-16,1.,0.));
#2928=DIRECTION('',(1.,2.16840434497101E-16,0.));
#2929=DIRECTION('',(-3.85494105772624E-16,1.,0.));
#2930=DIRECTION('',(2.16840434497101E-16,-1.,0.));
#2931=DIRECTION('',(1.,2.16840434497101E-16,0.));
#2932=DIRECTION('',(0.,0.,-1.));
#2933=DIRECTION('',(0.,0.,-1.));
#2934=DIRECTION('',(-1.,-2.16840434497101E-16,0.));
#2935=DIRECTION('',(1.,3.85494105772624E-16,0.));
#2936=DIRECTION('',(-3.85494105772624E-16,1.,0.));
#2937=DIRECTION('',(0.,0.,-1.));
#2938=DIRECTION('',(3.85494105772624E-16,-1.,0.));
#2939=DIRECTION('',(2.16840434497101E-16,-1.,0.));
#2940=DIRECTION('',(1.,2.16840434497101E-16,0.));
#2941=DIRECTION('',(0.,0.,-1.));
#2942=DIRECTION('',(-1.,-2.16840434497101E-16,0.));
#2943=DIRECTION('',(1.,3.85494105772624E-16,0.));
#2944=DIRECTION('',(-3.85494105772624E-16,1.,0.));
#2945=DIRECTION('',(3.85494105772624E-16,-1.,0.));
#2946=DIRECTION('',(0.,0.,1.));
#2947=DIRECTION('',(1.,0.,0.));
#2948=DIRECTION('',(0.,0.,1.));
#2949=DIRECTION('',(1.,0.,0.));
#2950=DIRECTION('',(-1.,0.,0.));
#2951=DIRECTION('',(0.,1.,0.));
#2952=DIRECTION('',(0.,-1.,0.));
#2953=DIRECTION('',(0.,0.,-1.));
#2954=DIRECTION('',(0.,0.,1.));
#2955=DIRECTION('',(-1.,0.,0.));
#2956=DIRECTION('',(0.,0.,1.));
#2957=DIRECTION('',(-1.,0.,0.));
#2958=DIRECTION('',(0.,0.,1.));
#2959=DIRECTION('',(1.,0.,0.));
#2960=DIRECTION('',(0.,1.,0.));
#2961=DIRECTION('',(0.,2.16840434497101E-16,-1.));
#2962=DIRECTION('',(0.,1.,2.16840434497101E-16));
#2963=DIRECTION('',(0.,-1.,-2.16840434497101E-16));
#2964=DIRECTION('',(0.,-1.,-2.16840434497101E-16));
#2965=DIRECTION('',(-1.,0.,0.));
#2966=DIRECTION('',(0.,-1.,0.));
#2967=DIRECTION('',(-1.,0.,0.));
#2968=DIRECTION('',(0.,0.,1.));
#2969=DIRECTION('',(1.,0.,0.));
#2970=DIRECTION('',(0.,0.,-1.));
#2971=DIRECTION('',(-1.,0.,0.));
#2972=DIRECTION('',(0.,0.,1.));
#2973=DIRECTION('',(-1.,0.,0.));
#2974=DIRECTION('',(0.,-1.,0.));
#2975=DIRECTION('',(-1.,0.,0.));
#2976=DIRECTION('',(0.,0.,1.));
#2977=DIRECTION('',(1.,0.,0.));
#2978=DIRECTION('',(0.,0.,-1.));
#2979=DIRECTION('',(1.,0.,0.));
#2980=DIRECTION('',(0.,0.,-1.));
#2981=DIRECTION('',(1.,0.,0.));
#2982=DIRECTION('',(0.,1.,0.));
#2983=DIRECTION('',(1.,0.,0.));
#2984=DIRECTION('',(0.,1.,0.));
#2985=DIRECTION('',(1.,3.25260651745651E-16,0.));
#2986=DIRECTION('',(-3.25260651745651E-16,1.,0.));
#2987=DIRECTION('',(3.25260651745651E-16,-1.,0.));
#2988=DIRECTION('',(0.,0.,-1.));
#2989=DIRECTION('',(3.25260651745651E-16,-1.,0.));
#2990=DIRECTION('',(1.73472347597681E-16,-1.,0.));
#2991=DIRECTION('',(1.,1.73472347597681E-16,0.));
#2992=DIRECTION('',(-1.,-1.73472347597681E-16,0.));
#2993=DIRECTION('',(0.,0.,-1.));
#2994=DIRECTION('',(-1.,-1.73472347597681E-16,0.));
#2995=DIRECTION('',(1.,3.25260651745651E-16,0.));
#2996=DIRECTION('',(-3.25260651745651E-16,1.,0.));
#2997=DIRECTION('',(3.25260651745651E-16,-1.,0.));
#2998=DIRECTION('',(3.25260651745651E-16,-1.,0.));
#2999=DIRECTION('',(0.,0.,1.));
#3000=DIRECTION('',(1.,0.,0.));
#3001=DIRECTION('',(0.,0.,-1.));
#3002=DIRECTION('',(-1.,0.,0.));
#3003=DIRECTION('',(0.,0.,1.));
#3004=DIRECTION('',(1.,0.,0.));
#3005=DIRECTION('',(0.,0.,-1.));
#3006=DIRECTION('',(0.,0.,-1.));
#3007=DIRECTION('',(-1.,0.,0.));
#3008=DIRECTION('',(0.,0.,1.));
#3009=DIRECTION('',(1.,0.,0.));
#3010=DIRECTION('',(0.,0.,-1.));
#3011=DIRECTION('',(1.,2.77555756156289E-16,0.));
#3012=DIRECTION('',(-2.77555756156289E-16,1.,0.));
#3013=DIRECTION('',(2.77555756156289E-16,-1.,0.));
#3014=DIRECTION('',(0.,0.,-1.));
#3015=DIRECTION('',(0.,0.,-1.));
#3016=DIRECTION('',(-1.,0.,0.));
#3017=DIRECTION('',(0.,0.,1.));
#3018=DIRECTION('',(1.,0.,0.));
#3019=DIRECTION('',(0.,0.,-1.));
#3020=DIRECTION('',(1.0842021724855E-16,-1.,0.));
#3021=DIRECTION('',(1.,1.0842021724855E-16,0.));
#3022=DIRECTION('',(-1.,-1.0842021724855E-16,0.));
#3023=DIRECTION('',(0.,0.,-1.));
#3024=DIRECTION('',(0.,0.,-1.));
#3025=DIRECTION('',(-1.,0.,0.));
#3026=DIRECTION('',(0.,0.,1.));
#3027=DIRECTION('',(1.,0.,0.));
#3028=DIRECTION('',(0.,0.,-1.));
#3029=DIRECTION('',(1.,2.77555756156289E-16,0.));
#3030=DIRECTION('',(-2.77555756156289E-16,1.,0.));
#3031=DIRECTION('',(2.77555756156289E-16,-1.,0.));
#3032=DIRECTION('',(0.,0.,-1.));
#3033=DIRECTION('',(1.,2.77555756156289E-16,0.));
#3034=DIRECTION('',(-2.77555756156289E-16,1.,0.));
#3035=DIRECTION('',(2.77555756156289E-16,-1.,0.));
#3036=DIRECTION('',(1.,2.77555756156289E-16,0.));
#3037=DIRECTION('',(-2.77555756156289E-16,1.,0.));
#3038=DIRECTION('',(0.,0.,1.));
#3039=DIRECTION('',(0.,0.,1.));
#3040=DIRECTION('',(1.,0.,0.));
#3041=DIRECTION('',(0.,0.,1.));
#3042=DIRECTION('',(1.,0.,0.));
#3043=DIRECTION('',(-1.,-1.22163625068789E-16,0.));
#3044=DIRECTION('',(3.85494105772624E-16,-1.,0.));
#3045=DIRECTION('',(-1.,1.22163625068789E-16,0.));
#3046=DIRECTION('',(1.,1.92747052886312E-16,0.));
#3047=DIRECTION('',(-1.92747052886312E-16,1.,0.));
#3048=DIRECTION('',(1.92747052886312E-16,-1.,0.));
#3049=DIRECTION('',(1.,1.92747052886312E-16,0.));
#3050=DIRECTION('',(-1.92747052886312E-16,1.,0.));
#3051=DIRECTION('',(0.,0.,-1.));
#3052=DIRECTION('',(0.,0.,-1.));
#3053=DIRECTION('',(1.,1.92747052886312E-16,0.));
#3054=DIRECTION('',(-1.92747052886312E-16,1.,0.));
#3055=DIRECTION('',(-1.22163625068789E-16,-1.,0.));
#3056=DIRECTION('',(1.,-1.22163625068789E-16,0.));
#3057=DIRECTION('',(-1.,1.22163625068789E-16,0.));
#3058=DIRECTION('',(1.,3.85494105772624E-16,0.));
#3059=DIRECTION('',(-3.85494105772624E-16,1.,0.));
#3060=DIRECTION('',(1.,3.85494105772624E-16,0.));
#3061=DIRECTION('',(-3.85494105772624E-16,1.,0.));
#3062=DIRECTION('',(3.85494105772624E-16,-1.,0.));
#3063=DIRECTION('',(1.,3.85494105772624E-16,0.));
#3064=DIRECTION('',(-3.85494105772624E-16,1.,0.));
#3065=DIRECTION('',(1.22163625068789E-16,-1.,0.));
#3066=DIRECTION('',(1.,1.22163625068789E-16,0.));
#3067=DIRECTION('',(-1.,-1.22163625068789E-16,0.));
#3068=DIRECTION('',(0.,0.,1.));
#3069=DIRECTION('',(1.,0.,0.));
#3070=DIRECTION('',(-1.,-1.22163625068789E-16,0.));
#3071=DIRECTION('',(-1.,1.22163625068789E-16,0.));
#3072=DIRECTION('',(1.,3.33600668457079E-16,0.));
#3073=DIRECTION('',(-3.33600668457079E-16,1.,0.));
#3074=DIRECTION('',(0.,0.,-1.));
#3075=DIRECTION('',(3.33600668457079E-16,-1.,0.));
#3076=DIRECTION('',(0.,0.,-1.));
#3077=DIRECTION('',(-3.30423519233678E-16,-1.,0.));
#3078=DIRECTION('',(1.,-3.30423519233678E-16,0.));
#3079=DIRECTION('',(0.,0.,-1.));
#3080=DIRECTION('',(-1.,3.30423519233678E-16,0.));
#3081=DIRECTION('',(1.,3.0024060161137E-16,0.));
#3082=DIRECTION('',(-3.0024060161137E-16,1.,0.));
#3083=DIRECTION('',(0.,0.,-1.));
#3084=DIRECTION('',(3.0024060161137E-16,-1.,0.));
#3085=DIRECTION('',(3.30423519233678E-16,-1.,0.));
#3086=DIRECTION('',(1.,3.30423519233678E-16,0.));
#3087=DIRECTION('',(-1.,-3.30423519233678E-16,0.));
#3088=DIRECTION('',(0.,0.,1.));
#3089=DIRECTION('',(1.,0.,0.));
#3090=DIRECTION('',(-1.,-1.22163625068789E-16,0.));
#3091=DIRECTION('',(1.22163625068789E-16,-1.,0.));
#3092=DIRECTION('',(1.,-1.22163625068789E-16,0.));
#3093=DIRECTION('',(1.22163625068789E-16,1.,0.));
#3094=DIRECTION('',(-1.,-2.81306509617861E-16,0.));
#3095=DIRECTION('',(2.81306509617861E-16,-1.,0.));
#3096=DIRECTION('',(1.41857269238139E-32,-5.04280080225816E-17,-1.));
#3097=DIRECTION('',(2.81306509617861E-16,-1.,0.));
#3098=DIRECTION('',(5.67429076952556E-32,-2.01712032090326E-16,-1.));
#3099=DIRECTION('',(2.81306509617861E-16,-1.,0.));
#3100=DIRECTION('',(1.41857269238139E-32,-5.04280080225816E-17,-1.));
#3101=DIRECTION('',(2.81306509617861E-16,-1.,5.04280080225816E-17));
#3102=DIRECTION('',(1.,2.81306509617861E-16,0.));
#3103=DIRECTION('',(1.,2.81306509617861E-16,0.));
#3104=DIRECTION('',(1.41857269238139E-32,-5.04280080225816E-17,-1.));
#3105=DIRECTION('',(1.,2.81306509617861E-16,0.));
#3106=DIRECTION('',(0.,0.,1.));
#3107=DIRECTION('',(1.,0.,0.));
#3108=DIRECTION('',(1.,2.81306509617861E-16,0.));
#3109=DIRECTION('',(2.81306509617861E-16,-1.,0.));
#3110=DIRECTION('',(2.81306509617861E-16,-1.,2.01712032090326E-16));
#3111=DIRECTION('',(1.,2.81306509617861E-16,0.));
#3112=DIRECTION('',(1.,2.81306509617861E-16,0.));
#3113=DIRECTION('',(5.67429076952556E-32,-2.01712032090326E-16,-1.));
#3114=DIRECTION('',(0.,0.,1.));
#3115=DIRECTION('',(1.,0.,0.));
#3116=DIRECTION('',(2.81306509617861E-16,-1.,0.));
#3117=DIRECTION('',(-1.,-2.81306509617861E-16,0.));
#3118=DIRECTION('',(2.81306509617861E-16,-1.,0.));
#3119=DIRECTION('',(2.81306509617861E-16,1.,-5.04280080225816E-17));
#3120=DIRECTION('',(-1.,2.81306509617861E-16,0.));
#3121=DIRECTION('',(-1.41857269238139E-32,-5.04280080225816E-17,-1.));
#3122=DIRECTION('',(-1.41857269238139E-32,-5.04280080225816E-17,-1.));
#3123=DIRECTION('',(-1.,2.81306509617861E-16,0.));
#3124=DIRECTION('',(-1.41857269238139E-32,-5.04280080225816E-17,-1.));
#3125=DIRECTION('',(-1.,2.81306509617861E-16,0.));
#3126=DIRECTION('',(0.,0.,-1.));
#3127=DIRECTION('',(-1.,0.,0.));
#3128=DIRECTION('',(-2.81306509617861E-16,-1.,0.));
#3129=DIRECTION('',(-1.,2.81306509617861E-16,0.));
#3130=DIRECTION('',(-2.81306509617861E-16,-1.,0.));
#3131=DIRECTION('',(2.81306509617861E-16,1.,-2.01712032090326E-16));
#3132=DIRECTION('',(-1.,2.81306509617861E-16,0.));
#3133=DIRECTION('',(-5.67429076952556E-32,-2.01712032090326E-16,-1.));
#3134=DIRECTION('',(-1.,2.81306509617861E-16,0.));
#3135=DIRECTION('',(-5.67429076952556E-32,-2.01712032090326E-16,-1.));
#3136=DIRECTION('',(0.,0.,-1.));
#3137=DIRECTION('',(-1.,0.,0.));
#3138=DIRECTION('',(-2.81306509617861E-16,-1.,0.));
#3139=DIRECTION('',(-2.81306509617861E-16,-1.,0.));
#3140=DIRECTION('',(1.,-2.81306509617861E-16,0.));
#3141=DIRECTION('',(-2.81306509617861E-16,-1.,0.));
#3142=DIRECTION('',(1.,-2.81306509617861E-16,0.));
#3143=DIRECTION('',(-2.81306509617861E-16,-1.,0.));
#3144=DIRECTION('',(0.,-1.,0.));
#3145=DIRECTION('',(1.,0.,0.));
#3146=DIRECTION('',(0.,0.,-1.));
#3147=DIRECTION('',(1.,0.,0.));
#3148=DIRECTION('',(0.,0.,-1.));
#3149=DIRECTION('',(-1.,0.,0.));
#3150=DIRECTION('',(0.,0.,1.));
#3151=DIRECTION('',(0.,-1.,0.));
#3152=DIRECTION('',(0.,0.,-1.));
#3153=DIRECTION('',(-1.,0.,0.));
#3154=DIRECTION('',(0.,-1.,0.));
#3155=DIRECTION('',(-1.,0.,0.));
#3156=DIRECTION('',(0.,0.,1.));
#3157=CARTESIAN_POINT('',(0.,0.,0.));
#3158=CARTESIAN_POINT('',(0.,-0.0005,0.0135));
#3159=CARTESIAN_POINT('',(0.0071,-0.0005,0.0135));
#3160=CARTESIAN_POINT('',(0.0071,0.006,0.0135));
#3161=CARTESIAN_POINT('',(0.0071,-0.007,0.0135));
#3162=CARTESIAN_POINT('',(0.00185,-0.007,0.0135));
#3163=CARTESIAN_POINT('',(-0.0034,-0.007,0.0135));
#3164=CARTESIAN_POINT('',(-0.0034,-0.0005,0.0135));
#3165=CARTESIAN_POINT('',(-0.0034,0.006,0.0135));
#3166=CARTESIAN_POINT('',(0.00185,0.006,0.0135));
#3167=CARTESIAN_POINT('',(-0.0046,-0.0005,0.0135));
#3168=CARTESIAN_POINT('',(-0.0046,0.004,0.0135));
#3169=CARTESIAN_POINT('',(-0.0046,-0.005,0.0135));
#3170=CARTESIAN_POINT('',(-0.00815,-0.005,0.0135));
#3171=CARTESIAN_POINT('',(-0.0105,-0.005,0.0135));
#3172=CARTESIAN_POINT('',(-0.0105,-0.0005,0.0135));
#3173=CARTESIAN_POINT('',(-0.0105,-0.00675,0.0135));
#3174=CARTESIAN_POINT('',(-0.008,-0.00675,0.0135));
#3175=CARTESIAN_POINT('',(-0.008,-0.00925,0.0135));
#3176=CARTESIAN_POINT('',(-3.46944695195361E-18,-0.00925,0.0135));
#3177=CARTESIAN_POINT('',(0.008,-0.00925,0.0135));
#3178=CARTESIAN_POINT('',(0.008,-0.00675,0.0135));
#3179=CARTESIAN_POINT('',(0.0105,-0.00675,0.0135));
#3180=CARTESIAN_POINT('',(0.0105,-0.0005,0.0135));
#3181=CARTESIAN_POINT('',(0.0105,0.00575,0.0135));
#3182=CARTESIAN_POINT('',(0.008,0.00575,0.0135));
#3183=CARTESIAN_POINT('',(0.008,0.00825,0.0135));
#3184=CARTESIAN_POINT('',(-6.93889390390723E-18,0.00825,0.0135));
#3185=CARTESIAN_POINT('',(-0.008,0.00825,0.0135));
#3186=CARTESIAN_POINT('',(-0.008,0.00575,0.0135));
#3187=CARTESIAN_POINT('',(-0.0105,0.00575,0.0135));
#3188=CARTESIAN_POINT('',(-0.0105,-0.0005,0.0135));
#3189=CARTESIAN_POINT('',(-0.0105,0.004,0.0135));
#3190=CARTESIAN_POINT('',(-0.00815,0.004,0.0135));
#3191=CARTESIAN_POINT('',(1.7347234759768E-18,0.00475,0.0045));
#3192=CARTESIAN_POINT('',(-1.7347234759768E-18,0.00075,0.0045));
#3193=CARTESIAN_POINT('',(0.0075,0.00075,0.0045));
#3194=CARTESIAN_POINT('',(0.0115,0.00075,0.0045));
#3195=CARTESIAN_POINT('',(0.0075,-0.00125,0.0045));
#3196=CARTESIAN_POINT('',(0.0075,-0.00925,0.0045));
#3197=CARTESIAN_POINT('',(0.,-0.00925,0.0045));
#3198=CARTESIAN_POINT('',(0.0115,-0.00925,0.0045));
#3199=CARTESIAN_POINT('',(0.0115,-0.00425,0.0045));
#3200=CARTESIAN_POINT('',(1.7347234759768E-18,0.00925,0.));
#3201=CARTESIAN_POINT('',(0.005,0.02325,0.));
#3202=CARTESIAN_POINT('',(0.005,0.01875,0.));
#3203=CARTESIAN_POINT('',(0.005,0.02375,0.));
#3204=CARTESIAN_POINT('',(0.0085,0.02375,0.));
#3205=CARTESIAN_POINT('',(-0.005,0.02375,0.));
#3206=CARTESIAN_POINT('',(-0.005,0.02325,0.));
#3207=CARTESIAN_POINT('',(-0.005,0.01875,0.));
#3208=CARTESIAN_POINT('',(-0.005375,0.01875,0.));
#3209=CARTESIAN_POINT('',(1.7347234759768E-18,0.00925,0.002));
#3210=CARTESIAN_POINT('',(0.009,0.014,0.002));
#3211=CARTESIAN_POINT('',(0.01225,0.00925,0.002));
#3212=CARTESIAN_POINT('',(0.0085,0.0147307692307692,0.002));
#3213=CARTESIAN_POINT('',(0.0085,0.00923076923076923,0.002));
#3214=CARTESIAN_POINT('',(0.0085,0.00373076923076923,0.002));
#3215=CARTESIAN_POINT('',(1.7347234759768E-18,0.00373076923076923,0.002));
#3216=CARTESIAN_POINT('',(-0.0085,0.00373076923076923,0.002));
#3217=CARTESIAN_POINT('',(-0.0085,0.00923076923076922,0.002));
#3218=CARTESIAN_POINT('',(-0.0085,0.0147307692307692,0.002));
#3219=CARTESIAN_POINT('',(-0.009,0.014,0.002));
#3220=CARTESIAN_POINT('',(-0.01225,0.00925,0.002));
#3221=CARTESIAN_POINT('',(-0.01225,-3.46944695195361E-18,0.002));
#3222=CARTESIAN_POINT('',(-0.01225,0.00165,0.002));
#3223=CARTESIAN_POINT('',(-0.01225,-3.46944695195361E-18,0.002));
#3224=CARTESIAN_POINT('',(-0.01225,-0.00925,0.002));
#3225=CARTESIAN_POINT('',(0.,-0.00925,0.002));
#3226=CARTESIAN_POINT('',(-0.0115,-0.00925,0.002));
#3227=CARTESIAN_POINT('',(-0.0115,-0.00425,0.002));
#3228=CARTESIAN_POINT('',(-0.0115,0.00075,0.002));
#3229=CARTESIAN_POINT('',(-1.7347234759768E-18,0.00075,0.002));
#3230=CARTESIAN_POINT('',(0.0115,0.00075,0.002));
#3231=CARTESIAN_POINT('',(0.0115,-0.00425,0.002));
#3232=CARTESIAN_POINT('',(0.0115,-0.00925,0.002));
#3233=CARTESIAN_POINT('',(0.,-0.00925,0.002));
#3234=CARTESIAN_POINT('',(0.01225,-0.00925,0.002));
#3235=CARTESIAN_POINT('',(0.01225,-1.7347234759768E-18,0.002));
#3236=CARTESIAN_POINT('',(0.01225,0.00165,0.002));
#3237=CARTESIAN_POINT('',(0.01225,-1.7347234759768E-18,0.002));
#3238=CARTESIAN_POINT('',(1.7347234759768E-18,0.00925,0.002));
#3239=CARTESIAN_POINT('',(-1.7347234759768E-18,0.0147307692307692,0.002));
#3240=CARTESIAN_POINT('',(0.009,0.014,0.002));
#3241=CARTESIAN_POINT('',(0.00575,0.01875,0.002));
#3242=CARTESIAN_POINT('',(-0.005375,0.01875,0.002));
#3243=CARTESIAN_POINT('',(-0.00575,0.01875,0.002));
#3244=CARTESIAN_POINT('',(-0.009,0.014,0.002));
#3245=CARTESIAN_POINT('',(0.0075,-0.01525,0.002));
#3246=CARTESIAN_POINT('',(0.0075,-0.01525,0.002));
#3247=CARTESIAN_POINT('',(0.0075,-0.0129587121525221,-0.003));
#3248=CARTESIAN_POINT('',(0.0075,-0.0129587121525221,0.007));
#3249=CARTESIAN_POINT('',(0.0075,-0.01525,-0.003));
#3250=CARTESIAN_POINT('',(0.0075,-0.01175,-0.003));
#3251=CARTESIAN_POINT('',(0.0075,-0.0155,0.002));
#3252=CARTESIAN_POINT('',(0.0075,-0.0095786403588365,0.));
#3253=CARTESIAN_POINT('',(0.0075,-0.00941432017941825,0.));
#3254=CARTESIAN_POINT('',(0.0075,-0.00925,0.));
#3255=CARTESIAN_POINT('',(0.0075,-0.00925,0.001));
#3256=CARTESIAN_POINT('',(0.0075,-0.00925,0.002));
#3257=CARTESIAN_POINT('',(0.0075,-0.0155,0.002));
#3258=CARTESIAN_POINT('',(0.0075,-0.01175,0.007));
#3259=CARTESIAN_POINT('',(0.0075,-0.01525,0.007));
#3260=CARTESIAN_POINT('',(0.0075,-0.01525,0.002));
#3261=CARTESIAN_POINT('',(0.0075,-0.01525,0.002));
#3262=CARTESIAN_POINT('',(0.0075,-0.0175412878474779,0.007));
#3263=CARTESIAN_POINT('',(0.0075,-0.0175412878474779,-0.003));
#3264=CARTESIAN_POINT('',(0.0075,-0.01525,0.007));
#3265=CARTESIAN_POINT('',(0.0075,-0.01875,0.007));
#3266=CARTESIAN_POINT('',(0.0075,-0.015,0.002));
#3267=CARTESIAN_POINT('',(0.0075,-0.01875,-0.003));
#3268=CARTESIAN_POINT('',(0.0075,-0.01525,-0.003));
#3269=CARTESIAN_POINT('',(-0.0075,-0.01525,0.002));
#3270=CARTESIAN_POINT('',(-0.0075,-0.01525,0.002));
#3271=CARTESIAN_POINT('',(-0.0075,-0.0129587121525221,0.007));
#3272=CARTESIAN_POINT('',(-0.0075,-0.0129587121525221,-0.003));
#3273=CARTESIAN_POINT('',(-0.0075,-0.01525,0.007));
#3274=CARTESIAN_POINT('',(-0.0075,-0.01175,0.007));
#3275=CARTESIAN_POINT('',(-0.0075,-0.0155,0.002));
#3276=CARTESIAN_POINT('',(-0.0075,-0.00925,0.002));
#3277=CARTESIAN_POINT('',(-0.0075,-0.00925,0.001));
#3278=CARTESIAN_POINT('',(-0.0075,-0.00925,0.));
#3279=CARTESIAN_POINT('',(-0.0075,-0.00941432017941825,0.));
#3280=CARTESIAN_POINT('',(-0.0075,-0.0095786403588365,0.));
#3281=CARTESIAN_POINT('',(-0.0075,-0.0155,0.002));
#3282=CARTESIAN_POINT('',(-0.0075,-0.01175,-0.003));
#3283=CARTESIAN_POINT('',(-0.0075,-0.01525,-0.003));
#3284=CARTESIAN_POINT('',(1.7347234759768E-18,0.00925,0.));
#3285=CARTESIAN_POINT('',(-0.005,0.02325,0.));
#3286=CARTESIAN_POINT('',(-0.005,0.00975,0.));
#3287=CARTESIAN_POINT('',(4.33680868994202E-19,0.00975,0.));
#3288=CARTESIAN_POINT('',(0.005,0.00975,0.));
#3289=CARTESIAN_POINT('',(0.005,0.02325,0.));
#3290=CARTESIAN_POINT('',(-0.005375,0.01875,0.));
#3291=CARTESIAN_POINT('',(0.00575,0.01875,0.));
#3292=CARTESIAN_POINT('',(0.009,0.014,0.));
#3293=CARTESIAN_POINT('',(0.01225,0.00925,0.));
#3294=CARTESIAN_POINT('',(0.01225,-1.7347234759768E-18,0.));
#3295=CARTESIAN_POINT('',(0.01225,0.00165,0.));
#3296=CARTESIAN_POINT('',(0.01225,-1.7347234759768E-18,0.));
#3297=CARTESIAN_POINT('',(0.01225,-0.00925,0.));
#3298=CARTESIAN_POINT('',(0.,-0.00925,0.));
#3299=CARTESIAN_POINT('',(0.0075,-0.0095786403588365,0.));
#3300=CARTESIAN_POINT('',(0.,-0.00925,0.));
#3301=CARTESIAN_POINT('',(-0.01225,-0.00925,0.));
#3302=CARTESIAN_POINT('',(-0.01225,-3.46944695195361E-18,0.));
#3303=CARTESIAN_POINT('',(-0.01225,0.00165,0.));
#3304=CARTESIAN_POINT('',(-0.01225,-3.46944695195361E-18,0.));
#3305=CARTESIAN_POINT('',(-0.01225,0.00925,0.));
#3306=CARTESIAN_POINT('',(-0.009,0.014,0.));
#3307=CARTESIAN_POINT('',(-0.00575,0.01875,0.));
#3308=CARTESIAN_POINT('',(-0.005375,0.01875,0.));
#3309=CARTESIAN_POINT('',(0.009,0.014,0.002));
#3310=CARTESIAN_POINT('',(0.00575,0.01875,0.002));
#3311=CARTESIAN_POINT('',(0.01225,0.00925,0.002));
#3312=CARTESIAN_POINT('',(-0.005375,0.01875,0.002));
#3313=CARTESIAN_POINT('',(-0.00575,0.01875,0.002));
#3314=CARTESIAN_POINT('',(-0.009,0.014,0.002));
#3315=CARTESIAN_POINT('',(-0.01225,0.00925,0.002));
#3316=CARTESIAN_POINT('',(-0.01225,-3.46944695195361E-18,0.002));
#3317=CARTESIAN_POINT('',(-0.01225,0.00165,0.0033));
#3318=CARTESIAN_POINT('',(-0.01225,-0.00925,0.002));
#3319=CARTESIAN_POINT('',(0.,-0.00925,0.002));
#3320=CARTESIAN_POINT('',(0.0075,-0.00925,0.002));
#3321=CARTESIAN_POINT('',(0.01225,-0.00925,0.002));
#3322=CARTESIAN_POINT('',(0.0115,-0.00925,0.0045));
#3323=CARTESIAN_POINT('',(0.0075,-0.00925,0.0125));
#3324=CARTESIAN_POINT('',(0.0075,-0.00925,0.0125));
#3325=CARTESIAN_POINT('',(-3.46944695195361E-18,-0.00925,0.0125));
#3326=CARTESIAN_POINT('',(0.008,-0.00925,0.0125));
#3327=CARTESIAN_POINT('',(0.008,-0.00925,0.0135));
#3328=CARTESIAN_POINT('',(-0.008,-0.00925,0.0135));
#3329=CARTESIAN_POINT('',(-0.008,-0.00925,0.0125));
#3330=CARTESIAN_POINT('',(-3.46944695195361E-18,-0.00925,0.0125));
#3331=CARTESIAN_POINT('',(-0.0075,-0.00925,0.0125));
#3332=CARTESIAN_POINT('',(-0.0075,-0.00925,0.0125));
#3333=CARTESIAN_POINT('',(-0.0075,-0.00925,0.0045));
#3334=CARTESIAN_POINT('',(0.,-0.00925,0.0045));
#3335=CARTESIAN_POINT('',(-0.0115,-0.00925,0.0045));
#3336=CARTESIAN_POINT('',(-0.0115,-0.00925,0.0045));
#3337=CARTESIAN_POINT('',(0.01225,-1.7347234759768E-18,0.002));
#3338=CARTESIAN_POINT('',(0.01225,0.00165,0.0033));
#3339=CARTESIAN_POINT('',(-0.005,0.02325,-0.001));
#3340=CARTESIAN_POINT('',(-0.005,0.02325,0.));
#3341=CARTESIAN_POINT('',(-0.005,0.02775,0.));
#3342=CARTESIAN_POINT('',(-0.005,0.02775,-0.001));
#3343=CARTESIAN_POINT('',(-0.005,0.02775,-0.001));
#3344=CARTESIAN_POINT('',(-0.005,0.02325,-0.001));
#3345=CARTESIAN_POINT('',(-0.005,0.00975,-0.001));
#3346=CARTESIAN_POINT('',(-0.005,0.00975,-0.001));
#3347=CARTESIAN_POINT('',(4.33680868994202E-19,0.00975,-0.001));
#3348=CARTESIAN_POINT('',(4.33680868994202E-19,0.00975,-0.001));
#3349=CARTESIAN_POINT('',(0.005,0.00975,-0.001));
#3350=CARTESIAN_POINT('',(0.005,0.00975,-0.001));
#3351=CARTESIAN_POINT('',(0.005,0.02325,-0.001));
#3352=CARTESIAN_POINT('',(0.005,0.02325,-0.001));
#3353=CARTESIAN_POINT('',(0.005,0.02775,-0.001));
#3354=CARTESIAN_POINT('',(0.005,0.02775,-0.001));
#3355=CARTESIAN_POINT('',(0.005,0.02775,0.));
#3356=CARTESIAN_POINT('',(0.005,0.02325,0.));
#3357=CARTESIAN_POINT('',(-2.60208521396521E-18,0.02775,-0.001));
#3358=CARTESIAN_POINT('',(0.0085,0.02775,0.));
#3359=CARTESIAN_POINT('',(-0.0085,0.02775,0.));
#3360=CARTESIAN_POINT('',(-0.0085,0.02775,0.0025));
#3361=CARTESIAN_POINT('',(-0.0085,0.02775,0.005));
#3362=CARTESIAN_POINT('',(0.0085,0.02775,0.005));
#3363=CARTESIAN_POINT('',(0.0085,0.02775,0.005));
#3364=CARTESIAN_POINT('',(0.0085,0.02775,0.0025));
#3365=CARTESIAN_POINT('',(0.0085,0.02775,0.));
#3366=CARTESIAN_POINT('',(0.0085,0.02775,0.));
#3367=CARTESIAN_POINT('',(-2.60208521396521E-18,0.02775,-0.001));
#3368=CARTESIAN_POINT('',(1.7347234759768E-18,0.00925,-0.001));
#3369=CARTESIAN_POINT('',(0.0075,-0.0155,0.002));
#3370=CARTESIAN_POINT('',(0.0075,-0.01175,-0.003));
#3371=CARTESIAN_POINT('',(0.0075,-0.0155,0.002));
#3372=CARTESIAN_POINT('',(0.0075,-0.01175,0.007));
#3373=CARTESIAN_POINT('',(0.0075,-0.01525,0.007));
#3374=CARTESIAN_POINT('',(-0.0075,-0.01525,0.007));
#3375=CARTESIAN_POINT('',(-0.0075,-0.01875,0.007));
#3376=CARTESIAN_POINT('',(-0.0075,-0.0175412878474779,0.007));
#3377=CARTESIAN_POINT('',(0.0075,-0.01875,0.007));
#3378=CARTESIAN_POINT('',(-0.0045,-0.01875,0.007));
#3379=CARTESIAN_POINT('',(-0.0045,0.033252,0.007));
#3380=CARTESIAN_POINT('',(-0.0045,-0.024802,0.007));
#3381=CARTESIAN_POINT('',(0.,-0.024802,0.007));
#3382=CARTESIAN_POINT('',(0.0045,-0.024802,0.007));
#3383=CARTESIAN_POINT('',(0.0045,0.033252,0.007));
#3384=CARTESIAN_POINT('',(0.0045,-0.01875,0.007));
#3385=CARTESIAN_POINT('',(0.0075,-0.01875,0.007));
#3386=CARTESIAN_POINT('',(0.0075,-0.01525,0.007));
#3387=CARTESIAN_POINT('',(-0.0075,-0.01525,0.007));
#3388=CARTESIAN_POINT('',(0.0075,-0.015,0.002));
#3389=CARTESIAN_POINT('',(0.0045,-0.015,0.002));
#3390=CARTESIAN_POINT('',(0.0045,-0.0209213596411635,4.33680868994202E-19));
#3391=CARTESIAN_POINT('',(0.0075,-0.0209213596411635,8.67361737988404E-19));
#3392=CARTESIAN_POINT('',(-0.0045,-0.0209213596411635,8.67361737988404E-19));
#3393=CARTESIAN_POINT('',(-0.0045,-0.015,0.002));
#3394=CARTESIAN_POINT('',(-0.0075,-0.015,0.002));
#3395=CARTESIAN_POINT('',(-0.0075,-0.01875,-0.003));
#3396=CARTESIAN_POINT('',(0.0075,-0.01875,-0.003));
#3397=CARTESIAN_POINT('',(0.0075,-0.01525,-0.003));
#3398=CARTESIAN_POINT('',(-0.0075,-0.01525,-0.003));
#3399=CARTESIAN_POINT('',(-0.0075,-0.0175412878474779,-0.003));
#3400=CARTESIAN_POINT('',(-0.0075,-0.01525,-0.003));
#3401=CARTESIAN_POINT('',(0.0075,-0.01525,-0.003));
#3402=CARTESIAN_POINT('',(-0.0075,-0.01525,0.002));
#3403=CARTESIAN_POINT('',(-0.0075,-0.01525,0.002));
#3404=CARTESIAN_POINT('',(-0.0075,-0.01525,0.002));
#3405=CARTESIAN_POINT('',(-0.0075,-0.01525,0.002));
#3406=CARTESIAN_POINT('',(-0.015,-0.01525,0.002));
#3407=CARTESIAN_POINT('',(-0.015,-0.01525,0.002));
#3408=CARTESIAN_POINT('',(-0.015,-0.01525,0.0075));
#3409=CARTESIAN_POINT('',(-0.0075,-0.01525,0.002));
#3410=CARTESIAN_POINT('',(-0.015,-0.01525,0.002));
#3411=CARTESIAN_POINT('',(-0.0075,-0.01525,0.002));
#3412=CARTESIAN_POINT('',(0.0075,-0.01525,0.002));
#3413=CARTESIAN_POINT('',(0.0075,-0.01525,0.002));
#3414=CARTESIAN_POINT('',(0.015,-0.01525,0.002));
#3415=CARTESIAN_POINT('',(0.015,-0.01525,0.002));
#3416=CARTESIAN_POINT('',(0.015,-0.01525,-0.0035));
#3417=CARTESIAN_POINT('',(0.0075,-0.01525,0.002));
#3418=CARTESIAN_POINT('',(0.015,-0.01525,0.002));
#3419=CARTESIAN_POINT('',(0.0075,-0.01525,0.002));
#3420=CARTESIAN_POINT('',(-1.7347234759768E-18,0.00075,0.0045));
#3421=CARTESIAN_POINT('',(-0.0115,0.00075,0.0045));
#3422=CARTESIAN_POINT('',(-0.0115,0.00075,0.0045));
#3423=CARTESIAN_POINT('',(-1.7347234759768E-18,0.00075,0.0045));
#3424=CARTESIAN_POINT('',(-0.0075,0.00075,0.0045));
#3425=CARTESIAN_POINT('',(-1.7347234759768E-18,0.00075,0.0045));
#3426=CARTESIAN_POINT('',(0.0115,0.00075,0.0045));
#3427=CARTESIAN_POINT('',(-0.0115,-0.00425,0.0045));
#3428=CARTESIAN_POINT('',(-0.0115,-0.00425,0.0045));
#3429=CARTESIAN_POINT('',(0.0115,-0.00425,0.0045));
#3430=CARTESIAN_POINT('',(1.7347234759768E-18,0.00475,0.0045));
#3431=CARTESIAN_POINT('',(-0.0075,-0.00125,0.0045));
#3432=CARTESIAN_POINT('',(0.0085,0.00923076923076923,0.0027));
#3433=CARTESIAN_POINT('',(0.0085,0.0147307692307692,0.0027));
#3434=CARTESIAN_POINT('',(0.0085,0.0147307692307692,0.0027));
#3435=CARTESIAN_POINT('',(0.0085,0.00923076923076923,0.0027));
#3436=CARTESIAN_POINT('',(0.0085,0.00373076923076923,0.0027));
#3437=CARTESIAN_POINT('',(0.0085,0.00373076923076923,0.0027));
#3438=CARTESIAN_POINT('',(-1.7347234759768E-18,0.0147307692307692,0.0027));
#3439=CARTESIAN_POINT('',(-0.0085,0.0147307692307692,0.0027));
#3440=CARTESIAN_POINT('',(-0.0085,0.0147307692307692,0.0027));
#3441=CARTESIAN_POINT('',(-1.7347234759768E-18,0.0147307692307692,0.0027));
#3442=CARTESIAN_POINT('',(-0.0085,0.00923076923076922,0.0027));
#3443=CARTESIAN_POINT('',(-0.0085,0.00373076923076923,0.0027));
#3444=CARTESIAN_POINT('',(-0.0085,0.00373076923076923,0.0027));
#3445=CARTESIAN_POINT('',(-0.0085,0.00923076923076922,0.0027));
#3446=CARTESIAN_POINT('',(1.7347234759768E-18,0.00373076923076923,0.0027));
#3447=CARTESIAN_POINT('',(1.7347234759768E-18,0.00373076923076923,0.0027));
#3448=CARTESIAN_POINT('',(1.7347234759768E-18,0.00475,0.0027));
#3449=CARTESIAN_POINT('',(6.54691311847015E-19,0.00973076923076923,0.0027));
#3450=CARTESIAN_POINT('',(-0.008,0.00973076923076922,0.0027));
#3451=CARTESIAN_POINT('',(0.008,0.00973076923076923,0.0027));
#3452=CARTESIAN_POINT('',(-0.008,0.00475,0.0027));
#3453=CARTESIAN_POINT('',(-0.008,0.0142307692307692,0.0027));
#3454=CARTESIAN_POINT('',(-3.21090643389939E-19,0.0142307692307692,0.0027));
#3455=CARTESIAN_POINT('',(0.008,0.0142307692307692,0.0027));
#3456=CARTESIAN_POINT('',(0.008,0.00475,0.0027));
#3457=CARTESIAN_POINT('',(0.,0.00973076923076923,0.0072));
#3458=CARTESIAN_POINT('',(-0.008,0.00973076923076922,0.0072));
#3459=CARTESIAN_POINT('',(-0.008,0.00973076923076922,0.0072));
#3460=CARTESIAN_POINT('',(0.008,0.00973076923076923,0.0072));
#3461=CARTESIAN_POINT('',(0.008,0.00973076923076923,0.0072));
#3462=CARTESIAN_POINT('',(0.,0.00973076923076923,0.0072));
#3463=CARTESIAN_POINT('',(0.008,0.0119807692307692,0.0072));
#3464=CARTESIAN_POINT('',(0.008,0.0142307692307692,0.0072));
#3465=CARTESIAN_POINT('',(0.008,0.0142307692307692,0.0072));
#3466=CARTESIAN_POINT('',(0.008,0.0119807692307692,0.0072));
#3467=CARTESIAN_POINT('',(-1.7347234759768E-18,0.0142307692307692,0.0072));
#3468=CARTESIAN_POINT('',(-0.008,0.0142307692307692,0.0072));
#3469=CARTESIAN_POINT('',(-0.008,0.0142307692307692,0.0072));
#3470=CARTESIAN_POINT('',(-1.7347234759768E-18,0.0142307692307692,0.0072));
#3471=CARTESIAN_POINT('',(-0.008,0.0119807692307692,0.0072));
#3472=CARTESIAN_POINT('',(-0.008,0.0119807692307692,0.0072));
#3473=CARTESIAN_POINT('',(1.7347234759768E-18,0.00475,0.0072));
#3474=CARTESIAN_POINT('',(0.0085,0.02575,0.));
#3475=CARTESIAN_POINT('',(0.0085,0.02375,0.));
#3476=CARTESIAN_POINT('',(0.0085,0.02375,0.));
#3477=CARTESIAN_POINT('',(0.0085,0.02575,0.));
#3478=CARTESIAN_POINT('',(0.0085,0.02375,0.0025));
#3479=CARTESIAN_POINT('',(-0.0085,0.02375,0.0025));
#3480=CARTESIAN_POINT('',(-0.0085,0.02375,0.));
#3481=CARTESIAN_POINT('',(-0.0085,0.02375,0.005));
#3482=CARTESIAN_POINT('',(0.0085,0.02375,0.));
#3483=CARTESIAN_POINT('',(0.0085,0.02375,0.0025));
#3484=CARTESIAN_POINT('',(0.0085,0.02375,0.005));
#3485=CARTESIAN_POINT('',(0.0085,0.02375,0.005));
#3486=CARTESIAN_POINT('',(0.0085,0.02575,0.));
#3487=CARTESIAN_POINT('',(-0.0085,0.02575,0.));
#3488=CARTESIAN_POINT('',(0.0085,0.02575,0.005));
#3489=CARTESIAN_POINT('',(-0.0085,0.02575,0.005));
#3490=CARTESIAN_POINT('',(0.0085,0.02575,0.005));
#3491=CARTESIAN_POINT('',(-0.0085,0.02775,0.0025));
#3492=CARTESIAN_POINT('',(-0.0085,0.02775,0.0025));
#3493=CARTESIAN_POINT('',(-0.0085,0.02775,0.008));
#3494=CARTESIAN_POINT('',(-0.014,0.02775,0.0025));
#3495=CARTESIAN_POINT('',(-0.014,0.02775,0.0025));
#3496=CARTESIAN_POINT('',(-0.014,0.02775,0.008));
#3497=CARTESIAN_POINT('',(-0.014,0.02775,0.0025));
#3498=CARTESIAN_POINT('',(0.014,0.02775,0.0025));
#3499=CARTESIAN_POINT('',(0.014,0.02775,0.0025));
#3500=CARTESIAN_POINT('',(0.014,0.02775,-0.003));
#3501=CARTESIAN_POINT('',(0.0085,0.02775,0.0025));
#3502=CARTESIAN_POINT('',(0.0085,0.02775,-0.003));
#3503=CARTESIAN_POINT('',(0.014,0.02775,0.0025));
#3504=CARTESIAN_POINT('',(0.0085,0.02775,0.0025));
#3505=CARTESIAN_POINT('',(0.0075,-0.00125,0.0125));
#3506=CARTESIAN_POINT('',(0.0075,-0.00125,0.0045));
#3507=CARTESIAN_POINT('',(0.0075,0.00675,0.0045));
#3508=CARTESIAN_POINT('',(0.0075,0.00675,0.0125));
#3509=CARTESIAN_POINT('',(0.0075,0.00675,0.0125));
#3510=CARTESIAN_POINT('',(0.0075,-0.00125,0.0125));
#3511=CARTESIAN_POINT('',(-5.20417042793042E-18,0.00675,0.0125));
#3512=CARTESIAN_POINT('',(-5.20417042793042E-18,0.00675,0.0045));
#3513=CARTESIAN_POINT('',(-0.0075,0.00675,0.0045));
#3514=CARTESIAN_POINT('',(-0.0075,0.00675,0.0125));
#3515=CARTESIAN_POINT('',(-0.0075,0.00675,0.0125));
#3516=CARTESIAN_POINT('',(-5.20417042793042E-18,0.00675,0.0125));
#3517=CARTESIAN_POINT('',(-0.0075,-0.00125,0.0125));
#3518=CARTESIAN_POINT('',(-0.0075,-0.00125,0.0045));
#3519=CARTESIAN_POINT('',(-0.0075,-0.00125,0.0125));
#3520=CARTESIAN_POINT('',(3.46944695195361E-18,-0.00125,0.0045));
#3521=CARTESIAN_POINT('',(-0.008,-0.00675,0.0135));
#3522=CARTESIAN_POINT('',(-0.008,-0.00675,0.0125));
#3523=CARTESIAN_POINT('',(-0.0105,-0.00675,0.0125));
#3524=CARTESIAN_POINT('',(-0.0105,-0.00675,0.0135));
#3525=CARTESIAN_POINT('',(0.008,-0.00675,0.0135));
#3526=CARTESIAN_POINT('',(0.008,-0.00675,0.0125));
#3527=CARTESIAN_POINT('',(0.0105,-0.00675,0.0125));
#3528=CARTESIAN_POINT('',(0.0105,-0.00675,0.0135));
#3529=CARTESIAN_POINT('',(0.0105,-0.0005,0.0135));
#3530=CARTESIAN_POINT('',(0.0105,-0.0005,0.0125));
#3531=CARTESIAN_POINT('',(0.0105,0.00575,0.0125));
#3532=CARTESIAN_POINT('',(0.0105,0.00575,0.0135));
#3533=CARTESIAN_POINT('',(0.008,0.00575,0.0135));
#3534=CARTESIAN_POINT('',(0.008,0.00575,0.0125));
#3535=CARTESIAN_POINT('',(0.008,0.00825,0.0125));
#3536=CARTESIAN_POINT('',(0.008,0.00825,0.0135));
#3537=CARTESIAN_POINT('',(-6.93889390390723E-18,0.00825,0.0135));
#3538=CARTESIAN_POINT('',(-6.93889390390723E-18,0.00825,0.0125));
#3539=CARTESIAN_POINT('',(-0.008,0.00825,0.0125));
#3540=CARTESIAN_POINT('',(-0.008,0.00825,0.0135));
#3541=CARTESIAN_POINT('',(-0.008,0.00575,0.0135));
#3542=CARTESIAN_POINT('',(-0.008,0.00575,0.0125));
#3543=CARTESIAN_POINT('',(-0.0105,0.00575,0.0125));
#3544=CARTESIAN_POINT('',(-0.0105,0.00575,0.0135));
#3545=CARTESIAN_POINT('',(-0.0105,-0.0005,0.0135));
#3546=CARTESIAN_POINT('',(-0.0105,-0.0005,0.0125));
#3547=CARTESIAN_POINT('',(-0.0105,-0.005,0.0135));
#3548=CARTESIAN_POINT('',(-0.0105,-0.005,0.015));
#3549=CARTESIAN_POINT('',(-0.0105,-0.0035,0.015));
#3550=CARTESIAN_POINT('',(-0.0105,-0.0035,0.0135));
#3551=CARTESIAN_POINT('',(-0.0105,-0.0005,0.0135));
#3552=CARTESIAN_POINT('',(-0.0105,0.0025,0.0135));
#3553=CARTESIAN_POINT('',(-0.0105,0.0025,0.015));
#3554=CARTESIAN_POINT('',(-0.0105,0.004,0.015));
#3555=CARTESIAN_POINT('',(-0.0105,0.004,0.0165));
#3556=CARTESIAN_POINT('',(0.,-0.0005,0.0125));
#3557=CARTESIAN_POINT('',(-0.000599999999999993,-0.0005,0.0135));
#3558=CARTESIAN_POINT('',(-0.0117,-0.0035,0.0135));
#3559=CARTESIAN_POINT('',(-0.0117,-0.0035,0.0135));
#3560=CARTESIAN_POINT('',(-0.0117,-0.0005,0.0135));
#3561=CARTESIAN_POINT('',(-0.0117,0.0025,0.0135));
#3562=CARTESIAN_POINT('',(-0.000599999999999993,0.0025,0.0135));
#3563=CARTESIAN_POINT('',(-0.0046,-0.0005,0.0165));
#3564=CARTESIAN_POINT('',(-0.0046,-0.0005,0.0165));
#3565=CARTESIAN_POINT('',(-0.0046,0.0025,0.0165));
#3566=CARTESIAN_POINT('',(-0.0046,-0.0035,0.0165));
#3567=CARTESIAN_POINT('',(-0.0046,-0.0035,0.015));
#3568=CARTESIAN_POINT('',(-0.0046,-0.005,0.015));
#3569=CARTESIAN_POINT('',(-0.0046,-0.005,0.0165));
#3570=CARTESIAN_POINT('',(-0.0046,0.004,0.0165));
#3571=CARTESIAN_POINT('',(-0.0046,0.004,0.015));
#3572=CARTESIAN_POINT('',(-0.0046,0.0025,0.015));
#3573=CARTESIAN_POINT('',(-0.00815,0.004,0.0165));
#3574=CARTESIAN_POINT('',(-0.0046,0.004,0.015));
#3575=CARTESIAN_POINT('',(-0.0117,-0.0005,0.0165));
#3576=CARTESIAN_POINT('',(-0.0117,-0.0035,0.015));
#3577=CARTESIAN_POINT('',(-0.0117,-0.0035,0.0165));
#3578=CARTESIAN_POINT('',(-0.0117,-0.0005,0.0165));
#3579=CARTESIAN_POINT('',(-0.0117,0.0025,0.0165));
#3580=CARTESIAN_POINT('',(-0.0117,0.0025,0.015));
#3581=CARTESIAN_POINT('',(-0.00815,-0.005,0.0165));
#3582=CARTESIAN_POINT('',(-0.00815,-0.005,0.015));
#3583=CARTESIAN_POINT('',(-0.000599999999999993,-0.0005,0.0165));
#3584=CARTESIAN_POINT('',(-0.000599999999999993,-0.0035,0.0165));
#3585=CARTESIAN_POINT('',(-0.0117,0.0025,0.0165));
#3586=CARTESIAN_POINT('',(0.0071,-0.0005,0.015));
#3587=CARTESIAN_POINT('',(0.0071,0.006,0.015));
#3588=CARTESIAN_POINT('',(0.0071,0.006,0.015));
#3589=CARTESIAN_POINT('',(0.0071,-0.0005,0.015));
#3590=CARTESIAN_POINT('',(0.0071,-0.007,0.015));
#3591=CARTESIAN_POINT('',(0.0071,-0.007,0.015));
#3592=CARTESIAN_POINT('',(0.00185,0.006,0.015));
#3593=CARTESIAN_POINT('',(-0.0034,0.006,0.015));
#3594=CARTESIAN_POINT('',(-0.0034,0.006,0.015));
#3595=CARTESIAN_POINT('',(0.00185,0.006,0.015));
#3596=CARTESIAN_POINT('',(-0.0034,-0.0005,0.015));
#3597=CARTESIAN_POINT('',(-0.0034,-0.007,0.015));
#3598=CARTESIAN_POINT('',(-0.0034,-0.007,0.015));
#3599=CARTESIAN_POINT('',(-0.0034,-0.0005,0.015));
#3600=CARTESIAN_POINT('',(0.00185,-0.007,0.015));
#3601=CARTESIAN_POINT('',(0.00185,-0.007,0.015));
#3602=CARTESIAN_POINT('',(-0.000599999999999993,-0.0005,0.015));
#3603=CARTESIAN_POINT('',(-0.00815,-0.0035,0.015));
#3604=CARTESIAN_POINT('',(-0.000599999999999993,0.0025,0.015));
#3605=CARTESIAN_POINT('',(-0.01225,0.000499999999999994,0.0033));
#3606=CARTESIAN_POINT('',(-0.01225,0.00165,0.0033));
#3607=CARTESIAN_POINT('',(-0.01225,0.00165,-0.001));
#3608=CARTESIAN_POINT('',(-0.01225,0.00595,-0.001));
#3609=CARTESIAN_POINT('',(-0.01225,0.01025,-0.001));
#3610=CARTESIAN_POINT('',(-0.01225,0.01025,0.0033));
#3611=CARTESIAN_POINT('',(-0.01225,0.01025,0.0076));
#3612=CARTESIAN_POINT('',(-0.01225,0.00595,0.0076));
#3613=CARTESIAN_POINT('',(-0.01225,0.00165,0.0076));
#3614=CARTESIAN_POINT('',(-0.01225,0.00165,0.0033));
#3615=CARTESIAN_POINT('',(-0.01425,0.00165,0.0033));
#3616=CARTESIAN_POINT('',(-0.01425,0.00165,0.0076));
#3617=CARTESIAN_POINT('',(-0.01425,0.00165,0.0076));
#3618=CARTESIAN_POINT('',(-0.01425,0.00165,0.0033));
#3619=CARTESIAN_POINT('',(-0.01425,0.00165,-0.001));
#3620=CARTESIAN_POINT('',(-0.01425,0.00165,-0.001));
#3621=CARTESIAN_POINT('',(-0.01425,0.00595,0.0076));
#3622=CARTESIAN_POINT('',(-0.01425,0.01025,0.0076));
#3623=CARTESIAN_POINT('',(-0.01425,0.01025,0.0076));
#3624=CARTESIAN_POINT('',(-0.01425,0.00595,0.0076));
#3625=CARTESIAN_POINT('',(-0.01425,0.01025,0.0033));
#3626=CARTESIAN_POINT('',(-0.01425,0.01025,-0.001));
#3627=CARTESIAN_POINT('',(-0.01425,0.01025,-0.001));
#3628=CARTESIAN_POINT('',(-0.01425,0.01025,0.0033));
#3629=CARTESIAN_POINT('',(-0.01425,0.00595,-0.001));
#3630=CARTESIAN_POINT('',(-0.01425,0.00595,-0.001));
#3631=CARTESIAN_POINT('',(-0.01425,0.000499999999999993,0.0033));
#3632=CARTESIAN_POINT('',(0.01425,0.00165,0.0033));
#3633=CARTESIAN_POINT('',(0.01225,0.00165,0.0033));
#3634=CARTESIAN_POINT('',(0.01225,0.00165,0.0076));
#3635=CARTESIAN_POINT('',(0.01225,0.00165,0.0033));
#3636=CARTESIAN_POINT('',(0.01225,0.00165,-0.001));
#3637=CARTESIAN_POINT('',(0.01425,0.00165,-0.001));
#3638=CARTESIAN_POINT('',(0.01425,0.00165,-0.001));
#3639=CARTESIAN_POINT('',(0.01425,0.00165,0.0033));
#3640=CARTESIAN_POINT('',(0.01425,0.00165,0.0076));
#3641=CARTESIAN_POINT('',(0.01425,0.00165,0.0076));
#3642=CARTESIAN_POINT('',(0.01425,0.00595,-0.001));
#3643=CARTESIAN_POINT('',(0.01225,0.00595,-0.001));
#3644=CARTESIAN_POINT('',(0.01225,0.01025,-0.001));
#3645=CARTESIAN_POINT('',(0.01425,0.01025,-0.001));
#3646=CARTESIAN_POINT('',(0.01425,0.01025,-0.001));
#3647=CARTESIAN_POINT('',(0.01425,0.00595,-0.001));
#3648=CARTESIAN_POINT('',(0.01425,0.01025,0.0033));
#3649=CARTESIAN_POINT('',(0.01225,0.01025,0.0033));
#3650=CARTESIAN_POINT('',(0.01225,0.01025,0.0076));
#3651=CARTESIAN_POINT('',(0.01425,0.01025,0.0076));
#3652=CARTESIAN_POINT('',(0.01425,0.01025,0.0076));
#3653=CARTESIAN_POINT('',(0.01425,0.01025,0.0033));
#3654=CARTESIAN_POINT('',(0.01425,0.00595,0.0076));
#3655=CARTESIAN_POINT('',(0.01225,0.00595,0.0076));
#3656=CARTESIAN_POINT('',(0.01425,0.00595,0.0076));
#3657=CARTESIAN_POINT('',(0.01425,0.000499999999999993,0.0033));
#3658=CARTESIAN_POINT('',(0.01225,0.000499999999999994,0.0033));
#3659=CARTESIAN_POINT('',(0.,-0.024802,0.0035));
#3660=CARTESIAN_POINT('',(-0.0045,-0.024802,0.0035));
#3661=CARTESIAN_POINT('',(-0.0045,-0.024802,8.67361737988404E-19));
#3662=CARTESIAN_POINT('',(0.,-0.024802,8.67361737988404E-19));
#3663=CARTESIAN_POINT('',(0.0045,-0.024802,6.50521303491303E-19));
#3664=CARTESIAN_POINT('',(0.0045,-0.024802,0.0035));
#3665=CARTESIAN_POINT('',(0.0045,0.033252,0.0035));
#3666=CARTESIAN_POINT('',(0.0045,0.033252,6.50521303491303E-19));
#3667=CARTESIAN_POINT('',(0.,0.033252,8.67361737988404E-19));
#3668=CARTESIAN_POINT('',(-0.0045,0.033252,8.67361737988404E-19));
#3669=CARTESIAN_POINT('',(-0.0045,0.033252,0.0035));
#3670=MECHANICAL_DESIGN_GEOMETRIC_PRESENTATION_REPRESENTATION('',(#1917,
#1718,#1719,#1720,#1721,#1722,#1723,#1724,#1725,#1726,#1727,#1728,#1729,
#1730,#1731,#1732,#1733,#1734,#1735,#1736,#1737,#1738,#1739,#1740,#1741,
#1742,#1743,#1744,#1745,#1746,#1747,#1748,#1749,#1750,#1751,#1752,#1753,
#1754,#1755,#1756,#1757,#1758,#1759,#1760,#1761,#1762,#1763,#1764,#1765,
#1766,#1767,#1768,#1769,#1770,#1771,#1772,#1773,#1774,#1775,#1776,#1777,
#1778,#1779,#1780,#1781,#1782,#1783,#1784,#1785,#1786,#1787,#1788,#1789,
#1790,#1791,#1792,#1793,#1794,#1795,#1796,#1797,#1798,#1799,#1800,#1801,
#1802,#1803,#1804,#1805,#1806,#1807,#1808,#1809,#1810,#1811,#1812,#1813,
#1814,#1815,#1816),#3671);
#3671=(
GEOMETRIC_REPRESENTATION_CONTEXT(3)
GLOBAL_UNCERTAINTY_ASSIGNED_CONTEXT((#3672))
GLOBAL_UNIT_ASSIGNED_CONTEXT((#3675,#3674,#3673))
REPRESENTATION_CONTEXT('Chassis & Electronics',
'TOP_LEVEL_ASSEMBLY_PART')
);
#3672=UNCERTAINTY_MEASURE_WITH_UNIT(LENGTH_MEASURE(1.E-8),#3675,
'DISTANCE_ACCURACY_VALUE','Maximum Tolerance applied to model');
#3673=(
NAMED_UNIT(*)
SI_UNIT($,.STERADIAN.)
SOLID_ANGLE_UNIT()
);
#3674=(
NAMED_UNIT(*)
PLANE_ANGLE_UNIT()
SI_UNIT($,.RADIAN.)
);
#3675=(
LENGTH_UNIT()
NAMED_UNIT(*)
SI_UNIT($,.METRE.)
);
#3676=PRODUCT_DEFINITION_SHAPE('','',#3677);
#3677=PRODUCT_DEFINITION('','',#3679,#3678);
#3678=PRODUCT_DEFINITION_CONTEXT('',#3685,'design');
#3679=PRODUCT_DEFINITION_FORMATION_WITH_SPECIFIED_SOURCE('','',#3681,
 .NOT_KNOWN.);
#3680=PRODUCT_RELATED_PRODUCT_CATEGORY('','',(#3681));
#3681=PRODUCT('Chassis & Electronics','Chassis & Electronics',
'Chassis & Electronics',(#3683));
#3682=PRODUCT_CATEGORY('','');
#3683=PRODUCT_CONTEXT('',#3685,'mechanical');
#3684=APPLICATION_PROTOCOL_DEFINITION('international standard',
'ap242_managed_model_based_3d_engineering',2020,#3685);
#3685=APPLICATION_CONTEXT('managed model based 3d engineering');
ENDSEC;
END-ISO-10303-21;
