ISO-10303-21;
HEADER;
/* Generated by software containing ST-Developer
 * from STEP Tools, Inc. (www.steptools.com) 
 */
/* OPTION: using custom renumber hook */

FILE_DESCRIPTION(
/* description */ ('STEP AP242 Edition 2',
'CAx-IF Rec.Pracs.---Representation and Presentation of Product Manufa
cturing Information (PMI)---4.0---2014-10-13',
'CAx-IF Rec.Pracs.---3D Tessellated Geometry---0.4---2014-09-14','2;1',
'CAx-IF Rec.Pracs.---User Defined Attributes---1.5---2016-08-15'),
/* implementation_level */ '2;1');

FILE_NAME(
/* name */ '6961075418d482e0de20b929',
/* time_stamp */ '2026-01-09T13:49:09Z',
/* author */ (''),
/* organization */ (''),
/* preprocessor_version */ 'ST-DEVELOPER v20',
/* originating_system */ 'ONSHAPE BY PTC INC, 1.208',
/* authorisation */ '  ');

FILE_SCHEMA (('AP242_MANAGED_MODEL_BASED_3D_ENGINEERING_MIM_LF { 1 0 10303 442 3 1 4 }'));
ENDSEC;

DATA;
#10=SHAPE_REPRESENTATION_RELATIONSHIP('','',#3530,#11);
#11=ADVANCED_BREP_SHAPE_REPRESENTATION('',(#3528),#5999);
#12=B_SPLINE_SURFACE_WITH_KNOTS('',1,3,((#5891,#5892,#5893,#5894,#5895,
#5896,#5897,#5898,#5899,#5900),(#5901,#5902,#5903,#5904,#5905,#5906,#5907,
#5908,#5909,#5910)),.RULED_SURF.,.F.,.F.,.F.,(2,2),(4,2,2,2,4),(0.,1.),
(4.45977046604313,5.10808601551313,5.75640156498313,6.40471711445313,7.05303266392313),
 .UNSPECIFIED.);
#13=B_SPLINE_SURFACE_WITH_KNOTS('',1,3,((#5911,#5912,#5913,#5914,#5915,
#5916,#5917,#5918,#5919,#5920),(#5921,#5922,#5923,#5924,#5925,#5926,#5927,
#5928,#5929,#5930)),.RULED_SURF.,.F.,.F.,.F.,(2,2),(4,2,2,2,4),(0.,1.),
(2.35391672139322,3.00774161044857,3.66156649950391,4.31539138855925,4.96921627761459),
 .UNSPECIFIED.);
#14=CYLINDRICAL_SURFACE('',#3703,0.007);
#15=CYLINDRICAL_SURFACE('',#3704,0.007);
#16=CYLINDRICAL_SURFACE('',#3705,0.00685);
#17=CYLINDRICAL_SURFACE('',#3707,0.00685);
#18=CYLINDRICAL_SURFACE('',#3725,0.003);
#19=CYLINDRICAL_SURFACE('',#3726,0.003);
#20=CYLINDRICAL_SURFACE('',#3727,0.003);
#21=CYLINDRICAL_SURFACE('',#3728,0.003);
#22=CYLINDRICAL_SURFACE('',#3773,0.00871569280968504);
#23=CYLINDRICAL_SURFACE('',#3777,0.0085);
#24=CYLINDRICAL_SURFACE('',#3780,0.0014);
#25=CYLINDRICAL_SURFACE('',#3781,0.0014);
#26=CYLINDRICAL_SURFACE('',#3782,0.0014);
#27=CYLINDRICAL_SURFACE('',#3783,0.0014);
#28=CYLINDRICAL_SURFACE('',#3784,0.0014);
#29=CYLINDRICAL_SURFACE('',#3785,0.0014);
#30=CYLINDRICAL_SURFACE('',#3786,0.0014);
#31=CYLINDRICAL_SURFACE('',#3787,0.0014);
#32=CYLINDRICAL_SURFACE('',#3788,0.0014);
#33=CYLINDRICAL_SURFACE('',#3789,0.0014);
#34=CYLINDRICAL_SURFACE('',#3790,0.0014);
#35=CYLINDRICAL_SURFACE('',#3791,0.0014);
#36=CYLINDRICAL_SURFACE('',#3792,0.0014);
#37=CYLINDRICAL_SURFACE('',#3793,0.0014);
#38=CYLINDRICAL_SURFACE('',#3794,0.0014);
#39=CYLINDRICAL_SURFACE('',#3795,0.0014);
#40=CYLINDRICAL_SURFACE('',#3796,0.0014);
#41=CYLINDRICAL_SURFACE('',#3797,0.0014);
#42=CYLINDRICAL_SURFACE('',#3798,0.0014);
#43=CYLINDRICAL_SURFACE('',#3799,0.0014);
#44=CYLINDRICAL_SURFACE('',#3800,0.0014);
#45=CYLINDRICAL_SURFACE('',#3801,0.0014);
#46=CYLINDRICAL_SURFACE('',#3802,0.0014);
#47=CYLINDRICAL_SURFACE('',#3803,0.0014);
#48=CYLINDRICAL_SURFACE('',#3804,0.0014);
#49=CYLINDRICAL_SURFACE('',#3805,0.0014);
#50=CYLINDRICAL_SURFACE('',#3806,0.0014);
#51=CYLINDRICAL_SURFACE('',#3807,0.0014);
#52=CYLINDRICAL_SURFACE('',#3808,0.0014);
#53=CYLINDRICAL_SURFACE('',#3809,0.0014);
#54=CYLINDRICAL_SURFACE('',#3810,0.0014);
#55=CYLINDRICAL_SURFACE('',#3811,0.0014);
#56=CYLINDRICAL_SURFACE('',#3812,0.0014);
#57=CYLINDRICAL_SURFACE('',#3813,0.002);
#58=CYLINDRICAL_SURFACE('',#3814,0.002);
#59=CONICAL_SURFACE('',#3580,0.00685,0.785398163397449);
#60=CONICAL_SURFACE('',#3584,0.00825,0.785398163397449);
#61=CONICAL_SURFACE('',#3709,0.00825,0.785398163397449);
#62=CONICAL_SURFACE('',#3710,0.00685,0.785398163397449);
#63=CONICAL_SURFACE('',#3768,0.007,0.785049291393701);
#64=CONICAL_SURFACE('',#3770,0.0085,0.785398163397448);
#65=ELLIPSE('',#3543,0.00176513846212255,0.0014);
#66=ELLIPSE('',#3570,0.00203085322377149,0.002);
#67=ELLIPSE('',#3571,0.00203085322377149,0.002);
#68=ELLIPSE('',#3588,0.00176513846212255,0.0014);
#69=ELLIPSE('',#3589,0.00176513846212255,0.0014);
#70=ELLIPSE('',#3590,0.00176513846212255,0.0014);
#71=ELLIPSE('',#3591,0.00176513846212255,0.0014);
#72=ELLIPSE('',#3604,0.00176513846212255,0.0014);
#73=ELLIPSE('',#3605,0.00176513846212255,0.0014);
#74=ELLIPSE('',#3606,0.00176513846212255,0.0014);
#75=ELLIPSE('',#3607,0.00176513846212255,0.0014);
#76=ELLIPSE('',#3630,0.00176478348012505,0.0014);
#77=ELLIPSE('',#3635,0.00176478348012505,0.0014);
#78=ELLIPSE('',#3644,0.00743052210472964,0.0072511761939846);
#79=ELLIPSE('',#3645,0.00708498068011382,0.007);
#80=ELLIPSE('',#3649,0.00765500068950784,0.0074703670982878);
#81=ELLIPSE('',#3650,0.00708498068011383,0.007);
#82=ELLIPSE('',#3651,0.00708498068011383,0.007);
#83=ELLIPSE('',#3668,0.00176513846212255,0.0014);
#84=ELLIPSE('',#3669,0.00176513846212255,0.0014);
#85=ELLIPSE('',#3694,0.0141581647960036,0.00685);
#86=ELLIPSE('',#3696,0.0141581647960036,0.00685);
#87=ELLIPSE('',#3741,0.0021750307467817,0.002);
#88=ELLIPSE('',#3743,0.00217503074678169,0.002);
#89=ELLIPSE('',#3746,0.00162425388780249,0.0014);
#90=CIRCLE('',#3536,0.0014);
#91=CIRCLE('',#3537,0.0014);
#92=CIRCLE('',#3538,0.0014);
#93=CIRCLE('',#3539,0.0014);
#94=CIRCLE('',#3540,0.0014);
#95=CIRCLE('',#3542,0.0014);
#96=CIRCLE('',#3544,0.0014);
#97=CIRCLE('',#3545,0.0014);
#98=CIRCLE('',#3546,0.0014);
#99=CIRCLE('',#3547,0.0014);
#100=CIRCLE('',#3549,0.0014);
#101=CIRCLE('',#3550,0.0014);
#102=CIRCLE('',#3551,0.0014);
#103=CIRCLE('',#3552,0.0014);
#104=CIRCLE('',#3556,0.0014);
#105=CIRCLE('',#3557,0.0014);
#106=CIRCLE('',#3558,0.0014);
#107=CIRCLE('',#3559,0.0014);
#108=CIRCLE('',#3563,0.007);
#109=CIRCLE('',#3564,0.003);
#110=CIRCLE('',#3565,0.003);
#111=CIRCLE('',#3566,0.00685);
#112=CIRCLE('',#3581,0.00685);
#113=CIRCLE('',#3582,0.00825);
#114=CIRCLE('',#3583,0.00825);
#115=CIRCLE('',#3585,0.00685);
#116=CIRCLE('',#3586,0.00825);
#117=CIRCLE('',#3592,0.00871569280968504);
#118=CIRCLE('',#3593,0.003);
#119=CIRCLE('',#3594,0.003);
#120=CIRCLE('',#3603,0.00721673906073103);
#121=CIRCLE('',#3608,0.0014);
#122=CIRCLE('',#3609,0.00685);
#123=CIRCLE('',#3610,0.003);
#124=CIRCLE('',#3611,0.003);
#125=CIRCLE('',#3613,0.0014);
#126=CIRCLE('',#3614,0.0014);
#127=CIRCLE('',#3615,0.0014);
#128=CIRCLE('',#3617,0.0014);
#129=CIRCLE('',#3618,0.0014);
#130=CIRCLE('',#3619,0.0014);
#131=CIRCLE('',#3620,0.0014);
#132=CIRCLE('',#3621,0.0014);
#133=CIRCLE('',#3622,0.0014);
#134=CIRCLE('',#3631,0.0014);
#135=CIRCLE('',#3632,0.0014);
#136=CIRCLE('',#3633,0.0014);
#137=CIRCLE('',#3634,0.0014);
#138=CIRCLE('',#3637,0.0014);
#139=CIRCLE('',#3638,0.0014);
#140=CIRCLE('',#3639,0.0014);
#141=CIRCLE('',#3640,0.0014);
#142=CIRCLE('',#3641,0.0014);
#143=CIRCLE('',#3642,0.0014);
#144=CIRCLE('',#3655,0.0014);
#145=CIRCLE('',#3656,0.0014);
#146=CIRCLE('',#3657,0.0014);
#147=CIRCLE('',#3658,0.0014);
#148=CIRCLE('',#3659,0.0014);
#149=CIRCLE('',#3663,0.00825);
#150=CIRCLE('',#3664,0.00825);
#151=CIRCLE('',#3665,0.003);
#152=CIRCLE('',#3666,0.003);
#153=CIRCLE('',#3667,0.0085);
#154=CIRCLE('',#3671,0.00825);
#155=CIRCLE('',#3673,0.0014);
#156=CIRCLE('',#3674,0.0014);
#157=CIRCLE('',#3675,0.0014);
#158=CIRCLE('',#3676,0.0014);
#159=CIRCLE('',#3677,0.0014);
#160=CIRCLE('',#3678,0.0014);
#161=CIRCLE('',#3685,0.0014);
#162=CIRCLE('',#3686,0.0014);
#163=CIRCLE('',#3687,0.0014);
#164=CIRCLE('',#3688,0.0014);
#165=CIRCLE('',#3698,0.0014);
#166=CIRCLE('',#3699,0.0014);
#167=CIRCLE('',#3700,0.0014);
#168=CIRCLE('',#3701,0.0014);
#169=CIRCLE('',#3702,0.0014);
#170=CIRCLE('',#3706,0.00685);
#171=CIRCLE('',#3708,0.00685);
#172=CIRCLE('',#3737,0.002);
#173=CIRCLE('',#3738,0.002);
#174=CIRCLE('',#3769,0.00871569280968504);
#175=CIRCLE('',#3771,0.0085);
#176=CIRCLE('',#3774,0.00871569280968504);
#177=CIRCLE('',#3778,0.0085);
#178=B_SPLINE_CURVE_WITH_KNOTS('',3,(#4758,#4759,#4760,#4761),
 .UNSPECIFIED.,.F.,.F.,(4,4),(0.,1.),.UNSPECIFIED.);
#179=B_SPLINE_CURVE_WITH_KNOTS('',3,(#4768,#4769,#4770,#4771),
 .UNSPECIFIED.,.F.,.F.,(4,4),(0.,1.),.UNSPECIFIED.);
#180=B_SPLINE_CURVE_WITH_KNOTS('',3,(#4778,#4779,#4780,#4781),
 .UNSPECIFIED.,.F.,.F.,(4,4),(0.,1.),.UNSPECIFIED.);
#181=B_SPLINE_CURVE_WITH_KNOTS('',3,(#4878,#4879,#4880,#4881,#4882,#4883),
 .UNSPECIFIED.,.F.,.F.,(4,1,1,4),(0.,0.00192760925646168,0.00385521851292335,
0.0077104370258467),.UNSPECIFIED.);
#182=B_SPLINE_CURVE_WITH_KNOTS('',3,(#4922,#4923,#4924,#4925),
 .UNSPECIFIED.,.F.,.F.,(4,4),(3.95577815330262E-17,0.00230713174575834),
 .UNSPECIFIED.);
#183=B_SPLINE_CURVE_WITH_KNOTS('',3,(#4930,#4931,#4932,#4933),
 .UNSPECIFIED.,.F.,.F.,(4,4),(0.,0.00235566882308321),.UNSPECIFIED.);
#184=B_SPLINE_CURVE_WITH_KNOTS('',3,(#4978,#4979,#4980,#4981),
 .UNSPECIFIED.,.F.,.F.,(4,4),(0.,1.),.UNSPECIFIED.);
#185=B_SPLINE_CURVE_WITH_KNOTS('',3,(#4999,#5000,#5001,#5002),
 .UNSPECIFIED.,.F.,.F.,(4,4),(0.,1.),.UNSPECIFIED.);
#186=B_SPLINE_CURVE_WITH_KNOTS('',3,(#5066,#5067,#5068,#5069),
 .UNSPECIFIED.,.F.,.F.,(4,4),(0.,0.000253271726853398),.UNSPECIFIED.);
#187=B_SPLINE_CURVE_WITH_KNOTS('',3,(#5083,#5084,#5085,#5086),
 .UNSPECIFIED.,.F.,.F.,(4,4),(0.,0.000329616059475341),.UNSPECIFIED.);
#188=B_SPLINE_CURVE_WITH_KNOTS('',3,(#5107,#5108,#5109,#5110,#5111),
 .UNSPECIFIED.,.F.,.F.,(4,1,4),(0.,0.00163813633078916,0.00327627266157831),
 .UNSPECIFIED.);
#189=B_SPLINE_CURVE_WITH_KNOTS('',3,(#5115,#5116,#5117,#5118,#5119,#5120),
 .UNSPECIFIED.,.F.,.F.,(4,1,1,4),(0.,0.00192760925646167,0.00385521851292335,
0.0077104370258467),.UNSPECIFIED.);
#190=B_SPLINE_CURVE_WITH_KNOTS('',3,(#5127,#5128,#5129,#5130,#5131),
 .UNSPECIFIED.,.F.,.F.,(4,1,4),(0.,0.00163813633078911,0.00327627266157822),
 .UNSPECIFIED.);
#191=B_SPLINE_CURVE_WITH_KNOTS('',3,(#5135,#5136,#5137,#5138),
 .UNSPECIFIED.,.F.,.F.,(4,4),(0.,0.00181396057483078),.UNSPECIFIED.);
#192=B_SPLINE_CURVE_WITH_KNOTS('',3,(#5140,#5141,#5142,#5143),
 .UNSPECIFIED.,.F.,.F.,(4,4),(0.,0.000587332876937026),.UNSPECIFIED.);
#193=B_SPLINE_CURVE_WITH_KNOTS('',3,(#5174,#5175,#5176,#5177),
 .UNSPECIFIED.,.F.,.F.,(4,4),(0.,0.000166895721255798),.UNSPECIFIED.);
#194=B_SPLINE_CURVE_WITH_KNOTS('',3,(#5204,#5205,#5206,#5207),
 .UNSPECIFIED.,.F.,.F.,(4,4),(0.,0.00233726556881756),.UNSPECIFIED.);
#195=B_SPLINE_CURVE_WITH_KNOTS('',3,(#5213,#5214,#5215,#5216),
 .UNSPECIFIED.,.F.,.F.,(4,4),(0.,1.),.UNSPECIFIED.);
#196=B_SPLINE_CURVE_WITH_KNOTS('',3,(#5222,#5223,#5224,#5225),
 .UNSPECIFIED.,.F.,.F.,(4,4),(0.,0.0023071317457583),.UNSPECIFIED.);
#197=B_SPLINE_CURVE_WITH_KNOTS('',3,(#5229,#5230,#5231,#5232),
 .UNSPECIFIED.,.F.,.F.,(4,4),(0.,1.),.UNSPECIFIED.);
#198=B_SPLINE_CURVE_WITH_KNOTS('',3,(#5241,#5242,#5243,#5244),
 .UNSPECIFIED.,.F.,.F.,(4,4),(0.,0.000587332876937026),.UNSPECIFIED.);
#199=B_SPLINE_CURVE_WITH_KNOTS('',3,(#5356,#5357,#5358,#5359),
 .UNSPECIFIED.,.F.,.F.,(4,4),(0.,0.00181396057483078),.UNSPECIFIED.);
#200=B_SPLINE_CURVE_WITH_KNOTS('',3,(#5450,#5451,#5452,#5453),
 .UNSPECIFIED.,.F.,.F.,(4,4),(0.,1.),.UNSPECIFIED.);
#201=B_SPLINE_CURVE_WITH_KNOTS('',3,(#5472,#5473,#5474,#5475,#5476),
 .UNSPECIFIED.,.F.,.F.,(4,1,4),(0.,0.5,1.),.UNSPECIFIED.);
#202=B_SPLINE_CURVE_WITH_KNOTS('',3,(#5513,#5514,#5515,#5516),
 .UNSPECIFIED.,.F.,.F.,(4,4),(0.,0.000795067497895215),.UNSPECIFIED.);
#203=B_SPLINE_CURVE_WITH_KNOTS('',3,(#5539,#5540,#5541,#5542),
 .UNSPECIFIED.,.F.,.F.,(4,4),(0.,0.00015465382148107),.UNSPECIFIED.);
#204=B_SPLINE_CURVE_WITH_KNOTS('',3,(#5617,#5618,#5619,#5620,#5621,#5622,
#5623),.UNSPECIFIED.,.F.,.F.,(4,1,1,1,4),(0.,0.00224202307856062,0.00448404615712125,
0.00672606923568187,0.00896809231424249),.UNSPECIFIED.);
#205=B_SPLINE_CURVE_WITH_KNOTS('',3,(#5626,#5627,#5628,#5629,#5630,#5631),
 .UNSPECIFIED.,.F.,.F.,(4,1,1,4),(0.,0.00398126539086778,0.00597189808630168,
0.00796253078173557),.UNSPECIFIED.);
#206=B_SPLINE_CURVE_WITH_KNOTS('',3,(#5642,#5643,#5644,#5645),
 .UNSPECIFIED.,.F.,.F.,(4,4),(0.,1.),.UNSPECIFIED.);
#207=B_SPLINE_CURVE_WITH_KNOTS('',3,(#5647,#5648,#5649,#5650,#5651,#5652),
 .UNSPECIFIED.,.F.,.F.,(4,1,1,4),(0.,0.00121520419775957,0.00243040839551914,
0.00486081679103827),.UNSPECIFIED.);
#208=B_SPLINE_CURVE_WITH_KNOTS('',3,(#5654,#5655,#5656,#5657,#5658,#5659,
#5660),.UNSPECIFIED.,.F.,.F.,(4,1,1,1,4),(0.,0.00181064886431814,0.00362129772863628,
0.00543194659295442,0.00724259545727256),.UNSPECIFIED.);
#209=B_SPLINE_CURVE_WITH_KNOTS('',3,(#5662,#5663,#5664,#5665),
 .UNSPECIFIED.,.F.,.F.,(4,4),(0.,1.),.UNSPECIFIED.);
#210=B_SPLINE_CURVE_WITH_KNOTS('',3,(#5669,#5670,#5671,#5672,#5673),
 .UNSPECIFIED.,.F.,.F.,(4,1,4),(0.00395707583858361,0.0055847006477296,
0.0072123254568756),.UNSPECIFIED.);
#211=B_SPLINE_CURVE_WITH_KNOTS('',3,(#5677,#5678,#5679,#5680,#5681),
 .UNSPECIFIED.,.F.,.F.,(4,1,4),(0.00395707583858371,0.00558470064772966,
0.00721232545687561),.UNSPECIFIED.);
#212=B_SPLINE_CURVE_WITH_KNOTS('',3,(#5701,#5702,#5703,#5704,#5705,#5706),
 .UNSPECIFIED.,.F.,.F.,(4,1,1,4),(0.,0.5,0.75,1.),.UNSPECIFIED.);
#213=B_SPLINE_CURVE_WITH_KNOTS('',3,(#5708,#5709,#5710,#5711,#5712,#5713,
#5714,#5715,#5716,#5717,#5718,#5719,#5720,#5721,#5722,#5723,#5724,#5725,
#5726,#5727,#5728,#5729,#5730),.UNSPECIFIED.,.F.,.F.,(4,1,1,1,1,1,1,1,1,
1,1,1,1,1,1,1,1,1,1,1,4),(0.,0.125,0.25,0.375,0.4375,0.46875,0.5,0.53125,
0.5625,0.625,0.6875,0.71875,0.734375,0.75,0.765625,0.78125,0.8125,0.84375,
0.875,0.9375,1.),.UNSPECIFIED.);
#214=B_SPLINE_CURVE_WITH_KNOTS('',3,(#5886,#5887,#5888,#5889),
 .UNSPECIFIED.,.F.,.F.,(4,4),(0.,1.),.UNSPECIFIED.);
#215=B_SPLINE_CURVE_WITH_KNOTS('',3,(#5931,#5932,#5933,#5934),
 .UNSPECIFIED.,.F.,.F.,(4,4),(0.,1.),.UNSPECIFIED.);
#216=B_SPLINE_CURVE_WITH_KNOTS('',3,(#5956,#5957,#5958,#5959),
 .UNSPECIFIED.,.F.,.F.,(4,4),(0.,0.000798239776684805),.UNSPECIFIED.);
#217=B_SPLINE_CURVE_WITH_KNOTS('',3,(#5977,#5978,#5979,#5980),
 .UNSPECIFIED.,.F.,.F.,(4,4),(7.04648007012958E-18,0.000945011344925148),
 .UNSPECIFIED.);
#218=B_SPLINE_CURVE_WITH_KNOTS('',3,(#5982,#5983,#5984,#5985),
 .UNSPECIFIED.,.F.,.F.,(4,4),(7.152448122691E-18,0.000945870483913164),
 .UNSPECIFIED.);
#219=ORIENTED_EDGE('',*,*,#1267,.F.);
#220=ORIENTED_EDGE('',*,*,#1268,.T.);
#221=ORIENTED_EDGE('',*,*,#1269,.F.);
#222=ORIENTED_EDGE('',*,*,#1270,.F.);
#223=ORIENTED_EDGE('',*,*,#1271,.T.);
#224=ORIENTED_EDGE('',*,*,#1272,.T.);
#225=ORIENTED_EDGE('',*,*,#1273,.F.);
#226=ORIENTED_EDGE('',*,*,#1274,.T.);
#227=ORIENTED_EDGE('',*,*,#1275,.F.);
#228=ORIENTED_EDGE('',*,*,#1276,.F.);
#229=ORIENTED_EDGE('',*,*,#1277,.T.);
#230=ORIENTED_EDGE('',*,*,#1278,.F.);
#231=ORIENTED_EDGE('',*,*,#1279,.T.);
#232=ORIENTED_EDGE('',*,*,#1280,.F.);
#233=ORIENTED_EDGE('',*,*,#1281,.T.);
#234=ORIENTED_EDGE('',*,*,#1282,.F.);
#235=ORIENTED_EDGE('',*,*,#1283,.T.);
#236=ORIENTED_EDGE('',*,*,#1284,.T.);
#237=ORIENTED_EDGE('',*,*,#1285,.T.);
#238=ORIENTED_EDGE('',*,*,#1286,.F.);
#239=ORIENTED_EDGE('',*,*,#1287,.F.);
#240=ORIENTED_EDGE('',*,*,#1288,.T.);
#241=ORIENTED_EDGE('',*,*,#1289,.T.);
#242=ORIENTED_EDGE('',*,*,#1290,.F.);
#243=ORIENTED_EDGE('',*,*,#1291,.T.);
#244=ORIENTED_EDGE('',*,*,#1292,.T.);
#245=ORIENTED_EDGE('',*,*,#1293,.T.);
#246=ORIENTED_EDGE('',*,*,#1294,.T.);
#247=ORIENTED_EDGE('',*,*,#1295,.F.);
#248=ORIENTED_EDGE('',*,*,#1296,.F.);
#249=ORIENTED_EDGE('',*,*,#1297,.T.);
#250=ORIENTED_EDGE('',*,*,#1298,.T.);
#251=ORIENTED_EDGE('',*,*,#1299,.T.);
#252=ORIENTED_EDGE('',*,*,#1300,.F.);
#253=ORIENTED_EDGE('',*,*,#1301,.T.);
#254=ORIENTED_EDGE('',*,*,#1302,.F.);
#255=ORIENTED_EDGE('',*,*,#1303,.T.);
#256=ORIENTED_EDGE('',*,*,#1304,.F.);
#257=ORIENTED_EDGE('',*,*,#1305,.T.);
#258=ORIENTED_EDGE('',*,*,#1306,.F.);
#259=ORIENTED_EDGE('',*,*,#1307,.T.);
#260=ORIENTED_EDGE('',*,*,#1308,.T.);
#261=ORIENTED_EDGE('',*,*,#1309,.T.);
#262=ORIENTED_EDGE('',*,*,#1310,.T.);
#263=ORIENTED_EDGE('',*,*,#1287,.T.);
#264=ORIENTED_EDGE('',*,*,#1311,.T.);
#265=ORIENTED_EDGE('',*,*,#1312,.F.);
#266=ORIENTED_EDGE('',*,*,#1313,.F.);
#267=ORIENTED_EDGE('',*,*,#1314,.T.);
#268=ORIENTED_EDGE('',*,*,#1315,.F.);
#269=ORIENTED_EDGE('',*,*,#1316,.T.);
#270=ORIENTED_EDGE('',*,*,#1317,.T.);
#271=ORIENTED_EDGE('',*,*,#1318,.T.);
#272=ORIENTED_EDGE('',*,*,#1319,.T.);
#273=ORIENTED_EDGE('',*,*,#1320,.T.);
#274=ORIENTED_EDGE('',*,*,#1321,.T.);
#275=ORIENTED_EDGE('',*,*,#1322,.T.);
#276=ORIENTED_EDGE('',*,*,#1323,.F.);
#277=ORIENTED_EDGE('',*,*,#1324,.T.);
#278=ORIENTED_EDGE('',*,*,#1325,.T.);
#279=ORIENTED_EDGE('',*,*,#1326,.T.);
#280=ORIENTED_EDGE('',*,*,#1327,.T.);
#281=ORIENTED_EDGE('',*,*,#1328,.T.);
#282=ORIENTED_EDGE('',*,*,#1329,.T.);
#283=ORIENTED_EDGE('',*,*,#1330,.T.);
#284=ORIENTED_EDGE('',*,*,#1331,.T.);
#285=ORIENTED_EDGE('',*,*,#1332,.F.);
#286=ORIENTED_EDGE('',*,*,#1333,.F.);
#287=ORIENTED_EDGE('',*,*,#1334,.T.);
#288=ORIENTED_EDGE('',*,*,#1335,.T.);
#289=ORIENTED_EDGE('',*,*,#1336,.T.);
#290=ORIENTED_EDGE('',*,*,#1337,.F.);
#291=ORIENTED_EDGE('',*,*,#1338,.T.);
#292=ORIENTED_EDGE('',*,*,#1339,.T.);
#293=ORIENTED_EDGE('',*,*,#1340,.T.);
#294=ORIENTED_EDGE('',*,*,#1341,.T.);
#295=ORIENTED_EDGE('',*,*,#1342,.F.);
#296=ORIENTED_EDGE('',*,*,#1343,.F.);
#297=ORIENTED_EDGE('',*,*,#1344,.T.);
#298=ORIENTED_EDGE('',*,*,#1345,.F.);
#299=ORIENTED_EDGE('',*,*,#1346,.T.);
#300=ORIENTED_EDGE('',*,*,#1347,.F.);
#301=ORIENTED_EDGE('',*,*,#1348,.T.);
#302=ORIENTED_EDGE('',*,*,#1349,.T.);
#303=ORIENTED_EDGE('',*,*,#1350,.T.);
#304=ORIENTED_EDGE('',*,*,#1351,.T.);
#305=ORIENTED_EDGE('',*,*,#1352,.F.);
#306=ORIENTED_EDGE('',*,*,#1353,.F.);
#307=ORIENTED_EDGE('',*,*,#1340,.F.);
#308=ORIENTED_EDGE('',*,*,#1354,.F.);
#309=ORIENTED_EDGE('',*,*,#1355,.T.);
#310=ORIENTED_EDGE('',*,*,#1356,.F.);
#311=ORIENTED_EDGE('',*,*,#1357,.T.);
#312=ORIENTED_EDGE('',*,*,#1358,.T.);
#313=ORIENTED_EDGE('',*,*,#1359,.F.);
#314=ORIENTED_EDGE('',*,*,#1360,.F.);
#315=ORIENTED_EDGE('',*,*,#1361,.F.);
#316=ORIENTED_EDGE('',*,*,#1362,.T.);
#317=ORIENTED_EDGE('',*,*,#1363,.T.);
#318=ORIENTED_EDGE('',*,*,#1364,.F.);
#319=ORIENTED_EDGE('',*,*,#1365,.F.);
#320=ORIENTED_EDGE('',*,*,#1366,.T.);
#321=ORIENTED_EDGE('',*,*,#1367,.T.);
#322=ORIENTED_EDGE('',*,*,#1368,.T.);
#323=ORIENTED_EDGE('',*,*,#1369,.T.);
#324=ORIENTED_EDGE('',*,*,#1370,.F.);
#325=ORIENTED_EDGE('',*,*,#1371,.T.);
#326=ORIENTED_EDGE('',*,*,#1372,.T.);
#327=ORIENTED_EDGE('',*,*,#1373,.T.);
#328=ORIENTED_EDGE('',*,*,#1374,.F.);
#329=ORIENTED_EDGE('',*,*,#1375,.T.);
#330=ORIENTED_EDGE('',*,*,#1376,.T.);
#331=ORIENTED_EDGE('',*,*,#1377,.T.);
#332=ORIENTED_EDGE('',*,*,#1378,.T.);
#333=ORIENTED_EDGE('',*,*,#1379,.F.);
#334=ORIENTED_EDGE('',*,*,#1380,.F.);
#335=ORIENTED_EDGE('',*,*,#1319,.F.);
#336=ORIENTED_EDGE('',*,*,#1381,.T.);
#337=ORIENTED_EDGE('',*,*,#1382,.T.);
#338=ORIENTED_EDGE('',*,*,#1383,.F.);
#339=ORIENTED_EDGE('',*,*,#1384,.T.);
#340=ORIENTED_EDGE('',*,*,#1385,.F.);
#341=ORIENTED_EDGE('',*,*,#1386,.T.);
#342=ORIENTED_EDGE('',*,*,#1387,.F.);
#343=ORIENTED_EDGE('',*,*,#1388,.T.);
#344=ORIENTED_EDGE('',*,*,#1389,.F.);
#345=ORIENTED_EDGE('',*,*,#1390,.T.);
#346=ORIENTED_EDGE('',*,*,#1391,.T.);
#347=ORIENTED_EDGE('',*,*,#1383,.T.);
#348=ORIENTED_EDGE('',*,*,#1392,.T.);
#349=ORIENTED_EDGE('',*,*,#1368,.F.);
#350=ORIENTED_EDGE('',*,*,#1393,.T.);
#351=ORIENTED_EDGE('',*,*,#1394,.F.);
#352=ORIENTED_EDGE('',*,*,#1395,.T.);
#353=ORIENTED_EDGE('',*,*,#1376,.F.);
#354=ORIENTED_EDGE('',*,*,#1396,.T.);
#355=ORIENTED_EDGE('',*,*,#1389,.T.);
#356=ORIENTED_EDGE('',*,*,#1397,.T.);
#357=ORIENTED_EDGE('',*,*,#1398,.F.);
#358=ORIENTED_EDGE('',*,*,#1399,.T.);
#359=ORIENTED_EDGE('',*,*,#1400,.T.);
#360=ORIENTED_EDGE('',*,*,#1401,.T.);
#361=ORIENTED_EDGE('',*,*,#1402,.F.);
#362=ORIENTED_EDGE('',*,*,#1403,.T.);
#363=ORIENTED_EDGE('',*,*,#1404,.T.);
#364=ORIENTED_EDGE('',*,*,#1405,.F.);
#365=ORIENTED_EDGE('',*,*,#1406,.T.);
#366=ORIENTED_EDGE('',*,*,#1407,.T.);
#367=ORIENTED_EDGE('',*,*,#1408,.T.);
#368=ORIENTED_EDGE('',*,*,#1409,.F.);
#369=ORIENTED_EDGE('',*,*,#1410,.T.);
#370=ORIENTED_EDGE('',*,*,#1400,.F.);
#371=ORIENTED_EDGE('',*,*,#1411,.T.);
#372=ORIENTED_EDGE('',*,*,#1412,.T.);
#373=ORIENTED_EDGE('',*,*,#1370,.T.);
#374=ORIENTED_EDGE('',*,*,#1407,.F.);
#375=ORIENTED_EDGE('',*,*,#1413,.T.);
#376=ORIENTED_EDGE('',*,*,#1414,.F.);
#377=ORIENTED_EDGE('',*,*,#1374,.T.);
#378=ORIENTED_EDGE('',*,*,#1415,.T.);
#379=ORIENTED_EDGE('',*,*,#1416,.T.);
#380=ORIENTED_EDGE('',*,*,#1417,.T.);
#381=ORIENTED_EDGE('',*,*,#1418,.T.);
#382=ORIENTED_EDGE('',*,*,#1385,.T.);
#383=ORIENTED_EDGE('',*,*,#1419,.T.);
#384=ORIENTED_EDGE('',*,*,#1420,.T.);
#385=ORIENTED_EDGE('',*,*,#1398,.T.);
#386=ORIENTED_EDGE('',*,*,#1421,.F.);
#387=ORIENTED_EDGE('',*,*,#1422,.F.);
#388=ORIENTED_EDGE('',*,*,#1423,.F.);
#389=ORIENTED_EDGE('',*,*,#1424,.F.);
#390=ORIENTED_EDGE('',*,*,#1425,.F.);
#391=ORIENTED_EDGE('',*,*,#1339,.F.);
#392=ORIENTED_EDGE('',*,*,#1426,.F.);
#393=ORIENTED_EDGE('',*,*,#1427,.F.);
#394=ORIENTED_EDGE('',*,*,#1428,.F.);
#395=ORIENTED_EDGE('',*,*,#1429,.F.);
#396=ORIENTED_EDGE('',*,*,#1430,.F.);
#397=ORIENTED_EDGE('',*,*,#1331,.F.);
#398=ORIENTED_EDGE('',*,*,#1431,.T.);
#399=ORIENTED_EDGE('',*,*,#1432,.T.);
#400=ORIENTED_EDGE('',*,*,#1433,.T.);
#401=ORIENTED_EDGE('',*,*,#1313,.T.);
#402=ORIENTED_EDGE('',*,*,#1434,.T.);
#403=ORIENTED_EDGE('',*,*,#1435,.T.);
#404=ORIENTED_EDGE('',*,*,#1436,.T.);
#405=ORIENTED_EDGE('',*,*,#1437,.T.);
#406=ORIENTED_EDGE('',*,*,#1438,.T.);
#407=ORIENTED_EDGE('',*,*,#1439,.T.);
#408=ORIENTED_EDGE('',*,*,#1440,.T.);
#409=ORIENTED_EDGE('',*,*,#1441,.T.);
#410=ORIENTED_EDGE('',*,*,#1442,.T.);
#411=ORIENTED_EDGE('',*,*,#1443,.F.);
#412=ORIENTED_EDGE('',*,*,#1444,.T.);
#413=ORIENTED_EDGE('',*,*,#1445,.F.);
#414=ORIENTED_EDGE('',*,*,#1446,.T.);
#415=ORIENTED_EDGE('',*,*,#1447,.T.);
#416=ORIENTED_EDGE('',*,*,#1448,.F.);
#417=ORIENTED_EDGE('',*,*,#1449,.T.);
#418=ORIENTED_EDGE('',*,*,#1450,.T.);
#419=ORIENTED_EDGE('',*,*,#1451,.T.);
#420=ORIENTED_EDGE('',*,*,#1452,.T.);
#421=ORIENTED_EDGE('',*,*,#1335,.F.);
#422=ORIENTED_EDGE('',*,*,#1425,.T.);
#423=ORIENTED_EDGE('',*,*,#1453,.F.);
#424=ORIENTED_EDGE('',*,*,#1423,.T.);
#425=ORIENTED_EDGE('',*,*,#1454,.T.);
#426=ORIENTED_EDGE('',*,*,#1455,.T.);
#427=ORIENTED_EDGE('',*,*,#1428,.T.);
#428=ORIENTED_EDGE('',*,*,#1456,.F.);
#429=ORIENTED_EDGE('',*,*,#1457,.F.);
#430=ORIENTED_EDGE('',*,*,#1458,.T.);
#431=ORIENTED_EDGE('',*,*,#1459,.T.);
#432=ORIENTED_EDGE('',*,*,#1460,.T.);
#433=ORIENTED_EDGE('',*,*,#1461,.F.);
#434=ORIENTED_EDGE('',*,*,#1462,.F.);
#435=ORIENTED_EDGE('',*,*,#1463,.T.);
#436=ORIENTED_EDGE('',*,*,#1380,.T.);
#437=ORIENTED_EDGE('',*,*,#1464,.F.);
#438=ORIENTED_EDGE('',*,*,#1465,.F.);
#439=ORIENTED_EDGE('',*,*,#1466,.T.);
#440=ORIENTED_EDGE('',*,*,#1467,.T.);
#441=ORIENTED_EDGE('',*,*,#1359,.T.);
#442=ORIENTED_EDGE('',*,*,#1364,.T.);
#443=ORIENTED_EDGE('',*,*,#1468,.T.);
#444=ORIENTED_EDGE('',*,*,#1469,.T.);
#445=ORIENTED_EDGE('',*,*,#1470,.F.);
#446=ORIENTED_EDGE('',*,*,#1471,.F.);
#447=ORIENTED_EDGE('',*,*,#1472,.T.);
#448=ORIENTED_EDGE('',*,*,#1473,.F.);
#449=ORIENTED_EDGE('',*,*,#1474,.F.);
#450=ORIENTED_EDGE('',*,*,#1475,.T.);
#451=ORIENTED_EDGE('',*,*,#1295,.T.);
#452=ORIENTED_EDGE('',*,*,#1476,.F.);
#453=ORIENTED_EDGE('',*,*,#1477,.F.);
#454=ORIENTED_EDGE('',*,*,#1461,.T.);
#455=ORIENTED_EDGE('',*,*,#1478,.T.);
#456=ORIENTED_EDGE('',*,*,#1479,.T.);
#457=ORIENTED_EDGE('',*,*,#1480,.T.);
#458=ORIENTED_EDGE('',*,*,#1292,.F.);
#459=ORIENTED_EDGE('',*,*,#1481,.T.);
#460=ORIENTED_EDGE('',*,*,#1482,.T.);
#461=ORIENTED_EDGE('',*,*,#1483,.T.);
#462=ORIENTED_EDGE('',*,*,#1484,.T.);
#463=ORIENTED_EDGE('',*,*,#1485,.T.);
#464=ORIENTED_EDGE('',*,*,#1486,.T.);
#465=ORIENTED_EDGE('',*,*,#1487,.T.);
#466=ORIENTED_EDGE('',*,*,#1298,.F.);
#467=ORIENTED_EDGE('',*,*,#1488,.T.);
#468=ORIENTED_EDGE('',*,*,#1489,.T.);
#469=ORIENTED_EDGE('',*,*,#1490,.T.);
#470=ORIENTED_EDGE('',*,*,#1491,.T.);
#471=ORIENTED_EDGE('',*,*,#1474,.T.);
#472=ORIENTED_EDGE('',*,*,#1492,.T.);
#473=ORIENTED_EDGE('',*,*,#1337,.T.);
#474=ORIENTED_EDGE('',*,*,#1493,.F.);
#475=ORIENTED_EDGE('',*,*,#1494,.T.);
#476=ORIENTED_EDGE('',*,*,#1495,.F.);
#477=ORIENTED_EDGE('',*,*,#1496,.T.);
#478=ORIENTED_EDGE('',*,*,#1497,.T.);
#479=ORIENTED_EDGE('',*,*,#1498,.F.);
#480=ORIENTED_EDGE('',*,*,#1499,.T.);
#481=ORIENTED_EDGE('',*,*,#1296,.T.);
#482=ORIENTED_EDGE('',*,*,#1475,.F.);
#483=ORIENTED_EDGE('',*,*,#1500,.F.);
#484=ORIENTED_EDGE('',*,*,#1501,.T.);
#485=ORIENTED_EDGE('',*,*,#1502,.T.);
#486=ORIENTED_EDGE('',*,*,#1503,.T.);
#487=ORIENTED_EDGE('',*,*,#1504,.T.);
#488=ORIENTED_EDGE('',*,*,#1505,.F.);
#489=ORIENTED_EDGE('',*,*,#1506,.T.);
#490=ORIENTED_EDGE('',*,*,#1507,.F.);
#491=ORIENTED_EDGE('',*,*,#1508,.T.);
#492=ORIENTED_EDGE('',*,*,#1509,.F.);
#493=ORIENTED_EDGE('',*,*,#1510,.T.);
#494=ORIENTED_EDGE('',*,*,#1511,.F.);
#495=ORIENTED_EDGE('',*,*,#1512,.T.);
#496=ORIENTED_EDGE('',*,*,#1513,.F.);
#497=ORIENTED_EDGE('',*,*,#1514,.T.);
#498=ORIENTED_EDGE('',*,*,#1515,.F.);
#499=ORIENTED_EDGE('',*,*,#1516,.T.);
#500=ORIENTED_EDGE('',*,*,#1517,.F.);
#501=ORIENTED_EDGE('',*,*,#1518,.T.);
#502=ORIENTED_EDGE('',*,*,#1294,.F.);
#503=ORIENTED_EDGE('',*,*,#1519,.T.);
#504=ORIENTED_EDGE('',*,*,#1520,.F.);
#505=ORIENTED_EDGE('',*,*,#1521,.T.);
#506=ORIENTED_EDGE('',*,*,#1522,.T.);
#507=ORIENTED_EDGE('',*,*,#1476,.T.);
#508=ORIENTED_EDGE('',*,*,#1523,.F.);
#509=ORIENTED_EDGE('',*,*,#1430,.T.);
#510=ORIENTED_EDGE('',*,*,#1524,.F.);
#511=ORIENTED_EDGE('',*,*,#1361,.T.);
#512=ORIENTED_EDGE('',*,*,#1525,.F.);
#513=ORIENTED_EDGE('',*,*,#1526,.T.);
#514=ORIENTED_EDGE('',*,*,#1345,.T.);
#515=ORIENTED_EDGE('',*,*,#1524,.T.);
#516=ORIENTED_EDGE('',*,*,#1429,.T.);
#517=ORIENTED_EDGE('',*,*,#1455,.F.);
#518=ORIENTED_EDGE('',*,*,#1527,.T.);
#519=ORIENTED_EDGE('',*,*,#1528,.T.);
#520=ORIENTED_EDGE('',*,*,#1529,.F.);
#521=ORIENTED_EDGE('',*,*,#1530,.T.);
#522=ORIENTED_EDGE('',*,*,#1531,.T.);
#523=ORIENTED_EDGE('',*,*,#1471,.T.);
#524=ORIENTED_EDGE('',*,*,#1491,.F.);
#525=ORIENTED_EDGE('',*,*,#1532,.T.);
#526=ORIENTED_EDGE('',*,*,#1533,.T.);
#527=ORIENTED_EDGE('',*,*,#1534,.F.);
#528=ORIENTED_EDGE('',*,*,#1535,.F.);
#529=ORIENTED_EDGE('',*,*,#1534,.T.);
#530=ORIENTED_EDGE('',*,*,#1536,.T.);
#531=ORIENTED_EDGE('',*,*,#1537,.F.);
#532=ORIENTED_EDGE('',*,*,#1538,.F.);
#533=ORIENTED_EDGE('',*,*,#1537,.T.);
#534=ORIENTED_EDGE('',*,*,#1539,.T.);
#535=ORIENTED_EDGE('',*,*,#1540,.F.);
#536=ORIENTED_EDGE('',*,*,#1541,.F.);
#537=ORIENTED_EDGE('',*,*,#1540,.T.);
#538=ORIENTED_EDGE('',*,*,#1542,.T.);
#539=ORIENTED_EDGE('',*,*,#1543,.F.);
#540=ORIENTED_EDGE('',*,*,#1544,.T.);
#541=ORIENTED_EDGE('',*,*,#1545,.T.);
#542=ORIENTED_EDGE('',*,*,#1546,.F.);
#543=ORIENTED_EDGE('',*,*,#1547,.T.);
#544=ORIENTED_EDGE('',*,*,#1548,.F.);
#545=ORIENTED_EDGE('',*,*,#1543,.T.);
#546=ORIENTED_EDGE('',*,*,#1489,.F.);
#547=ORIENTED_EDGE('',*,*,#1549,.T.);
#548=ORIENTED_EDGE('',*,*,#1550,.T.);
#549=ORIENTED_EDGE('',*,*,#1432,.F.);
#550=ORIENTED_EDGE('',*,*,#1551,.T.);
#551=ORIENTED_EDGE('',*,*,#1552,.F.);
#552=ORIENTED_EDGE('',*,*,#1553,.T.);
#553=ORIENTED_EDGE('',*,*,#1554,.F.);
#554=ORIENTED_EDGE('',*,*,#1555,.T.);
#555=ORIENTED_EDGE('',*,*,#1556,.F.);
#556=ORIENTED_EDGE('',*,*,#1557,.T.);
#557=ORIENTED_EDGE('',*,*,#1558,.F.);
#558=ORIENTED_EDGE('',*,*,#1559,.T.);
#559=ORIENTED_EDGE('',*,*,#1501,.F.);
#560=ORIENTED_EDGE('',*,*,#1347,.T.);
#561=ORIENTED_EDGE('',*,*,#1560,.T.);
#562=ORIENTED_EDGE('',*,*,#1561,.T.);
#563=ORIENTED_EDGE('',*,*,#1546,.T.);
#564=ORIENTED_EDGE('',*,*,#1562,.T.);
#565=ORIENTED_EDGE('',*,*,#1563,.T.);
#566=ORIENTED_EDGE('',*,*,#1564,.F.);
#567=ORIENTED_EDGE('',*,*,#1565,.T.);
#568=ORIENTED_EDGE('',*,*,#1566,.F.);
#569=ORIENTED_EDGE('',*,*,#1567,.T.);
#570=ORIENTED_EDGE('',*,*,#1568,.F.);
#571=ORIENTED_EDGE('',*,*,#1569,.T.);
#572=ORIENTED_EDGE('',*,*,#1570,.F.);
#573=ORIENTED_EDGE('',*,*,#1571,.T.);
#574=ORIENTED_EDGE('',*,*,#1572,.F.);
#575=ORIENTED_EDGE('',*,*,#1573,.T.);
#576=ORIENTED_EDGE('',*,*,#1574,.F.);
#577=ORIENTED_EDGE('',*,*,#1575,.T.);
#578=ORIENTED_EDGE('',*,*,#1520,.T.);
#579=ORIENTED_EDGE('',*,*,#1576,.T.);
#580=ORIENTED_EDGE('',*,*,#1577,.F.);
#581=ORIENTED_EDGE('',*,*,#1386,.F.);
#582=ORIENTED_EDGE('',*,*,#1418,.F.);
#583=ORIENTED_EDGE('',*,*,#1578,.T.);
#584=ORIENTED_EDGE('',*,*,#1579,.T.);
#585=ORIENTED_EDGE('',*,*,#1580,.T.);
#586=ORIENTED_EDGE('',*,*,#1352,.T.);
#587=ORIENTED_EDGE('',*,*,#1581,.T.);
#588=ORIENTED_EDGE('',*,*,#1582,.T.);
#589=ORIENTED_EDGE('',*,*,#1365,.T.);
#590=ORIENTED_EDGE('',*,*,#1470,.T.);
#591=ORIENTED_EDGE('',*,*,#1583,.T.);
#592=ORIENTED_EDGE('',*,*,#1584,.T.);
#593=ORIENTED_EDGE('',*,*,#1585,.T.);
#594=ORIENTED_EDGE('',*,*,#1394,.T.);
#595=ORIENTED_EDGE('',*,*,#1586,.T.);
#596=ORIENTED_EDGE('',*,*,#1587,.T.);
#597=ORIENTED_EDGE('',*,*,#1387,.T.);
#598=ORIENTED_EDGE('',*,*,#1577,.T.);
#599=ORIENTED_EDGE('',*,*,#1588,.T.);
#600=ORIENTED_EDGE('',*,*,#1589,.T.);
#601=ORIENTED_EDGE('',*,*,#1590,.T.);
#602=ORIENTED_EDGE('',*,*,#1591,.T.);
#603=ORIENTED_EDGE('',*,*,#1462,.T.);
#604=ORIENTED_EDGE('',*,*,#1379,.T.);
#605=ORIENTED_EDGE('',*,*,#1592,.T.);
#606=ORIENTED_EDGE('',*,*,#1593,.T.);
#607=ORIENTED_EDGE('',*,*,#1479,.F.);
#608=ORIENTED_EDGE('',*,*,#1533,.F.);
#609=ORIENTED_EDGE('',*,*,#1594,.T.);
#610=ORIENTED_EDGE('',*,*,#1595,.T.);
#611=ORIENTED_EDGE('',*,*,#1544,.F.);
#612=ORIENTED_EDGE('',*,*,#1542,.F.);
#613=ORIENTED_EDGE('',*,*,#1539,.F.);
#614=ORIENTED_EDGE('',*,*,#1536,.F.);
#615=ORIENTED_EDGE('',*,*,#1596,.T.);
#616=ORIENTED_EDGE('',*,*,#1597,.T.);
#617=ORIENTED_EDGE('',*,*,#1525,.T.);
#618=ORIENTED_EDGE('',*,*,#1535,.T.);
#619=ORIENTED_EDGE('',*,*,#1538,.T.);
#620=ORIENTED_EDGE('',*,*,#1541,.T.);
#621=ORIENTED_EDGE('',*,*,#1548,.T.);
#622=ORIENTED_EDGE('',*,*,#1598,.F.);
#623=ORIENTED_EDGE('',*,*,#1599,.T.);
#624=ORIENTED_EDGE('',*,*,#1348,.F.);
#625=ORIENTED_EDGE('',*,*,#1500,.T.);
#626=ORIENTED_EDGE('',*,*,#1477,.T.);
#627=ORIENTED_EDGE('',*,*,#1522,.F.);
#628=ORIENTED_EDGE('',*,*,#1600,.T.);
#629=ORIENTED_EDGE('',*,*,#1350,.F.);
#630=ORIENTED_EDGE('',*,*,#1601,.T.);
#631=ORIENTED_EDGE('',*,*,#1602,.F.);
#632=ORIENTED_EDGE('',*,*,#1603,.T.);
#633=ORIENTED_EDGE('',*,*,#1604,.F.);
#634=ORIENTED_EDGE('',*,*,#1605,.T.);
#635=ORIENTED_EDGE('',*,*,#1606,.F.);
#636=ORIENTED_EDGE('',*,*,#1607,.T.);
#637=ORIENTED_EDGE('',*,*,#1403,.F.);
#638=ORIENTED_EDGE('',*,*,#1608,.F.);
#639=ORIENTED_EDGE('',*,*,#1272,.F.);
#640=ORIENTED_EDGE('',*,*,#1609,.T.);
#641=ORIENTED_EDGE('',*,*,#1311,.F.);
#642=ORIENTED_EDGE('',*,*,#1286,.T.);
#643=ORIENTED_EDGE('',*,*,#1610,.T.);
#644=ORIENTED_EDGE('',*,*,#1611,.F.);
#645=ORIENTED_EDGE('',*,*,#1558,.T.);
#646=ORIENTED_EDGE('',*,*,#1612,.T.);
#647=ORIENTED_EDGE('',*,*,#1323,.T.);
#648=ORIENTED_EDGE('',*,*,#1613,.F.);
#649=ORIENTED_EDGE('',*,*,#1614,.T.);
#650=ORIENTED_EDGE('',*,*,#1322,.F.);
#651=ORIENTED_EDGE('',*,*,#1615,.T.);
#652=ORIENTED_EDGE('',*,*,#1465,.T.);
#653=ORIENTED_EDGE('',*,*,#1616,.F.);
#654=ORIENTED_EDGE('',*,*,#1617,.T.);
#655=ORIENTED_EDGE('',*,*,#1618,.T.);
#656=ORIENTED_EDGE('',*,*,#1619,.T.);
#657=ORIENTED_EDGE('',*,*,#1620,.T.);
#658=ORIENTED_EDGE('',*,*,#1621,.T.);
#659=ORIENTED_EDGE('',*,*,#1622,.T.);
#660=ORIENTED_EDGE('',*,*,#1267,.T.);
#661=ORIENTED_EDGE('',*,*,#1623,.F.);
#662=ORIENTED_EDGE('',*,*,#1624,.T.);
#663=ORIENTED_EDGE('',*,*,#1284,.F.);
#664=ORIENTED_EDGE('',*,*,#1625,.T.);
#665=ORIENTED_EDGE('',*,*,#1626,.T.);
#666=ORIENTED_EDGE('',*,*,#1627,.T.);
#667=ORIENTED_EDGE('',*,*,#1288,.F.);
#668=ORIENTED_EDGE('',*,*,#1310,.F.);
#669=ORIENTED_EDGE('',*,*,#1628,.T.);
#670=ORIENTED_EDGE('',*,*,#1629,.T.);
#671=ORIENTED_EDGE('',*,*,#1630,.T.);
#672=ORIENTED_EDGE('',*,*,#1530,.F.);
#673=ORIENTED_EDGE('',*,*,#1631,.F.);
#674=ORIENTED_EDGE('',*,*,#1632,.T.);
#675=ORIENTED_EDGE('',*,*,#1633,.F.);
#676=ORIENTED_EDGE('',*,*,#1634,.T.);
#677=ORIENTED_EDGE('',*,*,#1635,.F.);
#678=ORIENTED_EDGE('',*,*,#1636,.T.);
#679=ORIENTED_EDGE('',*,*,#1637,.F.);
#680=ORIENTED_EDGE('',*,*,#1638,.T.);
#681=ORIENTED_EDGE('',*,*,#1639,.F.);
#682=ORIENTED_EDGE('',*,*,#1640,.T.);
#683=ORIENTED_EDGE('',*,*,#1641,.F.);
#684=ORIENTED_EDGE('',*,*,#1642,.T.);
#685=ORIENTED_EDGE('',*,*,#1643,.T.);
#686=ORIENTED_EDGE('',*,*,#1610,.F.);
#687=ORIENTED_EDGE('',*,*,#1285,.F.);
#688=ORIENTED_EDGE('',*,*,#1624,.F.);
#689=ORIENTED_EDGE('',*,*,#1644,.T.);
#690=ORIENTED_EDGE('',*,*,#1443,.T.);
#691=ORIENTED_EDGE('',*,*,#1645,.T.);
#692=ORIENTED_EDGE('',*,*,#1646,.T.);
#693=ORIENTED_EDGE('',*,*,#1647,.F.);
#694=ORIENTED_EDGE('',*,*,#1528,.F.);
#695=ORIENTED_EDGE('',*,*,#1648,.T.);
#696=ORIENTED_EDGE('',*,*,#1649,.T.);
#697=ORIENTED_EDGE('',*,*,#1650,.F.);
#698=ORIENTED_EDGE('',*,*,#1646,.F.);
#699=ORIENTED_EDGE('',*,*,#1651,.T.);
#700=ORIENTED_EDGE('',*,*,#1652,.T.);
#701=ORIENTED_EDGE('',*,*,#1653,.F.);
#702=ORIENTED_EDGE('',*,*,#1649,.F.);
#703=ORIENTED_EDGE('',*,*,#1654,.T.);
#704=ORIENTED_EDGE('',*,*,#1333,.T.);
#705=ORIENTED_EDGE('',*,*,#1655,.F.);
#706=ORIENTED_EDGE('',*,*,#1652,.F.);
#707=ORIENTED_EDGE('',*,*,#1424,.T.);
#708=ORIENTED_EDGE('',*,*,#1453,.T.);
#709=ORIENTED_EDGE('',*,*,#1656,.T.);
#710=ORIENTED_EDGE('',*,*,#1657,.T.);
#711=ORIENTED_EDGE('',*,*,#1658,.T.);
#712=ORIENTED_EDGE('',*,*,#1659,.T.);
#713=ORIENTED_EDGE('',*,*,#1660,.T.);
#714=ORIENTED_EDGE('',*,*,#1405,.T.);
#715=ORIENTED_EDGE('',*,*,#1661,.T.);
#716=ORIENTED_EDGE('',*,*,#1275,.T.);
#717=ORIENTED_EDGE('',*,*,#1662,.T.);
#718=ORIENTED_EDGE('',*,*,#1663,.T.);
#719=ORIENTED_EDGE('',*,*,#1444,.F.);
#720=ORIENTED_EDGE('',*,*,#1644,.F.);
#721=ORIENTED_EDGE('',*,*,#1623,.T.);
#722=ORIENTED_EDGE('',*,*,#1269,.T.);
#723=ORIENTED_EDGE('',*,*,#1664,.T.);
#724=ORIENTED_EDGE('',*,*,#1270,.T.);
#725=ORIENTED_EDGE('',*,*,#1608,.T.);
#726=ORIENTED_EDGE('',*,*,#1402,.T.);
#727=ORIENTED_EDGE('',*,*,#1665,.T.);
#728=ORIENTED_EDGE('',*,*,#1666,.T.);
#729=ORIENTED_EDGE('',*,*,#1667,.T.);
#730=ORIENTED_EDGE('',*,*,#1668,.T.);
#731=ORIENTED_EDGE('',*,*,#1669,.T.);
#732=ORIENTED_EDGE('',*,*,#1670,.T.);
#733=ORIENTED_EDGE('',*,*,#1362,.F.);
#734=ORIENTED_EDGE('',*,*,#1669,.F.);
#735=ORIENTED_EDGE('',*,*,#1371,.F.);
#736=ORIENTED_EDGE('',*,*,#1412,.F.);
#737=ORIENTED_EDGE('',*,*,#1671,.T.);
#738=ORIENTED_EDGE('',*,*,#1415,.F.);
#739=ORIENTED_EDGE('',*,*,#1373,.F.);
#740=ORIENTED_EDGE('',*,*,#1672,.T.);
#741=ORIENTED_EDGE('',*,*,#1273,.T.);
#742=ORIENTED_EDGE('',*,*,#1661,.F.);
#743=ORIENTED_EDGE('',*,*,#1408,.F.);
#744=ORIENTED_EDGE('',*,*,#1663,.F.);
#745=ORIENTED_EDGE('',*,*,#1673,.T.);
#746=ORIENTED_EDGE('',*,*,#1445,.T.);
#747=ORIENTED_EDGE('',*,*,#1529,.T.);
#748=ORIENTED_EDGE('',*,*,#1647,.T.);
#749=ORIENTED_EDGE('',*,*,#1650,.T.);
#750=ORIENTED_EDGE('',*,*,#1653,.T.);
#751=ORIENTED_EDGE('',*,*,#1655,.T.);
#752=ORIENTED_EDGE('',*,*,#1332,.T.);
#753=ORIENTED_EDGE('',*,*,#1454,.F.);
#754=ORIENTED_EDGE('',*,*,#1422,.T.);
#755=ORIENTED_EDGE('',*,*,#1674,.T.);
#756=ORIENTED_EDGE('',*,*,#1675,.T.);
#757=ORIENTED_EDGE('',*,*,#1629,.F.);
#758=ORIENTED_EDGE('',*,*,#1456,.T.);
#759=ORIENTED_EDGE('',*,*,#1427,.T.);
#760=ORIENTED_EDGE('',*,*,#1676,.T.);
#761=ORIENTED_EDGE('',*,*,#1677,.T.);
#762=ORIENTED_EDGE('',*,*,#1613,.T.);
#763=ORIENTED_EDGE('',*,*,#1334,.F.);
#764=ORIENTED_EDGE('',*,*,#1654,.F.);
#765=ORIENTED_EDGE('',*,*,#1651,.F.);
#766=ORIENTED_EDGE('',*,*,#1648,.F.);
#767=ORIENTED_EDGE('',*,*,#1645,.F.);
#768=ORIENTED_EDGE('',*,*,#1527,.F.);
#769=ORIENTED_EDGE('',*,*,#1442,.F.);
#770=ORIENTED_EDGE('',*,*,#1678,.T.);
#771=ORIENTED_EDGE('',*,*,#1679,.T.);
#772=ORIENTED_EDGE('',*,*,#1680,.T.);
#773=ORIENTED_EDGE('',*,*,#1681,.T.);
#774=ORIENTED_EDGE('',*,*,#1682,.T.);
#775=ORIENTED_EDGE('',*,*,#1683,.T.);
#776=ORIENTED_EDGE('',*,*,#1684,.T.);
#777=ORIENTED_EDGE('',*,*,#1685,.T.);
#778=ORIENTED_EDGE('',*,*,#1686,.T.);
#779=ORIENTED_EDGE('',*,*,#1434,.F.);
#780=ORIENTED_EDGE('',*,*,#1312,.T.);
#781=ORIENTED_EDGE('',*,*,#1611,.T.);
#782=ORIENTED_EDGE('',*,*,#1643,.F.);
#783=ORIENTED_EDGE('',*,*,#1590,.F.);
#784=ORIENTED_EDGE('',*,*,#1687,.T.);
#785=ORIENTED_EDGE('',*,*,#1469,.F.);
#786=ORIENTED_EDGE('',*,*,#1688,.T.);
#787=ORIENTED_EDGE('',*,*,#1583,.F.);
#788=ORIENTED_EDGE('',*,*,#1473,.T.);
#789=ORIENTED_EDGE('',*,*,#1689,.T.);
#790=ORIENTED_EDGE('',*,*,#1674,.F.);
#791=ORIENTED_EDGE('',*,*,#1421,.T.);
#792=ORIENTED_EDGE('',*,*,#1338,.F.);
#793=ORIENTED_EDGE('',*,*,#1492,.F.);
#794=ORIENTED_EDGE('',*,*,#1467,.F.);
#795=ORIENTED_EDGE('',*,*,#1690,.T.);
#796=ORIENTED_EDGE('',*,*,#1676,.F.);
#797=ORIENTED_EDGE('',*,*,#1426,.T.);
#798=ORIENTED_EDGE('',*,*,#1523,.T.);
#799=ORIENTED_EDGE('',*,*,#1360,.T.);
#800=ORIENTED_EDGE('',*,*,#1677,.F.);
#801=ORIENTED_EDGE('',*,*,#1690,.F.);
#802=ORIENTED_EDGE('',*,*,#1466,.F.);
#803=ORIENTED_EDGE('',*,*,#1615,.F.);
#804=ORIENTED_EDGE('',*,*,#1321,.F.);
#805=ORIENTED_EDGE('',*,*,#1614,.F.);
#806=ORIENTED_EDGE('',*,*,#1675,.F.);
#807=ORIENTED_EDGE('',*,*,#1689,.F.);
#808=ORIENTED_EDGE('',*,*,#1472,.F.);
#809=ORIENTED_EDGE('',*,*,#1531,.F.);
#810=ORIENTED_EDGE('',*,*,#1630,.F.);
#811=ORIENTED_EDGE('',*,*,#1480,.F.);
#812=ORIENTED_EDGE('',*,*,#1593,.F.);
#813=ORIENTED_EDGE('',*,*,#1691,.F.);
#814=ORIENTED_EDGE('',*,*,#1586,.F.);
#815=ORIENTED_EDGE('',*,*,#1576,.F.);
#816=ORIENTED_EDGE('',*,*,#1519,.F.);
#817=ORIENTED_EDGE('',*,*,#1293,.F.);
#818=ORIENTED_EDGE('',*,*,#1592,.F.);
#819=ORIENTED_EDGE('',*,*,#1378,.F.);
#820=ORIENTED_EDGE('',*,*,#1692,.F.);
#821=ORIENTED_EDGE('',*,*,#1419,.F.);
#822=ORIENTED_EDGE('',*,*,#1397,.F.);
#823=ORIENTED_EDGE('',*,*,#1388,.F.);
#824=ORIENTED_EDGE('',*,*,#1587,.F.);
#825=ORIENTED_EDGE('',*,*,#1691,.T.);
#826=ORIENTED_EDGE('',*,*,#1692,.T.);
#827=ORIENTED_EDGE('',*,*,#1377,.F.);
#828=ORIENTED_EDGE('',*,*,#1399,.F.);
#829=ORIENTED_EDGE('',*,*,#1420,.F.);
#830=ORIENTED_EDGE('',*,*,#1393,.F.);
#831=ORIENTED_EDGE('',*,*,#1367,.F.);
#832=ORIENTED_EDGE('',*,*,#1693,.F.);
#833=ORIENTED_EDGE('',*,*,#1584,.F.);
#834=ORIENTED_EDGE('',*,*,#1366,.F.);
#835=ORIENTED_EDGE('',*,*,#1582,.F.);
#836=ORIENTED_EDGE('',*,*,#1694,.F.);
#837=ORIENTED_EDGE('',*,*,#1416,.F.);
#838=ORIENTED_EDGE('',*,*,#1384,.F.);
#839=ORIENTED_EDGE('',*,*,#1395,.F.);
#840=ORIENTED_EDGE('',*,*,#1585,.F.);
#841=ORIENTED_EDGE('',*,*,#1693,.T.);
#842=ORIENTED_EDGE('',*,*,#1521,.F.);
#843=ORIENTED_EDGE('',*,*,#1578,.F.);
#844=ORIENTED_EDGE('',*,*,#1417,.F.);
#845=ORIENTED_EDGE('',*,*,#1694,.T.);
#846=ORIENTED_EDGE('',*,*,#1581,.F.);
#847=ORIENTED_EDGE('',*,*,#1351,.F.);
#848=ORIENTED_EDGE('',*,*,#1600,.F.);
#849=ORIENTED_EDGE('',*,*,#1382,.F.);
#850=ORIENTED_EDGE('',*,*,#1695,.T.);
#851=ORIENTED_EDGE('',*,*,#1696,.F.);
#852=ORIENTED_EDGE('',*,*,#1409,.T.);
#853=ORIENTED_EDGE('',*,*,#1369,.F.);
#854=ORIENTED_EDGE('',*,*,#1392,.F.);
#855=ORIENTED_EDGE('',*,*,#1697,.F.);
#856=ORIENTED_EDGE('',*,*,#1698,.T.);
#857=ORIENTED_EDGE('',*,*,#1390,.F.);
#858=ORIENTED_EDGE('',*,*,#1396,.F.);
#859=ORIENTED_EDGE('',*,*,#1375,.F.);
#860=ORIENTED_EDGE('',*,*,#1414,.T.);
#861=ORIENTED_EDGE('',*,*,#1344,.F.);
#862=ORIENTED_EDGE('',*,*,#1699,.F.);
#863=ORIENTED_EDGE('',*,*,#1700,.T.);
#864=ORIENTED_EDGE('',*,*,#1701,.T.);
#865=ORIENTED_EDGE('',*,*,#1354,.T.);
#866=ORIENTED_EDGE('',*,*,#1358,.F.);
#867=ORIENTED_EDGE('',*,*,#1702,.T.);
#868=ORIENTED_EDGE('',*,*,#1616,.T.);
#869=ORIENTED_EDGE('',*,*,#1464,.T.);
#870=ORIENTED_EDGE('',*,*,#1356,.T.);
#871=ORIENTED_EDGE('',*,*,#1703,.T.);
#872=ORIENTED_EDGE('',*,*,#1618,.F.);
#873=ORIENTED_EDGE('',*,*,#1704,.T.);
#874=ORIENTED_EDGE('',*,*,#1497,.F.);
#875=ORIENTED_EDGE('',*,*,#1705,.T.);
#876=ORIENTED_EDGE('',*,*,#1706,.F.);
#877=ORIENTED_EDGE('',*,*,#1707,.T.);
#878=ORIENTED_EDGE('',*,*,#1457,.T.);
#879=ORIENTED_EDGE('',*,*,#1452,.F.);
#880=ORIENTED_EDGE('',*,*,#1708,.T.);
#881=ORIENTED_EDGE('',*,*,#1493,.T.);
#882=ORIENTED_EDGE('',*,*,#1336,.F.);
#883=ORIENTED_EDGE('',*,*,#1450,.F.);
#884=ORIENTED_EDGE('',*,*,#1709,.T.);
#885=ORIENTED_EDGE('',*,*,#1495,.T.);
#886=ORIENTED_EDGE('',*,*,#1710,.T.);
#887=ORIENTED_EDGE('',*,*,#1619,.F.);
#888=ORIENTED_EDGE('',*,*,#1703,.F.);
#889=ORIENTED_EDGE('',*,*,#1355,.F.);
#890=ORIENTED_EDGE('',*,*,#1701,.F.);
#891=ORIENTED_EDGE('',*,*,#1617,.F.);
#892=ORIENTED_EDGE('',*,*,#1702,.F.);
#893=ORIENTED_EDGE('',*,*,#1357,.F.);
#894=ORIENTED_EDGE('',*,*,#1704,.F.);
#895=ORIENTED_EDGE('',*,*,#1449,.F.);
#896=ORIENTED_EDGE('',*,*,#1705,.F.);
#897=ORIENTED_EDGE('',*,*,#1496,.F.);
#898=ORIENTED_EDGE('',*,*,#1709,.F.);
#899=ORIENTED_EDGE('',*,*,#1451,.F.);
#900=ORIENTED_EDGE('',*,*,#1710,.F.);
#901=ORIENTED_EDGE('',*,*,#1494,.F.);
#902=ORIENTED_EDGE('',*,*,#1708,.F.);
#903=ORIENTED_EDGE('',*,*,#1595,.F.);
#904=ORIENTED_EDGE('',*,*,#1711,.T.);
#905=ORIENTED_EDGE('',*,*,#1562,.F.);
#906=ORIENTED_EDGE('',*,*,#1545,.F.);
#907=ORIENTED_EDGE('',*,*,#1561,.F.);
#908=ORIENTED_EDGE('',*,*,#1712,.T.);
#909=ORIENTED_EDGE('',*,*,#1596,.F.);
#910=ORIENTED_EDGE('',*,*,#1547,.F.);
#911=ORIENTED_EDGE('',*,*,#1554,.T.);
#912=ORIENTED_EDGE('',*,*,#1713,.T.);
#913=ORIENTED_EDGE('',*,*,#1327,.F.);
#914=ORIENTED_EDGE('',*,*,#1714,.T.);
#915=ORIENTED_EDGE('',*,*,#1329,.F.);
#916=ORIENTED_EDGE('',*,*,#1715,.T.);
#917=ORIENTED_EDGE('',*,*,#1552,.T.);
#918=ORIENTED_EDGE('',*,*,#1716,.T.);
#919=ORIENTED_EDGE('',*,*,#1556,.T.);
#920=ORIENTED_EDGE('',*,*,#1717,.T.);
#921=ORIENTED_EDGE('',*,*,#1325,.F.);
#922=ORIENTED_EDGE('',*,*,#1718,.T.);
#923=ORIENTED_EDGE('',*,*,#1564,.T.);
#924=ORIENTED_EDGE('',*,*,#1719,.T.);
#925=ORIENTED_EDGE('',*,*,#1656,.F.);
#926=ORIENTED_EDGE('',*,*,#1720,.T.);
#927=ORIENTED_EDGE('',*,*,#1658,.F.);
#928=ORIENTED_EDGE('',*,*,#1721,.T.);
#929=ORIENTED_EDGE('',*,*,#1574,.T.);
#930=ORIENTED_EDGE('',*,*,#1722,.T.);
#931=ORIENTED_EDGE('',*,*,#1317,.F.);
#932=ORIENTED_EDGE('',*,*,#1723,.T.);
#933=ORIENTED_EDGE('',*,*,#1724,.T.);
#934=ORIENTED_EDGE('',*,*,#1570,.T.);
#935=ORIENTED_EDGE('',*,*,#1725,.T.);
#936=ORIENTED_EDGE('',*,*,#1726,.T.);
#937=ORIENTED_EDGE('',*,*,#1667,.F.);
#938=ORIENTED_EDGE('',*,*,#1727,.T.);
#939=ORIENTED_EDGE('',*,*,#1566,.T.);
#940=ORIENTED_EDGE('',*,*,#1728,.T.);
#941=ORIENTED_EDGE('',*,*,#1696,.T.);
#942=ORIENTED_EDGE('',*,*,#1729,.T.);
#943=ORIENTED_EDGE('',*,*,#1730,.T.);
#944=ORIENTED_EDGE('',*,*,#1568,.T.);
#945=ORIENTED_EDGE('',*,*,#1731,.T.);
#946=ORIENTED_EDGE('',*,*,#1665,.F.);
#947=ORIENTED_EDGE('',*,*,#1401,.F.);
#948=ORIENTED_EDGE('',*,*,#1410,.F.);
#949=ORIENTED_EDGE('',*,*,#1660,.F.);
#950=ORIENTED_EDGE('',*,*,#1732,.T.);
#951=ORIENTED_EDGE('',*,*,#1572,.T.);
#952=ORIENTED_EDGE('',*,*,#1733,.T.);
#953=ORIENTED_EDGE('',*,*,#1734,.T.);
#954=ORIENTED_EDGE('',*,*,#1697,.T.);
#955=ORIENTED_EDGE('',*,*,#1413,.F.);
#956=ORIENTED_EDGE('',*,*,#1406,.F.);
#957=ORIENTED_EDGE('',*,*,#1503,.F.);
#958=ORIENTED_EDGE('',*,*,#1735,.T.);
#959=ORIENTED_EDGE('',*,*,#1308,.F.);
#960=ORIENTED_EDGE('',*,*,#1736,.T.);
#961=ORIENTED_EDGE('',*,*,#1315,.T.);
#962=ORIENTED_EDGE('',*,*,#1737,.T.);
#963=ORIENTED_EDGE('',*,*,#1738,.T.);
#964=ORIENTED_EDGE('',*,*,#1498,.T.);
#965=ORIENTED_EDGE('',*,*,#1739,.T.);
#966=ORIENTED_EDGE('',*,*,#1306,.T.);
#967=ORIENTED_EDGE('',*,*,#1740,.T.);
#968=ORIENTED_EDGE('',*,*,#1505,.T.);
#969=ORIENTED_EDGE('',*,*,#1741,.T.);
#970=ORIENTED_EDGE('',*,*,#1484,.F.);
#971=ORIENTED_EDGE('',*,*,#1742,.T.);
#972=ORIENTED_EDGE('',*,*,#1438,.F.);
#973=ORIENTED_EDGE('',*,*,#1743,.T.);
#974=ORIENTED_EDGE('',*,*,#1486,.F.);
#975=ORIENTED_EDGE('',*,*,#1744,.T.);
#976=ORIENTED_EDGE('',*,*,#1436,.F.);
#977=ORIENTED_EDGE('',*,*,#1745,.T.);
#978=ORIENTED_EDGE('',*,*,#1482,.F.);
#979=ORIENTED_EDGE('',*,*,#1746,.T.);
#980=ORIENTED_EDGE('',*,*,#1440,.F.);
#981=ORIENTED_EDGE('',*,*,#1747,.T.);
#982=ORIENTED_EDGE('',*,*,#1302,.T.);
#983=ORIENTED_EDGE('',*,*,#1748,.T.);
#984=ORIENTED_EDGE('',*,*,#1683,.F.);
#985=ORIENTED_EDGE('',*,*,#1749,.T.);
#986=ORIENTED_EDGE('',*,*,#1681,.F.);
#987=ORIENTED_EDGE('',*,*,#1750,.T.);
#988=ORIENTED_EDGE('',*,*,#1304,.T.);
#989=ORIENTED_EDGE('',*,*,#1751,.T.);
#990=ORIENTED_EDGE('',*,*,#1685,.F.);
#991=ORIENTED_EDGE('',*,*,#1752,.T.);
#992=ORIENTED_EDGE('',*,*,#1300,.T.);
#993=ORIENTED_EDGE('',*,*,#1753,.T.);
#994=ORIENTED_EDGE('',*,*,#1290,.T.);
#995=ORIENTED_EDGE('',*,*,#1754,.T.);
#996=ORIENTED_EDGE('',*,*,#1679,.F.);
#997=ORIENTED_EDGE('',*,*,#1755,.T.);
#998=ORIENTED_EDGE('',*,*,#1626,.F.);
#999=ORIENTED_EDGE('',*,*,#1756,.T.);
#1000=ORIENTED_EDGE('',*,*,#1349,.F.);
#1001=ORIENTED_EDGE('',*,*,#1757,.T.);
#1002=ORIENTED_EDGE('',*,*,#1282,.T.);
#1003=ORIENTED_EDGE('',*,*,#1758,.T.);
#1004=ORIENTED_EDGE('',*,*,#1602,.T.);
#1005=ORIENTED_EDGE('',*,*,#1759,.T.);
#1006=ORIENTED_EDGE('',*,*,#1598,.T.);
#1007=ORIENTED_EDGE('',*,*,#1760,.T.);
#1008=ORIENTED_EDGE('',*,*,#1276,.T.);
#1009=ORIENTED_EDGE('',*,*,#1761,.T.);
#1010=ORIENTED_EDGE('',*,*,#1604,.T.);
#1011=ORIENTED_EDGE('',*,*,#1762,.T.);
#1012=ORIENTED_EDGE('',*,*,#1280,.T.);
#1013=ORIENTED_EDGE('',*,*,#1763,.T.);
#1014=ORIENTED_EDGE('',*,*,#1606,.T.);
#1015=ORIENTED_EDGE('',*,*,#1764,.T.);
#1016=ORIENTED_EDGE('',*,*,#1278,.T.);
#1017=ORIENTED_EDGE('',*,*,#1765,.T.);
#1018=ORIENTED_EDGE('',*,*,#1631,.T.);
#1019=ORIENTED_EDGE('',*,*,#1766,.T.);
#1020=ORIENTED_EDGE('',*,*,#1509,.T.);
#1021=ORIENTED_EDGE('',*,*,#1767,.T.);
#1022=ORIENTED_EDGE('',*,*,#1511,.T.);
#1023=ORIENTED_EDGE('',*,*,#1768,.T.);
#1024=ORIENTED_EDGE('',*,*,#1641,.T.);
#1025=ORIENTED_EDGE('',*,*,#1769,.T.);
#1026=ORIENTED_EDGE('',*,*,#1513,.T.);
#1027=ORIENTED_EDGE('',*,*,#1770,.T.);
#1028=ORIENTED_EDGE('',*,*,#1639,.T.);
#1029=ORIENTED_EDGE('',*,*,#1771,.T.);
#1030=ORIENTED_EDGE('',*,*,#1515,.T.);
#1031=ORIENTED_EDGE('',*,*,#1772,.T.);
#1032=ORIENTED_EDGE('',*,*,#1637,.T.);
#1033=ORIENTED_EDGE('',*,*,#1773,.T.);
#1034=ORIENTED_EDGE('',*,*,#1517,.T.);
#1035=ORIENTED_EDGE('',*,*,#1774,.T.);
#1036=ORIENTED_EDGE('',*,*,#1635,.T.);
#1037=ORIENTED_EDGE('',*,*,#1775,.T.);
#1038=ORIENTED_EDGE('',*,*,#1633,.T.);
#1039=ORIENTED_EDGE('',*,*,#1776,.T.);
#1040=ORIENTED_EDGE('',*,*,#1507,.T.);
#1041=ORIENTED_EDGE('',*,*,#1777,.T.);
#1042=ORIENTED_EDGE('',*,*,#1526,.F.);
#1043=ORIENTED_EDGE('',*,*,#1597,.F.);
#1044=ORIENTED_EDGE('',*,*,#1712,.F.);
#1045=ORIENTED_EDGE('',*,*,#1560,.F.);
#1046=ORIENTED_EDGE('',*,*,#1346,.F.);
#1047=ORIENTED_EDGE('',*,*,#1532,.F.);
#1048=ORIENTED_EDGE('',*,*,#1490,.F.);
#1049=ORIENTED_EDGE('',*,*,#1563,.F.);
#1050=ORIENTED_EDGE('',*,*,#1711,.F.);
#1051=ORIENTED_EDGE('',*,*,#1594,.F.);
#1052=ORIENTED_EDGE('',*,*,#1447,.F.);
#1053=ORIENTED_EDGE('',*,*,#1778,.F.);
#1054=ORIENTED_EDGE('',*,*,#1588,.F.);
#1055=ORIENTED_EDGE('',*,*,#1478,.F.);
#1056=ORIENTED_EDGE('',*,*,#1460,.F.);
#1057=ORIENTED_EDGE('',*,*,#1779,.F.);
#1058=ORIENTED_EDGE('',*,*,#1662,.F.);
#1059=ORIENTED_EDGE('',*,*,#1274,.F.);
#1060=ORIENTED_EDGE('',*,*,#1672,.F.);
#1061=ORIENTED_EDGE('',*,*,#1372,.F.);
#1062=ORIENTED_EDGE('',*,*,#1463,.F.);
#1063=ORIENTED_EDGE('',*,*,#1591,.F.);
#1064=ORIENTED_EDGE('',*,*,#1687,.F.);
#1065=ORIENTED_EDGE('',*,*,#1589,.F.);
#1066=ORIENTED_EDGE('',*,*,#1778,.T.);
#1067=ORIENTED_EDGE('',*,*,#1446,.F.);
#1068=ORIENTED_EDGE('',*,*,#1673,.F.);
#1069=ORIENTED_EDGE('',*,*,#1268,.F.);
#1070=ORIENTED_EDGE('',*,*,#1622,.F.);
#1071=ORIENTED_EDGE('',*,*,#1780,.F.);
#1072=ORIENTED_EDGE('',*,*,#1579,.F.);
#1073=ORIENTED_EDGE('',*,*,#1688,.F.);
#1074=ORIENTED_EDGE('',*,*,#1468,.F.);
#1075=ORIENTED_EDGE('',*,*,#1363,.F.);
#1076=ORIENTED_EDGE('',*,*,#1670,.F.);
#1077=ORIENTED_EDGE('',*,*,#1671,.F.);
#1078=ORIENTED_EDGE('',*,*,#1411,.F.);
#1079=ORIENTED_EDGE('',*,*,#1404,.F.);
#1080=ORIENTED_EDGE('',*,*,#1609,.F.);
#1081=ORIENTED_EDGE('',*,*,#1271,.F.);
#1082=ORIENTED_EDGE('',*,*,#1664,.F.);
#1083=ORIENTED_EDGE('',*,*,#1341,.F.);
#1084=ORIENTED_EDGE('',*,*,#1353,.T.);
#1085=ORIENTED_EDGE('',*,*,#1580,.F.);
#1086=ORIENTED_EDGE('',*,*,#1780,.T.);
#1087=ORIENTED_EDGE('',*,*,#1621,.F.);
#1088=ORIENTED_EDGE('',*,*,#1781,.F.);
#1089=ORIENTED_EDGE('',*,*,#1448,.T.);
#1090=ORIENTED_EDGE('',*,*,#1782,.F.);
#1091=ORIENTED_EDGE('',*,*,#1783,.F.);
#1092=ORIENTED_EDGE('',*,*,#1706,.T.);
#1093=ORIENTED_EDGE('',*,*,#1779,.T.);
#1094=ORIENTED_EDGE('',*,*,#1459,.F.);
#1095=ORIENTED_EDGE('',*,*,#1784,.F.);
#1096=ORIENTED_EDGE('',*,*,#1782,.T.);
#1097=ORIENTED_EDGE('',*,*,#1707,.F.);
#1098=ORIENTED_EDGE('',*,*,#1783,.T.);
#1099=ORIENTED_EDGE('',*,*,#1784,.T.);
#1100=ORIENTED_EDGE('',*,*,#1458,.F.);
#1101=ORIENTED_EDGE('',*,*,#1620,.F.);
#1102=ORIENTED_EDGE('',*,*,#1700,.F.);
#1103=ORIENTED_EDGE('',*,*,#1785,.T.);
#1104=ORIENTED_EDGE('',*,*,#1786,.T.);
#1105=ORIENTED_EDGE('',*,*,#1781,.T.);
#1106=ORIENTED_EDGE('',*,*,#1786,.F.);
#1107=ORIENTED_EDGE('',*,*,#1787,.F.);
#1108=ORIENTED_EDGE('',*,*,#1342,.T.);
#1109=ORIENTED_EDGE('',*,*,#1785,.F.);
#1110=ORIENTED_EDGE('',*,*,#1699,.T.);
#1111=ORIENTED_EDGE('',*,*,#1343,.T.);
#1112=ORIENTED_EDGE('',*,*,#1787,.T.);
#1113=ORIENTED_EDGE('',*,*,#1328,.F.);
#1114=ORIENTED_EDGE('',*,*,#1713,.F.);
#1115=ORIENTED_EDGE('',*,*,#1553,.F.);
#1116=ORIENTED_EDGE('',*,*,#1715,.F.);
#1117=ORIENTED_EDGE('',*,*,#1326,.F.);
#1118=ORIENTED_EDGE('',*,*,#1717,.F.);
#1119=ORIENTED_EDGE('',*,*,#1555,.F.);
#1120=ORIENTED_EDGE('',*,*,#1714,.F.);
#1121=ORIENTED_EDGE('',*,*,#1324,.F.);
#1122=ORIENTED_EDGE('',*,*,#1612,.F.);
#1123=ORIENTED_EDGE('',*,*,#1557,.F.);
#1124=ORIENTED_EDGE('',*,*,#1718,.F.);
#1125=ORIENTED_EDGE('',*,*,#1330,.F.);
#1126=ORIENTED_EDGE('',*,*,#1716,.F.);
#1127=ORIENTED_EDGE('',*,*,#1551,.F.);
#1128=ORIENTED_EDGE('',*,*,#1431,.F.);
#1129=ORIENTED_EDGE('',*,*,#1499,.F.);
#1130=ORIENTED_EDGE('',*,*,#1738,.F.);
#1131=ORIENTED_EDGE('',*,*,#1788,.F.);
#1132=ORIENTED_EDGE('',*,*,#1549,.F.);
#1133=ORIENTED_EDGE('',*,*,#1488,.F.);
#1134=ORIENTED_EDGE('',*,*,#1297,.F.);
#1135=ORIENTED_EDGE('',*,*,#1314,.F.);
#1136=ORIENTED_EDGE('',*,*,#1433,.F.);
#1137=ORIENTED_EDGE('',*,*,#1550,.F.);
#1138=ORIENTED_EDGE('',*,*,#1788,.T.);
#1139=ORIENTED_EDGE('',*,*,#1737,.F.);
#1140=ORIENTED_EDGE('',*,*,#1316,.F.);
#1141=ORIENTED_EDGE('',*,*,#1739,.F.);
#1142=ORIENTED_EDGE('',*,*,#1506,.F.);
#1143=ORIENTED_EDGE('',*,*,#1740,.F.);
#1144=ORIENTED_EDGE('',*,*,#1309,.F.);
#1145=ORIENTED_EDGE('',*,*,#1735,.F.);
#1146=ORIENTED_EDGE('',*,*,#1502,.F.);
#1147=ORIENTED_EDGE('',*,*,#1559,.F.);
#1148=ORIENTED_EDGE('',*,*,#1628,.F.);
#1149=ORIENTED_EDGE('',*,*,#1307,.F.);
#1150=ORIENTED_EDGE('',*,*,#1741,.F.);
#1151=ORIENTED_EDGE('',*,*,#1504,.F.);
#1152=ORIENTED_EDGE('',*,*,#1736,.F.);
#1153=ORIENTED_EDGE('',*,*,#1281,.F.);
#1154=ORIENTED_EDGE('',*,*,#1762,.F.);
#1155=ORIENTED_EDGE('',*,*,#1603,.F.);
#1156=ORIENTED_EDGE('',*,*,#1758,.F.);
#1157=ORIENTED_EDGE('',*,*,#1279,.F.);
#1158=ORIENTED_EDGE('',*,*,#1764,.F.);
#1159=ORIENTED_EDGE('',*,*,#1605,.F.);
#1160=ORIENTED_EDGE('',*,*,#1763,.F.);
#1161=ORIENTED_EDGE('',*,*,#1277,.F.);
#1162=ORIENTED_EDGE('',*,*,#1760,.F.);
#1163=ORIENTED_EDGE('',*,*,#1607,.F.);
#1164=ORIENTED_EDGE('',*,*,#1765,.F.);
#1165=ORIENTED_EDGE('',*,*,#1283,.F.);
#1166=ORIENTED_EDGE('',*,*,#1759,.F.);
#1167=ORIENTED_EDGE('',*,*,#1601,.F.);
#1168=ORIENTED_EDGE('',*,*,#1756,.F.);
#1169=ORIENTED_EDGE('',*,*,#1625,.F.);
#1170=ORIENTED_EDGE('',*,*,#1642,.F.);
#1171=ORIENTED_EDGE('',*,*,#1768,.F.);
#1172=ORIENTED_EDGE('',*,*,#1510,.F.);
#1173=ORIENTED_EDGE('',*,*,#1766,.F.);
#1174=ORIENTED_EDGE('',*,*,#1632,.F.);
#1175=ORIENTED_EDGE('',*,*,#1767,.F.);
#1176=ORIENTED_EDGE('',*,*,#1508,.F.);
#1177=ORIENTED_EDGE('',*,*,#1776,.F.);
#1178=ORIENTED_EDGE('',*,*,#1640,.F.);
#1179=ORIENTED_EDGE('',*,*,#1770,.F.);
#1180=ORIENTED_EDGE('',*,*,#1512,.F.);
#1181=ORIENTED_EDGE('',*,*,#1769,.F.);
#1182=ORIENTED_EDGE('',*,*,#1638,.F.);
#1183=ORIENTED_EDGE('',*,*,#1772,.F.);
#1184=ORIENTED_EDGE('',*,*,#1514,.F.);
#1185=ORIENTED_EDGE('',*,*,#1771,.F.);
#1186=ORIENTED_EDGE('',*,*,#1636,.F.);
#1187=ORIENTED_EDGE('',*,*,#1774,.F.);
#1188=ORIENTED_EDGE('',*,*,#1516,.F.);
#1189=ORIENTED_EDGE('',*,*,#1773,.F.);
#1190=ORIENTED_EDGE('',*,*,#1634,.F.);
#1191=ORIENTED_EDGE('',*,*,#1777,.F.);
#1192=ORIENTED_EDGE('',*,*,#1518,.F.);
#1193=ORIENTED_EDGE('',*,*,#1775,.F.);
#1194=ORIENTED_EDGE('',*,*,#1657,.F.);
#1195=ORIENTED_EDGE('',*,*,#1719,.F.);
#1196=ORIENTED_EDGE('',*,*,#1575,.F.);
#1197=ORIENTED_EDGE('',*,*,#1721,.F.);
#1198=ORIENTED_EDGE('',*,*,#1659,.F.);
#1199=ORIENTED_EDGE('',*,*,#1722,.F.);
#1200=ORIENTED_EDGE('',*,*,#1573,.F.);
#1201=ORIENTED_EDGE('',*,*,#1732,.F.);
#1202=ORIENTED_EDGE('',*,*,#1724,.F.);
#1203=ORIENTED_EDGE('',*,*,#1789,.T.);
#1204=ORIENTED_EDGE('',*,*,#1733,.F.);
#1205=ORIENTED_EDGE('',*,*,#1571,.F.);
#1206=ORIENTED_EDGE('',*,*,#1730,.F.);
#1207=ORIENTED_EDGE('',*,*,#1790,.T.);
#1208=ORIENTED_EDGE('',*,*,#1725,.F.);
#1209=ORIENTED_EDGE('',*,*,#1569,.F.);
#1210=ORIENTED_EDGE('',*,*,#1666,.F.);
#1211=ORIENTED_EDGE('',*,*,#1731,.F.);
#1212=ORIENTED_EDGE('',*,*,#1567,.F.);
#1213=ORIENTED_EDGE('',*,*,#1727,.F.);
#1214=ORIENTED_EDGE('',*,*,#1668,.F.);
#1215=ORIENTED_EDGE('',*,*,#1728,.F.);
#1216=ORIENTED_EDGE('',*,*,#1565,.F.);
#1217=ORIENTED_EDGE('',*,*,#1720,.F.);
#1218=ORIENTED_EDGE('',*,*,#1684,.F.);
#1219=ORIENTED_EDGE('',*,*,#1748,.F.);
#1220=ORIENTED_EDGE('',*,*,#1301,.F.);
#1221=ORIENTED_EDGE('',*,*,#1752,.F.);
#1222=ORIENTED_EDGE('',*,*,#1680,.F.);
#1223=ORIENTED_EDGE('',*,*,#1754,.F.);
#1224=ORIENTED_EDGE('',*,*,#1305,.F.);
#1225=ORIENTED_EDGE('',*,*,#1750,.F.);
#1226=ORIENTED_EDGE('',*,*,#1682,.F.);
#1227=ORIENTED_EDGE('',*,*,#1751,.F.);
#1228=ORIENTED_EDGE('',*,*,#1303,.F.);
#1229=ORIENTED_EDGE('',*,*,#1749,.F.);
#1230=ORIENTED_EDGE('',*,*,#1441,.F.);
#1231=ORIENTED_EDGE('',*,*,#1746,.F.);
#1232=ORIENTED_EDGE('',*,*,#1481,.F.);
#1233=ORIENTED_EDGE('',*,*,#1291,.F.);
#1234=ORIENTED_EDGE('',*,*,#1755,.F.);
#1235=ORIENTED_EDGE('',*,*,#1678,.F.);
#1236=ORIENTED_EDGE('',*,*,#1439,.F.);
#1237=ORIENTED_EDGE('',*,*,#1742,.F.);
#1238=ORIENTED_EDGE('',*,*,#1483,.F.);
#1239=ORIENTED_EDGE('',*,*,#1747,.F.);
#1240=ORIENTED_EDGE('',*,*,#1437,.F.);
#1241=ORIENTED_EDGE('',*,*,#1744,.F.);
#1242=ORIENTED_EDGE('',*,*,#1485,.F.);
#1243=ORIENTED_EDGE('',*,*,#1743,.F.);
#1244=ORIENTED_EDGE('',*,*,#1686,.F.);
#1245=ORIENTED_EDGE('',*,*,#1753,.F.);
#1246=ORIENTED_EDGE('',*,*,#1299,.F.);
#1247=ORIENTED_EDGE('',*,*,#1487,.F.);
#1248=ORIENTED_EDGE('',*,*,#1745,.F.);
#1249=ORIENTED_EDGE('',*,*,#1435,.F.);
#1250=ORIENTED_EDGE('',*,*,#1627,.F.);
#1251=ORIENTED_EDGE('',*,*,#1757,.F.);
#1252=ORIENTED_EDGE('',*,*,#1599,.F.);
#1253=ORIENTED_EDGE('',*,*,#1761,.F.);
#1254=ORIENTED_EDGE('',*,*,#1289,.F.);
#1255=ORIENTED_EDGE('',*,*,#1381,.F.);
#1256=ORIENTED_EDGE('',*,*,#1318,.F.);
#1257=ORIENTED_EDGE('',*,*,#1726,.F.);
#1258=ORIENTED_EDGE('',*,*,#1790,.F.);
#1259=ORIENTED_EDGE('',*,*,#1729,.F.);
#1260=ORIENTED_EDGE('',*,*,#1695,.F.);
#1261=ORIENTED_EDGE('',*,*,#1723,.F.);
#1262=ORIENTED_EDGE('',*,*,#1320,.F.);
#1263=ORIENTED_EDGE('',*,*,#1391,.F.);
#1264=ORIENTED_EDGE('',*,*,#1698,.F.);
#1265=ORIENTED_EDGE('',*,*,#1734,.F.);
#1266=ORIENTED_EDGE('',*,*,#1789,.F.);
#1267=EDGE_CURVE('',#1791,#1792,#2138,.T.);
#1268=EDGE_CURVE('',#1791,#1793,#178,.T.);
#1269=EDGE_CURVE('',#1792,#1793,#2139,.T.);
#1270=EDGE_CURVE('',#1794,#1795,#2140,.T.);
#1271=EDGE_CURVE('',#1794,#1796,#179,.T.);
#1272=EDGE_CURVE('',#1796,#1795,#2141,.T.);
#1273=EDGE_CURVE('',#1797,#1798,#2142,.T.);
#1274=EDGE_CURVE('',#1797,#1799,#180,.T.);
#1275=EDGE_CURVE('',#1798,#1799,#2143,.T.);
#1276=EDGE_CURVE('',#1800,#1801,#2144,.T.);
#1277=EDGE_CURVE('',#1800,#1802,#90,.T.);
#1278=EDGE_CURVE('',#1803,#1802,#2145,.T.);
#1279=EDGE_CURVE('',#1803,#1804,#91,.T.);
#1280=EDGE_CURVE('',#1805,#1804,#2146,.T.);
#1281=EDGE_CURVE('',#1805,#1806,#92,.T.);
#1282=EDGE_CURVE('',#1807,#1806,#2147,.T.);
#1283=EDGE_CURVE('',#1807,#1808,#93,.T.);
#1284=EDGE_CURVE('',#1808,#1809,#2148,.T.);
#1285=EDGE_CURVE('',#1809,#1810,#2149,.T.);
#1286=EDGE_CURVE('',#1811,#1810,#2150,.T.);
#1287=EDGE_CURVE('',#1812,#1811,#2151,.T.);
#1288=EDGE_CURVE('',#1812,#1813,#2152,.T.);
#1289=EDGE_CURVE('',#1813,#1801,#94,.T.);
#1290=EDGE_CURVE('',#1814,#1815,#2153,.T.);
#1291=EDGE_CURVE('',#1814,#1816,#95,.T.);
#1292=EDGE_CURVE('',#1816,#1817,#2154,.T.);
#1293=EDGE_CURVE('',#1817,#1818,#2155,.T.);
#1294=EDGE_CURVE('',#1818,#1819,#2156,.T.);
#1295=EDGE_CURVE('',#1820,#1819,#2157,.T.);
#1296=EDGE_CURVE('',#1821,#1820,#2158,.T.);
#1297=EDGE_CURVE('',#1821,#1822,#65,.T.);
#1298=EDGE_CURVE('',#1822,#1823,#2159,.T.);
#1299=EDGE_CURVE('',#1823,#1824,#96,.T.);
#1300=EDGE_CURVE('',#1825,#1824,#2160,.T.);
#1301=EDGE_CURVE('',#1825,#1826,#97,.T.);
#1302=EDGE_CURVE('',#1827,#1826,#2161,.T.);
#1303=EDGE_CURVE('',#1827,#1828,#98,.T.);
#1304=EDGE_CURVE('',#1829,#1828,#2162,.T.);
#1305=EDGE_CURVE('',#1829,#1815,#99,.T.);
#1306=EDGE_CURVE('',#1830,#1831,#2163,.T.);
#1307=EDGE_CURVE('',#1830,#1832,#100,.F.);
#1308=EDGE_CURVE('',#1832,#1833,#2164,.T.);
#1309=EDGE_CURVE('',#1833,#1834,#101,.F.);
#1310=EDGE_CURVE('',#1834,#1812,#2165,.T.);
#1311=EDGE_CURVE('',#1811,#1835,#2166,.T.);
#1312=EDGE_CURVE('',#1836,#1835,#2167,.T.);
#1313=EDGE_CURVE('',#1837,#1836,#2168,.T.);
#1314=EDGE_CURVE('',#1837,#1838,#102,.F.);
#1315=EDGE_CURVE('',#1839,#1838,#2169,.T.);
#1316=EDGE_CURVE('',#1839,#1831,#103,.F.);
#1317=EDGE_CURVE('',#1840,#1841,#2170,.T.);
#1318=EDGE_CURVE('',#1841,#1842,#2171,.F.);
#1319=EDGE_CURVE('',#1842,#1843,#2172,.T.);
#1320=EDGE_CURVE('',#1843,#1840,#2173,.F.);
#1321=EDGE_CURVE('',#1844,#1845,#181,.T.);
#1322=EDGE_CURVE('',#1845,#1844,#2174,.T.);
#1323=EDGE_CURVE('',#1846,#1847,#2175,.T.);
#1324=EDGE_CURVE('',#1846,#1848,#104,.T.);
#1325=EDGE_CURVE('',#1848,#1849,#2176,.T.);
#1326=EDGE_CURVE('',#1849,#1850,#105,.T.);
#1327=EDGE_CURVE('',#1850,#1851,#2177,.T.);
#1328=EDGE_CURVE('',#1851,#1852,#106,.T.);
#1329=EDGE_CURVE('',#1852,#1853,#2178,.T.);
#1330=EDGE_CURVE('',#1853,#1854,#107,.T.);
#1331=EDGE_CURVE('',#1854,#1855,#2179,.T.);
#1332=EDGE_CURVE('',#1856,#1855,#2180,.T.);
#1333=EDGE_CURVE('',#1857,#1856,#2181,.T.);
#1334=EDGE_CURVE('',#1857,#1847,#2182,.T.);
#1335=EDGE_CURVE('',#1858,#1859,#2183,.T.);
#1336=EDGE_CURVE('',#1859,#1860,#2184,.T.);
#1337=EDGE_CURVE('',#1861,#1860,#2185,.T.);
#1338=EDGE_CURVE('',#1861,#1862,#2186,.T.);
#1339=EDGE_CURVE('',#1862,#1858,#182,.T.);
#1340=EDGE_CURVE('',#1863,#1864,#2187,.T.);
#1341=EDGE_CURVE('',#1864,#1865,#183,.T.);
#1342=EDGE_CURVE('',#1866,#1865,#2188,.T.);
#1343=EDGE_CURVE('',#1867,#1866,#2189,.T.);
#1344=EDGE_CURVE('',#1867,#1863,#2190,.T.);
#1345=EDGE_CURVE('',#1868,#1869,#2191,.T.);
#1346=EDGE_CURVE('',#1868,#1870,#2192,.T.);
#1347=EDGE_CURVE('',#1871,#1870,#2193,.T.);
#1348=EDGE_CURVE('',#1871,#1872,#2194,.T.);
#1349=EDGE_CURVE('',#1872,#1873,#2195,.T.);
#1350=EDGE_CURVE('',#1873,#1874,#2196,.T.);
#1351=EDGE_CURVE('',#1874,#1875,#2197,.T.);
#1352=EDGE_CURVE('',#1876,#1875,#2198,.T.);
#1353=EDGE_CURVE('',#1864,#1876,#108,.T.);
#1354=EDGE_CURVE('',#1877,#1863,#2199,.T.);
#1355=EDGE_CURVE('',#1877,#1878,#109,.F.);
#1356=EDGE_CURVE('',#1879,#1878,#2200,.T.);
#1357=EDGE_CURVE('',#1879,#1880,#110,.F.);
#1358=EDGE_CURVE('',#1880,#1881,#2201,.T.);
#1359=EDGE_CURVE('',#1882,#1881,#2202,.T.);
#1360=EDGE_CURVE('',#1883,#1882,#111,.T.);
#1361=EDGE_CURVE('',#1869,#1883,#2203,.T.);
#1362=EDGE_CURVE('',#1884,#1885,#2204,.T.);
#1363=EDGE_CURVE('',#1885,#1886,#184,.T.);
#1364=EDGE_CURVE('',#1887,#1886,#2205,.T.);
#1365=EDGE_CURVE('',#1888,#1887,#2206,.T.);
#1366=EDGE_CURVE('',#1888,#1889,#2207,.F.);
#1367=EDGE_CURVE('',#1889,#1890,#2208,.T.);
#1368=EDGE_CURVE('',#1890,#1891,#2209,.T.);
#1369=EDGE_CURVE('',#1891,#1892,#2210,.T.);
#1370=EDGE_CURVE('',#1893,#1892,#2211,.T.);
#1371=EDGE_CURVE('',#1893,#1884,#2212,.T.);
#1372=EDGE_CURVE('',#1894,#1895,#185,.T.);
#1373=EDGE_CURVE('',#1895,#1896,#2213,.T.);
#1374=EDGE_CURVE('',#1897,#1896,#2214,.T.);
#1375=EDGE_CURVE('',#1897,#1898,#2215,.T.);
#1376=EDGE_CURVE('',#1898,#1899,#2216,.T.);
#1377=EDGE_CURVE('',#1899,#1900,#2217,.T.);
#1378=EDGE_CURVE('',#1900,#1901,#2218,.F.);
#1379=EDGE_CURVE('',#1902,#1901,#2219,.T.);
#1380=EDGE_CURVE('',#1894,#1902,#2220,.T.);
#1381=EDGE_CURVE('',#1842,#1903,#66,.F.);
#1382=EDGE_CURVE('',#1903,#1904,#2221,.T.);
#1383=EDGE_CURVE('',#1905,#1904,#2222,.T.);
#1384=EDGE_CURVE('',#1905,#1906,#2223,.F.);
#1385=EDGE_CURVE('',#1907,#1906,#2224,.T.);
#1386=EDGE_CURVE('',#1907,#1908,#2225,.T.);
#1387=EDGE_CURVE('',#1909,#1908,#2226,.T.);
#1388=EDGE_CURVE('',#1909,#1910,#2227,.F.);
#1389=EDGE_CURVE('',#1911,#1910,#2228,.T.);
#1390=EDGE_CURVE('',#1911,#1912,#2229,.T.);
#1391=EDGE_CURVE('',#1912,#1843,#67,.F.);
#1392=EDGE_CURVE('',#1904,#1891,#2230,.T.);
#1393=EDGE_CURVE('',#1890,#1913,#2231,.T.);
#1394=EDGE_CURVE('',#1914,#1913,#2232,.T.);
#1395=EDGE_CURVE('',#1914,#1905,#2233,.F.);
#1396=EDGE_CURVE('',#1898,#1911,#2234,.T.);
#1397=EDGE_CURVE('',#1910,#1915,#2235,.F.);
#1398=EDGE_CURVE('',#1916,#1915,#2236,.T.);
#1399=EDGE_CURVE('',#1916,#1899,#2237,.T.);
#1400=EDGE_CURVE('',#1917,#1918,#2238,.T.);
#1401=EDGE_CURVE('',#1918,#1919,#2239,.T.);
#1402=EDGE_CURVE('',#1920,#1919,#2240,.T.);
#1403=EDGE_CURVE('',#1920,#1921,#2241,.T.);
#1404=EDGE_CURVE('',#1921,#1917,#186,.T.);
#1405=EDGE_CURVE('',#1922,#1923,#2242,.T.);
#1406=EDGE_CURVE('',#1922,#1924,#2243,.T.);
#1407=EDGE_CURVE('',#1924,#1925,#2244,.T.);
#1408=EDGE_CURVE('',#1925,#1923,#2245,.T.);
#1409=EDGE_CURVE('',#1926,#1892,#2246,.T.);
#1410=EDGE_CURVE('',#1926,#1918,#2247,.T.);
#1411=EDGE_CURVE('',#1917,#1927,#187,.T.);
#1412=EDGE_CURVE('',#1927,#1893,#2248,.T.);
#1413=EDGE_CURVE('',#1924,#1928,#2249,.T.);
#1414=EDGE_CURVE('',#1897,#1928,#2250,.T.);
#1415=EDGE_CURVE('',#1896,#1925,#2251,.T.);
#1416=EDGE_CURVE('',#1906,#1929,#2252,.T.);
#1417=EDGE_CURVE('',#1929,#1930,#2253,.T.);
#1418=EDGE_CURVE('',#1930,#1907,#2254,.T.);
#1419=EDGE_CURVE('',#1915,#1931,#2255,.T.);
#1420=EDGE_CURVE('',#1931,#1916,#2256,.T.);
#1421=EDGE_CURVE('',#1932,#1862,#112,.T.);
#1422=EDGE_CURVE('',#1933,#1932,#188,.T.);
#1423=EDGE_CURVE('',#1934,#1933,#113,.F.);
#1424=EDGE_CURVE('',#1935,#1934,#189,.T.);
#1425=EDGE_CURVE('',#1858,#1935,#114,.F.);
#1426=EDGE_CURVE('',#1936,#1937,#115,.F.);
#1427=EDGE_CURVE('',#1938,#1936,#190,.T.);
#1428=EDGE_CURVE('',#1939,#1938,#116,.T.);
#1429=EDGE_CURVE('',#1940,#1939,#191,.T.);
#1430=EDGE_CURVE('',#1937,#1940,#192,.T.);
#1431=EDGE_CURVE('',#1854,#1941,#2257,.T.);
#1432=EDGE_CURVE('',#1941,#1942,#2258,.T.);
#1433=EDGE_CURVE('',#1942,#1837,#2259,.F.);
#1434=EDGE_CURVE('',#1836,#1943,#2260,.T.);
#1435=EDGE_CURVE('',#1943,#1944,#68,.F.);
#1436=EDGE_CURVE('',#1944,#1945,#2261,.T.);
#1437=EDGE_CURVE('',#1945,#1946,#69,.F.);
#1438=EDGE_CURVE('',#1946,#1947,#2262,.T.);
#1439=EDGE_CURVE('',#1947,#1948,#70,.F.);
#1440=EDGE_CURVE('',#1948,#1949,#2263,.T.);
#1441=EDGE_CURVE('',#1949,#1950,#71,.F.);
#1442=EDGE_CURVE('',#1950,#1951,#2264,.T.);
#1443=EDGE_CURVE('',#1952,#1951,#2265,.T.);
#1444=EDGE_CURVE('',#1952,#1953,#2266,.T.);
#1445=EDGE_CURVE('',#1954,#1953,#2267,.T.);
#1446=EDGE_CURVE('',#1954,#1955,#193,.T.);
#1447=EDGE_CURVE('',#1955,#1956,#117,.F.);
#1448=EDGE_CURVE('',#1957,#1956,#2268,.T.);
#1449=EDGE_CURVE('',#1957,#1958,#118,.F.);
#1450=EDGE_CURVE('',#1958,#1959,#2269,.T.);
#1451=EDGE_CURVE('',#1959,#1960,#119,.F.);
#1452=EDGE_CURVE('',#1960,#1859,#2270,.T.);
#1453=EDGE_CURVE('',#1934,#1935,#2271,.T.);
#1454=EDGE_CURVE('',#1933,#1855,#2272,.T.);
#1455=EDGE_CURVE('',#1961,#1939,#2273,.T.);
#1456=EDGE_CURVE('',#1961,#1938,#2274,.T.);
#1457=EDGE_CURVE('',#1962,#1963,#2275,.T.);
#1458=EDGE_CURVE('',#1962,#1964,#2276,.T.);
#1459=EDGE_CURVE('',#1964,#1965,#2277,.T.);
#1460=EDGE_CURVE('',#1965,#1966,#194,.T.);
#1461=EDGE_CURVE('',#1963,#1966,#2278,.T.);
#1462=EDGE_CURVE('',#1967,#1902,#2279,.T.);
#1463=EDGE_CURVE('',#1967,#1894,#195,.T.);
#1464=EDGE_CURVE('',#1968,#1881,#2280,.T.);
#1465=EDGE_CURVE('',#1969,#1968,#2281,.T.);
#1466=EDGE_CURVE('',#1969,#1970,#196,.T.);
#1467=EDGE_CURVE('',#1970,#1882,#2282,.T.);
#1468=EDGE_CURVE('',#1886,#1971,#197,.T.);
#1469=EDGE_CURVE('',#1971,#1972,#2283,.T.);
#1470=EDGE_CURVE('',#1887,#1972,#2284,.T.);
#1471=EDGE_CURVE('',#1973,#1974,#2285,.T.);
#1472=EDGE_CURVE('',#1973,#1975,#198,.T.);
#1473=EDGE_CURVE('',#1976,#1975,#2286,.T.);
#1474=EDGE_CURVE('',#1974,#1976,#2287,.T.);
#1475=EDGE_CURVE('',#1977,#1820,#2288,.T.);
#1476=EDGE_CURVE('',#1978,#1819,#2289,.T.);
#1477=EDGE_CURVE('',#1977,#1978,#2290,.T.);
#1478=EDGE_CURVE('',#1966,#1979,#120,.T.);
#1479=EDGE_CURVE('',#1979,#1980,#2291,.T.);
#1480=EDGE_CURVE('',#1980,#1817,#2292,.T.);
#1481=EDGE_CURVE('',#1816,#1981,#72,.T.);
#1482=EDGE_CURVE('',#1981,#1982,#2293,.T.);
#1483=EDGE_CURVE('',#1982,#1983,#73,.T.);
#1484=EDGE_CURVE('',#1983,#1984,#2294,.T.);
#1485=EDGE_CURVE('',#1984,#1985,#74,.T.);
#1486=EDGE_CURVE('',#1985,#1986,#2295,.T.);
#1487=EDGE_CURVE('',#1986,#1823,#75,.T.);
#1488=EDGE_CURVE('',#1822,#1987,#121,.T.);
#1489=EDGE_CURVE('',#1987,#1988,#2296,.T.);
#1490=EDGE_CURVE('',#1988,#1989,#2297,.T.);
#1491=EDGE_CURVE('',#1989,#1974,#2298,.T.);
#1492=EDGE_CURVE('',#1976,#1861,#122,.T.);
#1493=EDGE_CURVE('',#1990,#1860,#2299,.T.);
#1494=EDGE_CURVE('',#1990,#1991,#123,.T.);
#1495=EDGE_CURVE('',#1992,#1991,#2300,.T.);
#1496=EDGE_CURVE('',#1992,#1993,#124,.T.);
#1497=EDGE_CURVE('',#1993,#1963,#2301,.T.);
#1498=EDGE_CURVE('',#1994,#1995,#2302,.T.);
#1499=EDGE_CURVE('',#1994,#1821,#2303,.T.);
#1500=EDGE_CURVE('',#1871,#1977,#2304,.T.);
#1501=EDGE_CURVE('',#1871,#1996,#2305,.T.);
#1502=EDGE_CURVE('',#1996,#1997,#125,.T.);
#1503=EDGE_CURVE('',#1997,#1998,#2306,.T.);
#1504=EDGE_CURVE('',#1998,#1999,#126,.T.);
#1505=EDGE_CURVE('',#2000,#1999,#2307,.T.);
#1506=EDGE_CURVE('',#2000,#1995,#127,.T.);
#1507=EDGE_CURVE('',#2001,#2002,#2308,.T.);
#1508=EDGE_CURVE('',#2001,#2003,#128,.F.);
#1509=EDGE_CURVE('',#2004,#2003,#2309,.T.);
#1510=EDGE_CURVE('',#2004,#2005,#129,.F.);
#1511=EDGE_CURVE('',#2006,#2005,#2310,.T.);
#1512=EDGE_CURVE('',#2006,#2007,#130,.F.);
#1513=EDGE_CURVE('',#2008,#2007,#2311,.T.);
#1514=EDGE_CURVE('',#2008,#2009,#131,.F.);
#1515=EDGE_CURVE('',#2010,#2009,#2312,.T.);
#1516=EDGE_CURVE('',#2010,#2011,#132,.F.);
#1517=EDGE_CURVE('',#2012,#2011,#2313,.T.);
#1518=EDGE_CURVE('',#2012,#2002,#133,.F.);
#1519=EDGE_CURVE('',#1818,#2013,#2314,.T.);
#1520=EDGE_CURVE('',#2014,#2013,#2315,.T.);
#1521=EDGE_CURVE('',#2014,#2015,#2316,.T.);
#1522=EDGE_CURVE('',#2015,#1978,#2317,.T.);
#1523=EDGE_CURVE('',#1937,#1883,#2318,.T.);
#1524=EDGE_CURVE('',#1869,#1940,#2319,.T.);
#1525=EDGE_CURVE('',#2016,#2017,#2320,.T.);
#1526=EDGE_CURVE('',#2016,#1868,#2321,.T.);
#1527=EDGE_CURVE('',#1961,#2018,#2322,.T.);
#1528=EDGE_CURVE('',#2018,#2019,#2323,.T.);
#1529=EDGE_CURVE('',#2020,#2019,#2324,.T.);
#1530=EDGE_CURVE('',#2020,#2021,#2325,.T.);
#1531=EDGE_CURVE('',#2021,#1973,#199,.T.);
#1532=EDGE_CURVE('',#1989,#2022,#2326,.T.);
#1533=EDGE_CURVE('',#2022,#2023,#2327,.T.);
#1534=EDGE_CURVE('',#2017,#2023,#2328,.T.);
#1535=EDGE_CURVE('',#2017,#2024,#2329,.T.);
#1536=EDGE_CURVE('',#2023,#2025,#2330,.T.);
#1537=EDGE_CURVE('',#2024,#2025,#2331,.T.);
#1538=EDGE_CURVE('',#2024,#2026,#2332,.T.);
#1539=EDGE_CURVE('',#2025,#2027,#2333,.T.);
#1540=EDGE_CURVE('',#2026,#2027,#2334,.T.);
#1541=EDGE_CURVE('',#2026,#2028,#2335,.T.);
#1542=EDGE_CURVE('',#2027,#2029,#2336,.T.);
#1543=EDGE_CURVE('',#2028,#2029,#2337,.T.);
#1544=EDGE_CURVE('',#2029,#2030,#2338,.T.);
#1545=EDGE_CURVE('',#2030,#2031,#2339,.T.);
#1546=EDGE_CURVE('',#2032,#2031,#2340,.T.);
#1547=EDGE_CURVE('',#2032,#2033,#2341,.T.);
#1548=EDGE_CURVE('',#2028,#2033,#2342,.T.);
#1549=EDGE_CURVE('',#1987,#2034,#2343,.F.);
#1550=EDGE_CURVE('',#2034,#1942,#76,.F.);
#1551=EDGE_CURVE('',#1941,#2035,#134,.F.);
#1552=EDGE_CURVE('',#2036,#2035,#2344,.T.);
#1553=EDGE_CURVE('',#2036,#2037,#135,.F.);
#1554=EDGE_CURVE('',#2038,#2037,#2345,.T.);
#1555=EDGE_CURVE('',#2038,#2039,#136,.F.);
#1556=EDGE_CURVE('',#2040,#2039,#2346,.T.);
#1557=EDGE_CURVE('',#2040,#2041,#137,.F.);
#1558=EDGE_CURVE('',#2042,#2041,#2347,.T.);
#1559=EDGE_CURVE('',#2042,#1996,#77,.F.);
#1560=EDGE_CURVE('',#1870,#2043,#2348,.T.);
#1561=EDGE_CURVE('',#2043,#2032,#2349,.T.);
#1562=EDGE_CURVE('',#2031,#2044,#2350,.T.);
#1563=EDGE_CURVE('',#2044,#1988,#2351,.T.);
#1564=EDGE_CURVE('',#2045,#2046,#2352,.T.);
#1565=EDGE_CURVE('',#2045,#2047,#138,.F.);
#1566=EDGE_CURVE('',#2048,#2047,#2353,.T.);
#1567=EDGE_CURVE('',#2048,#2049,#139,.F.);
#1568=EDGE_CURVE('',#2050,#2049,#2354,.T.);
#1569=EDGE_CURVE('',#2050,#2051,#140,.F.);
#1570=EDGE_CURVE('',#2052,#2051,#2355,.T.);
#1571=EDGE_CURVE('',#2052,#2053,#141,.F.);
#1572=EDGE_CURVE('',#2054,#2053,#2356,.T.);
#1573=EDGE_CURVE('',#2054,#2055,#142,.F.);
#1574=EDGE_CURVE('',#2056,#2055,#2357,.T.);
#1575=EDGE_CURVE('',#2056,#2046,#143,.F.);
#1576=EDGE_CURVE('',#2013,#2057,#2358,.T.);
#1577=EDGE_CURVE('',#1908,#2057,#2359,.T.);
#1578=EDGE_CURVE('',#1930,#2014,#2360,.T.);
#1579=EDGE_CURVE('',#2058,#2059,#200,.T.);
#1580=EDGE_CURVE('',#2059,#1876,#78,.T.);
#1581=EDGE_CURVE('',#1875,#2060,#2361,.T.);
#1582=EDGE_CURVE('',#2060,#1888,#2362,.T.);
#1583=EDGE_CURVE('',#1972,#2058,#79,.T.);
#1584=EDGE_CURVE('',#1913,#2061,#2363,.T.);
#1585=EDGE_CURVE('',#2061,#1914,#2364,.T.);
#1586=EDGE_CURVE('',#2057,#2062,#2365,.T.);
#1587=EDGE_CURVE('',#2062,#1909,#2366,.T.);
#1588=EDGE_CURVE('',#1979,#2063,#80,.T.);
#1589=EDGE_CURVE('',#2063,#2064,#201,.T.);
#1590=EDGE_CURVE('',#2064,#2065,#81,.T.);
#1591=EDGE_CURVE('',#2065,#1967,#82,.T.);
#1592=EDGE_CURVE('',#1901,#2066,#2367,.T.);
#1593=EDGE_CURVE('',#2066,#1980,#2368,.T.);
#1594=EDGE_CURVE('',#2022,#2067,#2369,.T.);
#1595=EDGE_CURVE('',#2067,#2030,#2370,.T.);
#1596=EDGE_CURVE('',#2033,#2068,#2371,.T.);
#1597=EDGE_CURVE('',#2068,#2016,#2372,.T.);
#1598=EDGE_CURVE('',#2069,#2070,#2373,.T.);
#1599=EDGE_CURVE('',#2069,#1872,#144,.F.);
#1600=EDGE_CURVE('',#2015,#1874,#2374,.T.);
#1601=EDGE_CURVE('',#1873,#2071,#145,.F.);
#1602=EDGE_CURVE('',#2072,#2071,#2375,.T.);
#1603=EDGE_CURVE('',#2072,#2073,#146,.F.);
#1604=EDGE_CURVE('',#2074,#2073,#2376,.T.);
#1605=EDGE_CURVE('',#2074,#2075,#147,.F.);
#1606=EDGE_CURVE('',#2076,#2075,#2377,.T.);
#1607=EDGE_CURVE('',#2076,#2070,#148,.F.);
#1608=EDGE_CURVE('',#1795,#1920,#2378,.T.);
#1609=EDGE_CURVE('',#1796,#1921,#202,.T.);
#1610=EDGE_CURVE('',#1810,#2077,#2379,.T.);
#1611=EDGE_CURVE('',#1835,#2077,#2380,.T.);
#1612=EDGE_CURVE('',#2041,#1846,#2381,.F.);
#1613=EDGE_CURVE('',#2078,#1847,#2382,.T.);
#1614=EDGE_CURVE('',#2078,#1844,#149,.T.);
#1615=EDGE_CURVE('',#1845,#1969,#150,.T.);
#1616=EDGE_CURVE('',#2079,#1968,#2383,.T.);
#1617=EDGE_CURVE('',#2079,#2080,#151,.T.);
#1618=EDGE_CURVE('',#2080,#2081,#2384,.T.);
#1619=EDGE_CURVE('',#2081,#2082,#152,.T.);
#1620=EDGE_CURVE('',#2082,#2083,#2385,.T.);
#1621=EDGE_CURVE('',#2083,#2084,#153,.T.);
#1622=EDGE_CURVE('',#2084,#1791,#203,.T.);
#1623=EDGE_CURVE('',#2085,#1792,#2386,.T.);
#1624=EDGE_CURVE('',#2085,#1809,#2387,.T.);
#1625=EDGE_CURVE('',#1808,#2086,#83,.T.);
#1626=EDGE_CURVE('',#2086,#2087,#2388,.T.);
#1627=EDGE_CURVE('',#2087,#1813,#84,.T.);
#1628=EDGE_CURVE('',#1834,#2042,#2389,.T.);
#1629=EDGE_CURVE('',#2020,#2088,#2390,.T.);
#1630=EDGE_CURVE('',#2088,#2021,#154,.F.);
#1631=EDGE_CURVE('',#2089,#2090,#2391,.T.);
#1632=EDGE_CURVE('',#2089,#2091,#155,.T.);
#1633=EDGE_CURVE('',#2092,#2091,#2392,.T.);
#1634=EDGE_CURVE('',#2092,#2093,#156,.T.);
#1635=EDGE_CURVE('',#2094,#2093,#2393,.T.);
#1636=EDGE_CURVE('',#2094,#2095,#157,.T.);
#1637=EDGE_CURVE('',#2096,#2095,#2394,.T.);
#1638=EDGE_CURVE('',#2096,#2097,#158,.T.);
#1639=EDGE_CURVE('',#2098,#2097,#2395,.T.);
#1640=EDGE_CURVE('',#2098,#2099,#159,.T.);
#1641=EDGE_CURVE('',#2100,#2099,#2396,.T.);
#1642=EDGE_CURVE('',#2100,#2090,#160,.T.);
#1643=EDGE_CURVE('',#1951,#2077,#2397,.T.);
#1644=EDGE_CURVE('',#2085,#1952,#2398,.T.);
#1645=EDGE_CURVE('',#2018,#2101,#2399,.T.);
#1646=EDGE_CURVE('',#2101,#2102,#2400,.T.);
#1647=EDGE_CURVE('',#2019,#2102,#2401,.T.);
#1648=EDGE_CURVE('',#2101,#2103,#2402,.T.);
#1649=EDGE_CURVE('',#2103,#2104,#2403,.T.);
#1650=EDGE_CURVE('',#2102,#2104,#2404,.T.);
#1651=EDGE_CURVE('',#2103,#2105,#2405,.T.);
#1652=EDGE_CURVE('',#2105,#2106,#2406,.T.);
#1653=EDGE_CURVE('',#2104,#2106,#2407,.T.);
#1654=EDGE_CURVE('',#2105,#1857,#2408,.T.);
#1655=EDGE_CURVE('',#2106,#1856,#2409,.T.);
#1656=EDGE_CURVE('',#2107,#2108,#2410,.T.);
#1657=EDGE_CURVE('',#2108,#2109,#161,.T.);
#1658=EDGE_CURVE('',#2109,#2110,#2411,.T.);
#1659=EDGE_CURVE('',#2110,#2111,#162,.T.);
#1660=EDGE_CURVE('',#2111,#1922,#2412,.T.);
#1661=EDGE_CURVE('',#1923,#1798,#2413,.T.);
#1662=EDGE_CURVE('',#1799,#2112,#204,.T.);
#1663=EDGE_CURVE('',#2112,#1953,#2414,.T.);
#1664=EDGE_CURVE('',#1793,#1794,#205,.T.);
#1665=EDGE_CURVE('',#1919,#2113,#2415,.T.);
#1666=EDGE_CURVE('',#2113,#2114,#163,.T.);
#1667=EDGE_CURVE('',#2114,#2115,#2416,.T.);
#1668=EDGE_CURVE('',#2115,#2107,#164,.T.);
#1669=EDGE_CURVE('',#1884,#2116,#2417,.T.);
#1670=EDGE_CURVE('',#2116,#1885,#206,.T.);
#1671=EDGE_CURVE('',#1927,#2116,#207,.T.);
#1672=EDGE_CURVE('',#1895,#1797,#208,.T.);
#1673=EDGE_CURVE('',#2112,#1954,#209,.T.);
#1674=EDGE_CURVE('',#1932,#2117,#85,.T.);
#1675=EDGE_CURVE('',#2117,#2088,#210,.T.);
#1676=EDGE_CURVE('',#1936,#2118,#86,.F.);
#1677=EDGE_CURVE('',#2118,#2078,#211,.T.);
#1678=EDGE_CURVE('',#1950,#2119,#165,.F.);
#1679=EDGE_CURVE('',#2119,#2120,#2418,.T.);
#1680=EDGE_CURVE('',#2120,#2121,#166,.F.);
#1681=EDGE_CURVE('',#2121,#2122,#2419,.T.);
#1682=EDGE_CURVE('',#2122,#2123,#167,.F.);
#1683=EDGE_CURVE('',#2123,#2124,#2420,.T.);
#1684=EDGE_CURVE('',#2124,#2125,#168,.F.);
#1685=EDGE_CURVE('',#2125,#2126,#2421,.T.);
#1686=EDGE_CURVE('',#2126,#1943,#169,.F.);
#1687=EDGE_CURVE('',#2064,#2065,#212,.T.);
#1688=EDGE_CURVE('',#1971,#2058,#213,.T.);
#1689=EDGE_CURVE('',#1975,#2117,#170,.T.);
#1690=EDGE_CURVE('',#1970,#2118,#171,.F.);
#1691=EDGE_CURVE('',#2062,#2066,#2422,.T.);
#1692=EDGE_CURVE('',#1931,#1900,#2423,.T.);
#1693=EDGE_CURVE('',#2061,#1889,#2424,.T.);
#1694=EDGE_CURVE('',#1929,#2060,#2425,.T.);
#1695=EDGE_CURVE('',#1903,#2127,#2426,.T.);
#1696=EDGE_CURVE('',#1926,#2127,#2427,.T.);
#1697=EDGE_CURVE('',#2128,#1928,#2428,.T.);
#1698=EDGE_CURVE('',#2128,#1912,#2429,.T.);
#1699=EDGE_CURVE('',#2129,#1867,#2430,.T.);
#1700=EDGE_CURVE('',#2129,#2082,#2431,.T.);
#1701=EDGE_CURVE('',#2082,#1877,#2432,.T.);
#1702=EDGE_CURVE('',#1880,#2079,#2433,.F.);
#1703=EDGE_CURVE('',#1878,#2081,#2434,.F.);
#1704=EDGE_CURVE('',#2080,#1879,#2435,.T.);
#1705=EDGE_CURVE('',#1993,#1957,#2436,.F.);
#1706=EDGE_CURVE('',#2130,#1957,#2437,.T.);
#1707=EDGE_CURVE('',#2130,#1962,#2438,.T.);
#1708=EDGE_CURVE('',#1960,#1990,#2439,.T.);
#1709=EDGE_CURVE('',#1958,#1992,#2440,.T.);
#1710=EDGE_CURVE('',#1991,#1959,#2441,.F.);
#1711=EDGE_CURVE('',#2067,#2044,#2442,.T.);
#1712=EDGE_CURVE('',#2043,#2068,#2443,.T.);
#1713=EDGE_CURVE('',#2037,#1851,#2444,.F.);
#1714=EDGE_CURVE('',#1850,#2038,#2445,.T.);
#1715=EDGE_CURVE('',#1852,#2036,#2446,.T.);
#1716=EDGE_CURVE('',#2035,#1853,#2447,.F.);
#1717=EDGE_CURVE('',#2039,#1849,#2448,.F.);
#1718=EDGE_CURVE('',#1848,#2040,#2449,.T.);
#1719=EDGE_CURVE('',#2046,#2108,#2450,.F.);
#1720=EDGE_CURVE('',#2107,#2045,#2451,.T.);
#1721=EDGE_CURVE('',#2109,#2056,#2452,.T.);
#1722=EDGE_CURVE('',#2055,#2110,#2453,.F.);
#1723=EDGE_CURVE('',#1840,#2131,#172,.T.);
#1724=EDGE_CURVE('',#2131,#2052,#2454,.T.);
#1725=EDGE_CURVE('',#2051,#2132,#2455,.F.);
#1726=EDGE_CURVE('',#2132,#1841,#173,.T.);
#1727=EDGE_CURVE('',#2114,#2048,#2456,.T.);
#1728=EDGE_CURVE('',#2047,#2115,#2457,.F.);
#1729=EDGE_CURVE('',#2127,#2133,#87,.T.);
#1730=EDGE_CURVE('',#2133,#2050,#2458,.T.);
#1731=EDGE_CURVE('',#2049,#2113,#2459,.F.);
#1732=EDGE_CURVE('',#2111,#2054,#2460,.T.);
#1733=EDGE_CURVE('',#2053,#2134,#2461,.F.);
#1734=EDGE_CURVE('',#2134,#2128,#88,.T.);
#1735=EDGE_CURVE('',#1997,#1833,#2462,.F.);
#1736=EDGE_CURVE('',#1832,#1998,#2463,.T.);
#1737=EDGE_CURVE('',#1838,#2135,#2464,.T.);
#1738=EDGE_CURVE('',#2135,#1994,#89,.T.);
#1739=EDGE_CURVE('',#1995,#1839,#2465,.F.);
#1740=EDGE_CURVE('',#1831,#2000,#2466,.T.);
#1741=EDGE_CURVE('',#1999,#1830,#2467,.F.);
#1742=EDGE_CURVE('',#1983,#1947,#2468,.F.);
#1743=EDGE_CURVE('',#1946,#1984,#2469,.T.);
#1744=EDGE_CURVE('',#1985,#1945,#2470,.F.);
#1745=EDGE_CURVE('',#1944,#1986,#2471,.T.);
#1746=EDGE_CURVE('',#1981,#1949,#2472,.F.);
#1747=EDGE_CURVE('',#1948,#1982,#2473,.T.);
#1748=EDGE_CURVE('',#1826,#2124,#2474,.F.);
#1749=EDGE_CURVE('',#2123,#1827,#2475,.T.);
#1750=EDGE_CURVE('',#2121,#1829,#2476,.T.);
#1751=EDGE_CURVE('',#1828,#2122,#2477,.F.);
#1752=EDGE_CURVE('',#2125,#1825,#2478,.T.);
#1753=EDGE_CURVE('',#1824,#2126,#2479,.F.);
#1754=EDGE_CURVE('',#1815,#2120,#2480,.F.);
#1755=EDGE_CURVE('',#2119,#1814,#2481,.T.);
#1756=EDGE_CURVE('',#2086,#1873,#2482,.T.);
#1757=EDGE_CURVE('',#1872,#2087,#2483,.F.);
#1758=EDGE_CURVE('',#1806,#2072,#2484,.T.);
#1759=EDGE_CURVE('',#2071,#1807,#2485,.F.);
#1760=EDGE_CURVE('',#2070,#1800,#2486,.F.);
#1761=EDGE_CURVE('',#1801,#2069,#2487,.T.);
#1762=EDGE_CURVE('',#2073,#1805,#2488,.F.);
#1763=EDGE_CURVE('',#1804,#2074,#2489,.T.);
#1764=EDGE_CURVE('',#2075,#1803,#2490,.F.);
#1765=EDGE_CURVE('',#1802,#2076,#2491,.T.);
#1766=EDGE_CURVE('',#2090,#2004,#2492,.T.);
#1767=EDGE_CURVE('',#2003,#2089,#2493,.F.);
#1768=EDGE_CURVE('',#2005,#2100,#2494,.F.);
#1769=EDGE_CURVE('',#2099,#2006,#2495,.T.);
#1770=EDGE_CURVE('',#2007,#2098,#2496,.F.);
#1771=EDGE_CURVE('',#2097,#2008,#2497,.T.);
#1772=EDGE_CURVE('',#2009,#2096,#2498,.F.);
#1773=EDGE_CURVE('',#2095,#2010,#2499,.T.);
#1774=EDGE_CURVE('',#2011,#2094,#2500,.F.);
#1775=EDGE_CURVE('',#2093,#2012,#2501,.T.);
#1776=EDGE_CURVE('',#2091,#2001,#2502,.T.);
#1777=EDGE_CURVE('',#2002,#2092,#2503,.F.);
#1778=EDGE_CURVE('',#2063,#1955,#214,.F.);
#1779=EDGE_CURVE('',#1956,#1965,#174,.F.);
#1780=EDGE_CURVE('',#2059,#2084,#215,.T.);
#1781=EDGE_CURVE('',#1865,#2083,#175,.T.);
#1782=EDGE_CURVE('',#2136,#1956,#2504,.T.);
#1783=EDGE_CURVE('',#2130,#2136,#2505,.T.);
#1784=EDGE_CURVE('',#2136,#1964,#176,.F.);
#1785=EDGE_CURVE('',#2129,#2137,#2506,.T.);
#1786=EDGE_CURVE('',#2137,#2083,#2507,.T.);
#1787=EDGE_CURVE('',#1866,#2137,#177,.T.);
#1788=EDGE_CURVE('',#2034,#2135,#216,.F.);
#1789=EDGE_CURVE('',#2131,#2134,#217,.T.);
#1790=EDGE_CURVE('',#2133,#2132,#218,.T.);
#1791=VERTEX_POINT('',#4756);
#1792=VERTEX_POINT('',#4757);
#1793=VERTEX_POINT('',#4762);
#1794=VERTEX_POINT('',#4766);
#1795=VERTEX_POINT('',#4767);
#1796=VERTEX_POINT('',#4772);
#1797=VERTEX_POINT('',#4776);
#1798=VERTEX_POINT('',#4777);
#1799=VERTEX_POINT('',#4782);
#1800=VERTEX_POINT('',#4786);
#1801=VERTEX_POINT('',#4787);
#1802=VERTEX_POINT('',#4789);
#1803=VERTEX_POINT('',#4791);
#1804=VERTEX_POINT('',#4793);
#1805=VERTEX_POINT('',#4795);
#1806=VERTEX_POINT('',#4797);
#1807=VERTEX_POINT('',#4799);
#1808=VERTEX_POINT('',#4801);
#1809=VERTEX_POINT('',#4803);
#1810=VERTEX_POINT('',#4805);
#1811=VERTEX_POINT('',#4807);
#1812=VERTEX_POINT('',#4809);
#1813=VERTEX_POINT('',#4811);
#1814=VERTEX_POINT('',#4815);
#1815=VERTEX_POINT('',#4816);
#1816=VERTEX_POINT('',#4818);
#1817=VERTEX_POINT('',#4820);
#1818=VERTEX_POINT('',#4822);
#1819=VERTEX_POINT('',#4824);
#1820=VERTEX_POINT('',#4826);
#1821=VERTEX_POINT('',#4828);
#1822=VERTEX_POINT('',#4830);
#1823=VERTEX_POINT('',#4832);
#1824=VERTEX_POINT('',#4834);
#1825=VERTEX_POINT('',#4836);
#1826=VERTEX_POINT('',#4838);
#1827=VERTEX_POINT('',#4840);
#1828=VERTEX_POINT('',#4842);
#1829=VERTEX_POINT('',#4844);
#1830=VERTEX_POINT('',#4848);
#1831=VERTEX_POINT('',#4849);
#1832=VERTEX_POINT('',#4851);
#1833=VERTEX_POINT('',#4853);
#1834=VERTEX_POINT('',#4855);
#1835=VERTEX_POINT('',#4858);
#1836=VERTEX_POINT('',#4860);
#1837=VERTEX_POINT('',#4862);
#1838=VERTEX_POINT('',#4864);
#1839=VERTEX_POINT('',#4866);
#1840=VERTEX_POINT('',#4870);
#1841=VERTEX_POINT('',#4871);
#1842=VERTEX_POINT('',#4873);
#1843=VERTEX_POINT('',#4875);
#1844=VERTEX_POINT('',#4884);
#1845=VERTEX_POINT('',#4885);
#1846=VERTEX_POINT('',#4889);
#1847=VERTEX_POINT('',#4890);
#1848=VERTEX_POINT('',#4892);
#1849=VERTEX_POINT('',#4894);
#1850=VERTEX_POINT('',#4896);
#1851=VERTEX_POINT('',#4898);
#1852=VERTEX_POINT('',#4900);
#1853=VERTEX_POINT('',#4902);
#1854=VERTEX_POINT('',#4904);
#1855=VERTEX_POINT('',#4906);
#1856=VERTEX_POINT('',#4908);
#1857=VERTEX_POINT('',#4910);
#1858=VERTEX_POINT('',#4914);
#1859=VERTEX_POINT('',#4915);
#1860=VERTEX_POINT('',#4917);
#1861=VERTEX_POINT('',#4919);
#1862=VERTEX_POINT('',#4921);
#1863=VERTEX_POINT('',#4928);
#1864=VERTEX_POINT('',#4929);
#1865=VERTEX_POINT('',#4934);
#1866=VERTEX_POINT('',#4936);
#1867=VERTEX_POINT('',#4938);
#1868=VERTEX_POINT('',#4942);
#1869=VERTEX_POINT('',#4943);
#1870=VERTEX_POINT('',#4945);
#1871=VERTEX_POINT('',#4947);
#1872=VERTEX_POINT('',#4949);
#1873=VERTEX_POINT('',#4951);
#1874=VERTEX_POINT('',#4953);
#1875=VERTEX_POINT('',#4955);
#1876=VERTEX_POINT('',#4957);
#1877=VERTEX_POINT('',#4960);
#1878=VERTEX_POINT('',#4962);
#1879=VERTEX_POINT('',#4964);
#1880=VERTEX_POINT('',#4966);
#1881=VERTEX_POINT('',#4968);
#1882=VERTEX_POINT('',#4970);
#1883=VERTEX_POINT('',#4972);
#1884=VERTEX_POINT('',#4976);
#1885=VERTEX_POINT('',#4977);
#1886=VERTEX_POINT('',#4982);
#1887=VERTEX_POINT('',#4984);
#1888=VERTEX_POINT('',#4986);
#1889=VERTEX_POINT('',#4988);
#1890=VERTEX_POINT('',#4990);
#1891=VERTEX_POINT('',#4992);
#1892=VERTEX_POINT('',#4994);
#1893=VERTEX_POINT('',#4996);
#1894=VERTEX_POINT('',#5003);
#1895=VERTEX_POINT('',#5004);
#1896=VERTEX_POINT('',#5006);
#1897=VERTEX_POINT('',#5008);
#1898=VERTEX_POINT('',#5010);
#1899=VERTEX_POINT('',#5012);
#1900=VERTEX_POINT('',#5014);
#1901=VERTEX_POINT('',#5016);
#1902=VERTEX_POINT('',#5018);
#1903=VERTEX_POINT('',#5022);
#1904=VERTEX_POINT('',#5024);
#1905=VERTEX_POINT('',#5026);
#1906=VERTEX_POINT('',#5028);
#1907=VERTEX_POINT('',#5030);
#1908=VERTEX_POINT('',#5032);
#1909=VERTEX_POINT('',#5034);
#1910=VERTEX_POINT('',#5036);
#1911=VERTEX_POINT('',#5038);
#1912=VERTEX_POINT('',#5040);
#1913=VERTEX_POINT('',#5045);
#1914=VERTEX_POINT('',#5047);
#1915=VERTEX_POINT('',#5052);
#1916=VERTEX_POINT('',#5054);
#1917=VERTEX_POINT('',#5058);
#1918=VERTEX_POINT('',#5059);
#1919=VERTEX_POINT('',#5061);
#1920=VERTEX_POINT('',#5063);
#1921=VERTEX_POINT('',#5065);
#1922=VERTEX_POINT('',#5072);
#1923=VERTEX_POINT('',#5073);
#1924=VERTEX_POINT('',#5075);
#1925=VERTEX_POINT('',#5077);
#1926=VERTEX_POINT('',#5081);
#1927=VERTEX_POINT('',#5087);
#1928=VERTEX_POINT('',#5091);
#1929=VERTEX_POINT('',#5096);
#1930=VERTEX_POINT('',#5098);
#1931=VERTEX_POINT('',#5102);
#1932=VERTEX_POINT('',#5106);
#1933=VERTEX_POINT('',#5112);
#1934=VERTEX_POINT('',#5114);
#1935=VERTEX_POINT('',#5121);
#1936=VERTEX_POINT('',#5125);
#1937=VERTEX_POINT('',#5126);
#1938=VERTEX_POINT('',#5132);
#1939=VERTEX_POINT('',#5134);
#1940=VERTEX_POINT('',#5139);
#1941=VERTEX_POINT('',#5146);
#1942=VERTEX_POINT('',#5148);
#1943=VERTEX_POINT('',#5151);
#1944=VERTEX_POINT('',#5153);
#1945=VERTEX_POINT('',#5155);
#1946=VERTEX_POINT('',#5157);
#1947=VERTEX_POINT('',#5159);
#1948=VERTEX_POINT('',#5161);
#1949=VERTEX_POINT('',#5163);
#1950=VERTEX_POINT('',#5165);
#1951=VERTEX_POINT('',#5167);
#1952=VERTEX_POINT('',#5169);
#1953=VERTEX_POINT('',#5171);
#1954=VERTEX_POINT('',#5173);
#1955=VERTEX_POINT('',#5178);
#1956=VERTEX_POINT('',#5180);
#1957=VERTEX_POINT('',#5182);
#1958=VERTEX_POINT('',#5184);
#1959=VERTEX_POINT('',#5186);
#1960=VERTEX_POINT('',#5188);
#1961=VERTEX_POINT('',#5194);
#1962=VERTEX_POINT('',#5198);
#1963=VERTEX_POINT('',#5199);
#1964=VERTEX_POINT('',#5201);
#1965=VERTEX_POINT('',#5203);
#1966=VERTEX_POINT('',#5208);
#1967=VERTEX_POINT('',#5212);
#1968=VERTEX_POINT('',#5219);
#1969=VERTEX_POINT('',#5221);
#1970=VERTEX_POINT('',#5226);
#1971=VERTEX_POINT('',#5233);
#1972=VERTEX_POINT('',#5235);
#1973=VERTEX_POINT('',#5239);
#1974=VERTEX_POINT('',#5240);
#1975=VERTEX_POINT('',#5245);
#1976=VERTEX_POINT('',#5247);
#1977=VERTEX_POINT('',#5251);
#1978=VERTEX_POINT('',#5253);
#1979=VERTEX_POINT('',#5257);
#1980=VERTEX_POINT('',#5259);
#1981=VERTEX_POINT('',#5262);
#1982=VERTEX_POINT('',#5264);
#1983=VERTEX_POINT('',#5266);
#1984=VERTEX_POINT('',#5268);
#1985=VERTEX_POINT('',#5270);
#1986=VERTEX_POINT('',#5272);
#1987=VERTEX_POINT('',#5275);
#1988=VERTEX_POINT('',#5277);
#1989=VERTEX_POINT('',#5279);
#1990=VERTEX_POINT('',#5283);
#1991=VERTEX_POINT('',#5285);
#1992=VERTEX_POINT('',#5287);
#1993=VERTEX_POINT('',#5289);
#1994=VERTEX_POINT('',#5293);
#1995=VERTEX_POINT('',#5294);
#1996=VERTEX_POINT('',#5298);
#1997=VERTEX_POINT('',#5300);
#1998=VERTEX_POINT('',#5302);
#1999=VERTEX_POINT('',#5304);
#2000=VERTEX_POINT('',#5306);
#2001=VERTEX_POINT('',#5310);
#2002=VERTEX_POINT('',#5311);
#2003=VERTEX_POINT('',#5313);
#2004=VERTEX_POINT('',#5315);
#2005=VERTEX_POINT('',#5317);
#2006=VERTEX_POINT('',#5319);
#2007=VERTEX_POINT('',#5321);
#2008=VERTEX_POINT('',#5323);
#2009=VERTEX_POINT('',#5325);
#2010=VERTEX_POINT('',#5327);
#2011=VERTEX_POINT('',#5329);
#2012=VERTEX_POINT('',#5331);
#2013=VERTEX_POINT('',#5334);
#2014=VERTEX_POINT('',#5336);
#2015=VERTEX_POINT('',#5338);
#2016=VERTEX_POINT('',#5345);
#2017=VERTEX_POINT('',#5346);
#2018=VERTEX_POINT('',#5349);
#2019=VERTEX_POINT('',#5351);
#2020=VERTEX_POINT('',#5353);
#2021=VERTEX_POINT('',#5355);
#2022=VERTEX_POINT('',#5361);
#2023=VERTEX_POINT('',#5363);
#2024=VERTEX_POINT('',#5367);
#2025=VERTEX_POINT('',#5369);
#2026=VERTEX_POINT('',#5373);
#2027=VERTEX_POINT('',#5375);
#2028=VERTEX_POINT('',#5379);
#2029=VERTEX_POINT('',#5381);
#2030=VERTEX_POINT('',#5385);
#2031=VERTEX_POINT('',#5387);
#2032=VERTEX_POINT('',#5389);
#2033=VERTEX_POINT('',#5391);
#2034=VERTEX_POINT('',#5395);
#2035=VERTEX_POINT('',#5398);
#2036=VERTEX_POINT('',#5400);
#2037=VERTEX_POINT('',#5402);
#2038=VERTEX_POINT('',#5404);
#2039=VERTEX_POINT('',#5406);
#2040=VERTEX_POINT('',#5408);
#2041=VERTEX_POINT('',#5410);
#2042=VERTEX_POINT('',#5412);
#2043=VERTEX_POINT('',#5415);
#2044=VERTEX_POINT('',#5418);
#2045=VERTEX_POINT('',#5422);
#2046=VERTEX_POINT('',#5423);
#2047=VERTEX_POINT('',#5425);
#2048=VERTEX_POINT('',#5427);
#2049=VERTEX_POINT('',#5429);
#2050=VERTEX_POINT('',#5431);
#2051=VERTEX_POINT('',#5433);
#2052=VERTEX_POINT('',#5435);
#2053=VERTEX_POINT('',#5437);
#2054=VERTEX_POINT('',#5439);
#2055=VERTEX_POINT('',#5441);
#2056=VERTEX_POINT('',#5443);
#2057=VERTEX_POINT('',#5446);
#2058=VERTEX_POINT('',#5454);
#2059=VERTEX_POINT('',#5455);
#2060=VERTEX_POINT('',#5458);
#2061=VERTEX_POINT('',#5463);
#2062=VERTEX_POINT('',#5467);
#2063=VERTEX_POINT('',#5471);
#2064=VERTEX_POINT('',#5477);
#2065=VERTEX_POINT('',#5479);
#2066=VERTEX_POINT('',#5482);
#2067=VERTEX_POINT('',#5486);
#2068=VERTEX_POINT('',#5490);
#2069=VERTEX_POINT('',#5494);
#2070=VERTEX_POINT('',#5495);
#2071=VERTEX_POINT('',#5499);
#2072=VERTEX_POINT('',#5501);
#2073=VERTEX_POINT('',#5503);
#2074=VERTEX_POINT('',#5505);
#2075=VERTEX_POINT('',#5507);
#2076=VERTEX_POINT('',#5509);
#2077=VERTEX_POINT('',#5519);
#2078=VERTEX_POINT('',#5524);
#2079=VERTEX_POINT('',#5528);
#2080=VERTEX_POINT('',#5530);
#2081=VERTEX_POINT('',#5532);
#2082=VERTEX_POINT('',#5534);
#2083=VERTEX_POINT('',#5536);
#2084=VERTEX_POINT('',#5538);
#2085=VERTEX_POINT('',#5544);
#2086=VERTEX_POINT('',#5547);
#2087=VERTEX_POINT('',#5549);
#2088=VERTEX_POINT('',#5554);
#2089=VERTEX_POINT('',#5558);
#2090=VERTEX_POINT('',#5559);
#2091=VERTEX_POINT('',#5561);
#2092=VERTEX_POINT('',#5563);
#2093=VERTEX_POINT('',#5565);
#2094=VERTEX_POINT('',#5567);
#2095=VERTEX_POINT('',#5569);
#2096=VERTEX_POINT('',#5571);
#2097=VERTEX_POINT('',#5573);
#2098=VERTEX_POINT('',#5575);
#2099=VERTEX_POINT('',#5577);
#2100=VERTEX_POINT('',#5579);
#2101=VERTEX_POINT('',#5585);
#2102=VERTEX_POINT('',#5587);
#2103=VERTEX_POINT('',#5591);
#2104=VERTEX_POINT('',#5593);
#2105=VERTEX_POINT('',#5597);
#2106=VERTEX_POINT('',#5599);
#2107=VERTEX_POINT('',#5607);
#2108=VERTEX_POINT('',#5608);
#2109=VERTEX_POINT('',#5610);
#2110=VERTEX_POINT('',#5612);
#2111=VERTEX_POINT('',#5614);
#2112=VERTEX_POINT('',#5624);
#2113=VERTEX_POINT('',#5633);
#2114=VERTEX_POINT('',#5635);
#2115=VERTEX_POINT('',#5637);
#2116=VERTEX_POINT('',#5641);
#2117=VERTEX_POINT('',#5668);
#2118=VERTEX_POINT('',#5676);
#2119=VERTEX_POINT('',#5684);
#2120=VERTEX_POINT('',#5686);
#2121=VERTEX_POINT('',#5688);
#2122=VERTEX_POINT('',#5690);
#2123=VERTEX_POINT('',#5692);
#2124=VERTEX_POINT('',#5694);
#2125=VERTEX_POINT('',#5696);
#2126=VERTEX_POINT('',#5698);
#2127=VERTEX_POINT('',#5749);
#2128=VERTEX_POINT('',#5753);
#2129=VERTEX_POINT('',#5757);
#2130=VERTEX_POINT('',#5768);
#2131=VERTEX_POINT('',#5800);
#2132=VERTEX_POINT('',#5803);
#2133=VERTEX_POINT('',#5810);
#2134=VERTEX_POINT('',#5816);
#2135=VERTEX_POINT('',#5823);
#2136=VERTEX_POINT('',#5939);
#2137=VERTEX_POINT('',#5946);
#2138=LINE('',#4755,#2508);
#2139=LINE('',#4763,#2509);
#2140=LINE('',#4765,#2510);
#2141=LINE('',#4773,#2511);
#2142=LINE('',#4775,#2512);
#2143=LINE('',#4783,#2513);
#2144=LINE('',#4785,#2514);
#2145=LINE('',#4790,#2515);
#2146=LINE('',#4794,#2516);
#2147=LINE('',#4798,#2517);
#2148=LINE('',#4802,#2518);
#2149=LINE('',#4804,#2519);
#2150=LINE('',#4806,#2520);
#2151=LINE('',#4808,#2521);
#2152=LINE('',#4810,#2522);
#2153=LINE('',#4814,#2523);
#2154=LINE('',#4819,#2524);
#2155=LINE('',#4821,#2525);
#2156=LINE('',#4823,#2526);
#2157=LINE('',#4825,#2527);
#2158=LINE('',#4827,#2528);
#2159=LINE('',#4831,#2529);
#2160=LINE('',#4835,#2530);
#2161=LINE('',#4839,#2531);
#2162=LINE('',#4843,#2532);
#2163=LINE('',#4847,#2533);
#2164=LINE('',#4852,#2534);
#2165=LINE('',#4856,#2535);
#2166=LINE('',#4857,#2536);
#2167=LINE('',#4859,#2537);
#2168=LINE('',#4861,#2538);
#2169=LINE('',#4865,#2539);
#2170=LINE('',#4869,#2540);
#2171=LINE('',#4872,#2541);
#2172=LINE('',#4874,#2542);
#2173=LINE('',#4876,#2543);
#2174=LINE('',#4886,#2544);
#2175=LINE('',#4888,#2545);
#2176=LINE('',#4893,#2546);
#2177=LINE('',#4897,#2547);
#2178=LINE('',#4901,#2548);
#2179=LINE('',#4905,#2549);
#2180=LINE('',#4907,#2550);
#2181=LINE('',#4909,#2551);
#2182=LINE('',#4911,#2552);
#2183=LINE('',#4913,#2553);
#2184=LINE('',#4916,#2554);
#2185=LINE('',#4918,#2555);
#2186=LINE('',#4920,#2556);
#2187=LINE('',#4927,#2557);
#2188=LINE('',#4935,#2558);
#2189=LINE('',#4937,#2559);
#2190=LINE('',#4939,#2560);
#2191=LINE('',#4941,#2561);
#2192=LINE('',#4944,#2562);
#2193=LINE('',#4946,#2563);
#2194=LINE('',#4948,#2564);
#2195=LINE('',#4950,#2565);
#2196=LINE('',#4952,#2566);
#2197=LINE('',#4954,#2567);
#2198=LINE('',#4956,#2568);
#2199=LINE('',#4959,#2569);
#2200=LINE('',#4963,#2570);
#2201=LINE('',#4967,#2571);
#2202=LINE('',#4969,#2572);
#2203=LINE('',#4973,#2573);
#2204=LINE('',#4975,#2574);
#2205=LINE('',#4983,#2575);
#2206=LINE('',#4985,#2576);
#2207=LINE('',#4987,#2577);
#2208=LINE('',#4989,#2578);
#2209=LINE('',#4991,#2579);
#2210=LINE('',#4993,#2580);
#2211=LINE('',#4995,#2581);
#2212=LINE('',#4997,#2582);
#2213=LINE('',#5005,#2583);
#2214=LINE('',#5007,#2584);
#2215=LINE('',#5009,#2585);
#2216=LINE('',#5011,#2586);
#2217=LINE('',#5013,#2587);
#2218=LINE('',#5015,#2588);
#2219=LINE('',#5017,#2589);
#2220=LINE('',#5019,#2590);
#2221=LINE('',#5023,#2591);
#2222=LINE('',#5025,#2592);
#2223=LINE('',#5027,#2593);
#2224=LINE('',#5029,#2594);
#2225=LINE('',#5031,#2595);
#2226=LINE('',#5033,#2596);
#2227=LINE('',#5035,#2597);
#2228=LINE('',#5037,#2598);
#2229=LINE('',#5039,#2599);
#2230=LINE('',#5043,#2600);
#2231=LINE('',#5044,#2601);
#2232=LINE('',#5046,#2602);
#2233=LINE('',#5048,#2603);
#2234=LINE('',#5050,#2604);
#2235=LINE('',#5051,#2605);
#2236=LINE('',#5053,#2606);
#2237=LINE('',#5055,#2607);
#2238=LINE('',#5057,#2608);
#2239=LINE('',#5060,#2609);
#2240=LINE('',#5062,#2610);
#2241=LINE('',#5064,#2611);
#2242=LINE('',#5071,#2612);
#2243=LINE('',#5074,#2613);
#2244=LINE('',#5076,#2614);
#2245=LINE('',#5078,#2615);
#2246=LINE('',#5080,#2616);
#2247=LINE('',#5082,#2617);
#2248=LINE('',#5088,#2618);
#2249=LINE('',#5090,#2619);
#2250=LINE('',#5092,#2620);
#2251=LINE('',#5093,#2621);
#2252=LINE('',#5095,#2622);
#2253=LINE('',#5097,#2623);
#2254=LINE('',#5099,#2624);
#2255=LINE('',#5101,#2625);
#2256=LINE('',#5103,#2626);
#2257=LINE('',#5145,#2627);
#2258=LINE('',#5147,#2628);
#2259=LINE('',#5149,#2629);
#2260=LINE('',#5150,#2630);
#2261=LINE('',#5154,#2631);
#2262=LINE('',#5158,#2632);
#2263=LINE('',#5162,#2633);
#2264=LINE('',#5166,#2634);
#2265=LINE('',#5168,#2635);
#2266=LINE('',#5170,#2636);
#2267=LINE('',#5172,#2637);
#2268=LINE('',#5181,#2638);
#2269=LINE('',#5185,#2639);
#2270=LINE('',#5189,#2640);
#2271=LINE('',#5190,#2641);
#2272=LINE('',#5191,#2642);
#2273=LINE('',#5193,#2643);
#2274=LINE('',#5195,#2644);
#2275=LINE('',#5197,#2645);
#2276=LINE('',#5200,#2646);
#2277=LINE('',#5202,#2647);
#2278=LINE('',#5209,#2648);
#2279=LINE('',#5211,#2649);
#2280=LINE('',#5218,#2650);
#2281=LINE('',#5220,#2651);
#2282=LINE('',#5227,#2652);
#2283=LINE('',#5234,#2653);
#2284=LINE('',#5236,#2654);
#2285=LINE('',#5238,#2655);
#2286=LINE('',#5246,#2656);
#2287=LINE('',#5248,#2657);
#2288=LINE('',#5250,#2658);
#2289=LINE('',#5252,#2659);
#2290=LINE('',#5254,#2660);
#2291=LINE('',#5258,#2661);
#2292=LINE('',#5260,#2662);
#2293=LINE('',#5263,#2663);
#2294=LINE('',#5267,#2664);
#2295=LINE('',#5271,#2665);
#2296=LINE('',#5276,#2666);
#2297=LINE('',#5278,#2667);
#2298=LINE('',#5280,#2668);
#2299=LINE('',#5282,#2669);
#2300=LINE('',#5286,#2670);
#2301=LINE('',#5290,#2671);
#2302=LINE('',#5292,#2672);
#2303=LINE('',#5295,#2673);
#2304=LINE('',#5296,#2674);
#2305=LINE('',#5297,#2675);
#2306=LINE('',#5301,#2676);
#2307=LINE('',#5305,#2677);
#2308=LINE('',#5309,#2678);
#2309=LINE('',#5314,#2679);
#2310=LINE('',#5318,#2680);
#2311=LINE('',#5322,#2681);
#2312=LINE('',#5326,#2682);
#2313=LINE('',#5330,#2683);
#2314=LINE('',#5333,#2684);
#2315=LINE('',#5335,#2685);
#2316=LINE('',#5337,#2686);
#2317=LINE('',#5339,#2687);
#2318=LINE('',#5341,#2688);
#2319=LINE('',#5342,#2689);
#2320=LINE('',#5344,#2690);
#2321=LINE('',#5347,#2691);
#2322=LINE('',#5348,#2692);
#2323=LINE('',#5350,#2693);
#2324=LINE('',#5352,#2694);
#2325=LINE('',#5354,#2695);
#2326=LINE('',#5360,#2696);
#2327=LINE('',#5362,#2697);
#2328=LINE('',#5364,#2698);
#2329=LINE('',#5366,#2699);
#2330=LINE('',#5368,#2700);
#2331=LINE('',#5370,#2701);
#2332=LINE('',#5372,#2702);
#2333=LINE('',#5374,#2703);
#2334=LINE('',#5376,#2704);
#2335=LINE('',#5378,#2705);
#2336=LINE('',#5380,#2706);
#2337=LINE('',#5382,#2707);
#2338=LINE('',#5384,#2708);
#2339=LINE('',#5386,#2709);
#2340=LINE('',#5388,#2710);
#2341=LINE('',#5390,#2711);
#2342=LINE('',#5392,#2712);
#2343=LINE('',#5394,#2713);
#2344=LINE('',#5399,#2714);
#2345=LINE('',#5403,#2715);
#2346=LINE('',#5407,#2716);
#2347=LINE('',#5411,#2717);
#2348=LINE('',#5414,#2718);
#2349=LINE('',#5416,#2719);
#2350=LINE('',#5417,#2720);
#2351=LINE('',#5419,#2721);
#2352=LINE('',#5421,#2722);
#2353=LINE('',#5426,#2723);
#2354=LINE('',#5430,#2724);
#2355=LINE('',#5434,#2725);
#2356=LINE('',#5438,#2726);
#2357=LINE('',#5442,#2727);
#2358=LINE('',#5445,#2728);
#2359=LINE('',#5447,#2729);
#2360=LINE('',#5448,#2730);
#2361=LINE('',#5457,#2731);
#2362=LINE('',#5459,#2732);
#2363=LINE('',#5462,#2733);
#2364=LINE('',#5464,#2734);
#2365=LINE('',#5466,#2735);
#2366=LINE('',#5468,#2736);
#2367=LINE('',#5481,#2737);
#2368=LINE('',#5483,#2738);
#2369=LINE('',#5485,#2739);
#2370=LINE('',#5487,#2740);
#2371=LINE('',#5489,#2741);
#2372=LINE('',#5491,#2742);
#2373=LINE('',#5493,#2743);
#2374=LINE('',#5497,#2744);
#2375=LINE('',#5500,#2745);
#2376=LINE('',#5504,#2746);
#2377=LINE('',#5508,#2747);
#2378=LINE('',#5512,#2748);
#2379=LINE('',#5518,#2749);
#2380=LINE('',#5520,#2750);
#2381=LINE('',#5522,#2751);
#2382=LINE('',#5523,#2752);
#2383=LINE('',#5527,#2753);
#2384=LINE('',#5531,#2754);
#2385=LINE('',#5535,#2755);
#2386=LINE('',#5543,#2756);
#2387=LINE('',#5545,#2757);
#2388=LINE('',#5548,#2758);
#2389=LINE('',#5551,#2759);
#2390=LINE('',#5553,#2760);
#2391=LINE('',#5557,#2761);
#2392=LINE('',#5562,#2762);
#2393=LINE('',#5566,#2763);
#2394=LINE('',#5570,#2764);
#2395=LINE('',#5574,#2765);
#2396=LINE('',#5578,#2766);
#2397=LINE('',#5581,#2767);
#2398=LINE('',#5582,#2768);
#2399=LINE('',#5584,#2769);
#2400=LINE('',#5586,#2770);
#2401=LINE('',#5588,#2771);
#2402=LINE('',#5590,#2772);
#2403=LINE('',#5592,#2773);
#2404=LINE('',#5594,#2774);
#2405=LINE('',#5596,#2775);
#2406=LINE('',#5598,#2776);
#2407=LINE('',#5600,#2777);
#2408=LINE('',#5602,#2778);
#2409=LINE('',#5603,#2779);
#2410=LINE('',#5606,#2780);
#2411=LINE('',#5611,#2781);
#2412=LINE('',#5615,#2782);
#2413=LINE('',#5616,#2783);
#2414=LINE('',#5625,#2784);
#2415=LINE('',#5632,#2785);
#2416=LINE('',#5636,#2786);
#2417=LINE('',#5640,#2787);
#2418=LINE('',#5685,#2788);
#2419=LINE('',#5689,#2789);
#2420=LINE('',#5693,#2790);
#2421=LINE('',#5697,#2791);
#2422=LINE('',#5738,#2792);
#2423=LINE('',#5740,#2793);
#2424=LINE('',#5743,#2794);
#2425=LINE('',#5745,#2795);
#2426=LINE('',#5748,#2796);
#2427=LINE('',#5750,#2797);
#2428=LINE('',#5752,#2798);
#2429=LINE('',#5754,#2799);
#2430=LINE('',#5756,#2800);
#2431=LINE('',#5758,#2801);
#2432=LINE('',#5759,#2802);
#2433=LINE('',#5761,#2803);
#2434=LINE('',#5763,#2804);
#2435=LINE('',#5764,#2805);
#2436=LINE('',#5766,#2806);
#2437=LINE('',#5767,#2807);
#2438=LINE('',#5769,#2808);
#2439=LINE('',#5771,#2809);
#2440=LINE('',#5773,#2810);
#2441=LINE('',#5774,#2811);
#2442=LINE('',#5780,#2812);
#2443=LINE('',#5782,#2813);
#2444=LINE('',#5784,#2814);
#2445=LINE('',#5785,#2815);
#2446=LINE('',#5787,#2816);
#2447=LINE('',#5788,#2817);
#2448=LINE('',#5790,#2818);
#2449=LINE('',#5791,#2819);
#2450=LINE('',#5793,#2820);
#2451=LINE('',#5794,#2821);
#2452=LINE('',#5796,#2822);
#2453=LINE('',#5797,#2823);
#2454=LINE('',#5801,#2824);
#2455=LINE('',#5802,#2825);
#2456=LINE('',#5806,#2826);
#2457=LINE('',#5807,#2827);
#2458=LINE('',#5811,#2828);
#2459=LINE('',#5812,#2829);
#2460=LINE('',#5814,#2830);
#2461=LINE('',#5815,#2831);
#2462=LINE('',#5819,#2832);
#2463=LINE('',#5820,#2833);
#2464=LINE('',#5822,#2834);
#2465=LINE('',#5825,#2835);
#2466=LINE('',#5827,#2836);
#2467=LINE('',#5828,#2837);
#2468=LINE('',#5830,#2838);
#2469=LINE('',#5831,#2839);
#2470=LINE('',#5833,#2840);
#2471=LINE('',#5834,#2841);
#2472=LINE('',#5836,#2842);
#2473=LINE('',#5837,#2843);
#2474=LINE('',#5839,#2844);
#2475=LINE('',#5840,#2845);
#2476=LINE('',#5842,#2846);
#2477=LINE('',#5843,#2847);
#2478=LINE('',#5845,#2848);
#2479=LINE('',#5846,#2849);
#2480=LINE('',#5848,#2850);
#2481=LINE('',#5849,#2851);
#2482=LINE('',#5851,#2852);
#2483=LINE('',#5852,#2853);
#2484=LINE('',#5854,#2854);
#2485=LINE('',#5855,#2855);
#2486=LINE('',#5857,#2856);
#2487=LINE('',#5858,#2857);
#2488=LINE('',#5860,#2858);
#2489=LINE('',#5861,#2859);
#2490=LINE('',#5863,#2860);
#2491=LINE('',#5864,#2861);
#2492=LINE('',#5866,#2862);
#2493=LINE('',#5867,#2863);
#2494=LINE('',#5869,#2864);
#2495=LINE('',#5870,#2865);
#2496=LINE('',#5872,#2866);
#2497=LINE('',#5873,#2867);
#2498=LINE('',#5875,#2868);
#2499=LINE('',#5876,#2869);
#2500=LINE('',#5878,#2870);
#2501=LINE('',#5879,#2871);
#2502=LINE('',#5881,#2872);
#2503=LINE('',#5882,#2873);
#2504=LINE('',#5938,#2874);
#2505=LINE('',#5940,#2875);
#2506=LINE('',#5945,#2876);
#2507=LINE('',#5947,#2877);
#2508=VECTOR('',#3819,1.);
#2509=VECTOR('',#3820,1.);
#2510=VECTOR('',#3823,1.);
#2511=VECTOR('',#3824,1.);
#2512=VECTOR('',#3827,1.);
#2513=VECTOR('',#3828,1.);
#2514=VECTOR('',#3831,1.);
#2515=VECTOR('',#3834,1.);
#2516=VECTOR('',#3837,1.);
#2517=VECTOR('',#3840,1.);
#2518=VECTOR('',#3843,1.);
#2519=VECTOR('',#3844,1.);
#2520=VECTOR('',#3845,1.);
#2521=VECTOR('',#3846,1.);
#2522=VECTOR('',#3847,1.);
#2523=VECTOR('',#3852,1.);
#2524=VECTOR('',#3855,1.);
#2525=VECTOR('',#3856,1.);
#2526=VECTOR('',#3857,1.);
#2527=VECTOR('',#3858,1.);
#2528=VECTOR('',#3859,1.);
#2529=VECTOR('',#3862,1.);
#2530=VECTOR('',#3865,1.);
#2531=VECTOR('',#3868,1.);
#2532=VECTOR('',#3871,1.);
#2533=VECTOR('',#3876,1.);
#2534=VECTOR('',#3879,1.);
#2535=VECTOR('',#3882,1.);
#2536=VECTOR('',#3883,1.);
#2537=VECTOR('',#3884,1.);
#2538=VECTOR('',#3885,1.);
#2539=VECTOR('',#3888,1.);
#2540=VECTOR('',#3893,1.);
#2541=VECTOR('',#3894,1.);
#2542=VECTOR('',#3895,1.);
#2543=VECTOR('',#3896,1.);
#2544=VECTOR('',#3899,1.);
#2545=VECTOR('',#3902,1.);
#2546=VECTOR('',#3905,1.);
#2547=VECTOR('',#3908,1.);
#2548=VECTOR('',#3911,1.);
#2549=VECTOR('',#3914,1.);
#2550=VECTOR('',#3915,1.);
#2551=VECTOR('',#3916,1.);
#2552=VECTOR('',#3917,1.);
#2553=VECTOR('',#3920,1.);
#2554=VECTOR('',#3921,1.);
#2555=VECTOR('',#3922,1.);
#2556=VECTOR('',#3923,1.);
#2557=VECTOR('',#3926,1.);
#2558=VECTOR('',#3927,1.);
#2559=VECTOR('',#3928,1.);
#2560=VECTOR('',#3929,1.);
#2561=VECTOR('',#3932,1.);
#2562=VECTOR('',#3933,1.);
#2563=VECTOR('',#3934,1.);
#2564=VECTOR('',#3935,1.);
#2565=VECTOR('',#3936,1.);
#2566=VECTOR('',#3937,1.);
#2567=VECTOR('',#3938,1.);
#2568=VECTOR('',#3939,1.);
#2569=VECTOR('',#3942,1.);
#2570=VECTOR('',#3945,1.);
#2571=VECTOR('',#3948,1.);
#2572=VECTOR('',#3949,1.);
#2573=VECTOR('',#3952,1.);
#2574=VECTOR('',#3955,1.);
#2575=VECTOR('',#3956,1.);
#2576=VECTOR('',#3957,1.);
#2577=VECTOR('',#3958,1.);
#2578=VECTOR('',#3959,1.);
#2579=VECTOR('',#3960,1.);
#2580=VECTOR('',#3961,1.);
#2581=VECTOR('',#3962,1.);
#2582=VECTOR('',#3963,1.);
#2583=VECTOR('',#3966,1.);
#2584=VECTOR('',#3967,1.);
#2585=VECTOR('',#3968,1.);
#2586=VECTOR('',#3969,1.);
#2587=VECTOR('',#3970,1.);
#2588=VECTOR('',#3971,1.);
#2589=VECTOR('',#3972,1.);
#2590=VECTOR('',#3973,1.);
#2591=VECTOR('',#3978,1.);
#2592=VECTOR('',#3979,1.);
#2593=VECTOR('',#3980,1.);
#2594=VECTOR('',#3981,1.);
#2595=VECTOR('',#3982,1.);
#2596=VECTOR('',#3983,1.);
#2597=VECTOR('',#3984,1.);
#2598=VECTOR('',#3985,1.);
#2599=VECTOR('',#3986,1.);
#2600=VECTOR('',#3991,1.);
#2601=VECTOR('',#3992,1.);
#2602=VECTOR('',#3993,1.);
#2603=VECTOR('',#3994,1.);
#2604=VECTOR('',#3997,1.);
#2605=VECTOR('',#3998,1.);
#2606=VECTOR('',#3999,1.);
#2607=VECTOR('',#4000,1.);
#2608=VECTOR('',#4003,1.);
#2609=VECTOR('',#4004,1.);
#2610=VECTOR('',#4005,1.);
#2611=VECTOR('',#4006,1.);
#2612=VECTOR('',#4009,1.);
#2613=VECTOR('',#4010,1.);
#2614=VECTOR('',#4011,1.);
#2615=VECTOR('',#4012,1.);
#2616=VECTOR('',#4015,1.);
#2617=VECTOR('',#4016,1.);
#2618=VECTOR('',#4017,1.);
#2619=VECTOR('',#4020,1.);
#2620=VECTOR('',#4021,1.);
#2621=VECTOR('',#4022,1.);
#2622=VECTOR('',#4025,1.);
#2623=VECTOR('',#4026,1.);
#2624=VECTOR('',#4027,1.);
#2625=VECTOR('',#4030,1.);
#2626=VECTOR('',#4031,1.);
#2627=VECTOR('',#4048,1.);
#2628=VECTOR('',#4049,1.);
#2629=VECTOR('',#4050,1.);
#2630=VECTOR('',#4051,1.);
#2631=VECTOR('',#4054,1.);
#2632=VECTOR('',#4057,1.);
#2633=VECTOR('',#4060,1.);
#2634=VECTOR('',#4063,1.);
#2635=VECTOR('',#4064,1.);
#2636=VECTOR('',#4065,1.);
#2637=VECTOR('',#4066,1.);
#2638=VECTOR('',#4069,1.);
#2639=VECTOR('',#4072,1.);
#2640=VECTOR('',#4075,1.);
#2641=VECTOR('',#4076,1.);
#2642=VECTOR('',#4077,1.);
#2643=VECTOR('',#4080,1.);
#2644=VECTOR('',#4081,1.);
#2645=VECTOR('',#4084,1.);
#2646=VECTOR('',#4085,1.);
#2647=VECTOR('',#4086,1.);
#2648=VECTOR('',#4087,1.);
#2649=VECTOR('',#4090,1.);
#2650=VECTOR('',#4093,1.);
#2651=VECTOR('',#4094,1.);
#2652=VECTOR('',#4095,1.);
#2653=VECTOR('',#4098,1.);
#2654=VECTOR('',#4099,1.);
#2655=VECTOR('',#4102,1.);
#2656=VECTOR('',#4103,1.);
#2657=VECTOR('',#4104,1.);
#2658=VECTOR('',#4107,1.);
#2659=VECTOR('',#4108,1.);
#2660=VECTOR('',#4109,1.);
#2661=VECTOR('',#4114,1.);
#2662=VECTOR('',#4115,1.);
#2663=VECTOR('',#4118,1.);
#2664=VECTOR('',#4121,1.);
#2665=VECTOR('',#4124,1.);
#2666=VECTOR('',#4129,1.);
#2667=VECTOR('',#4130,1.);
#2668=VECTOR('',#4131,1.);
#2669=VECTOR('',#4134,1.);
#2670=VECTOR('',#4137,1.);
#2671=VECTOR('',#4140,1.);
#2672=VECTOR('',#4143,1.);
#2673=VECTOR('',#4144,1.);
#2674=VECTOR('',#4145,1.);
#2675=VECTOR('',#4146,1.);
#2676=VECTOR('',#4149,1.);
#2677=VECTOR('',#4152,1.);
#2678=VECTOR('',#4157,1.);
#2679=VECTOR('',#4160,1.);
#2680=VECTOR('',#4163,1.);
#2681=VECTOR('',#4166,1.);
#2682=VECTOR('',#4169,1.);
#2683=VECTOR('',#4172,1.);
#2684=VECTOR('',#4175,1.);
#2685=VECTOR('',#4176,1.);
#2686=VECTOR('',#4177,1.);
#2687=VECTOR('',#4178,1.);
#2688=VECTOR('',#4181,1.);
#2689=VECTOR('',#4182,1.);
#2690=VECTOR('',#4185,1.);
#2691=VECTOR('',#4186,1.);
#2692=VECTOR('',#4187,1.);
#2693=VECTOR('',#4188,1.);
#2694=VECTOR('',#4189,1.);
#2695=VECTOR('',#4190,1.);
#2696=VECTOR('',#4191,1.);
#2697=VECTOR('',#4192,1.);
#2698=VECTOR('',#4193,1.);
#2699=VECTOR('',#4196,1.);
#2700=VECTOR('',#4197,1.);
#2701=VECTOR('',#4198,1.);
#2702=VECTOR('',#4201,1.);
#2703=VECTOR('',#4202,1.);
#2704=VECTOR('',#4203,1.);
#2705=VECTOR('',#4206,1.);
#2706=VECTOR('',#4207,1.);
#2707=VECTOR('',#4208,1.);
#2708=VECTOR('',#4211,1.);
#2709=VECTOR('',#4212,1.);
#2710=VECTOR('',#4213,1.);
#2711=VECTOR('',#4214,1.);
#2712=VECTOR('',#4215,1.);
#2713=VECTOR('',#4218,1.);
#2714=VECTOR('',#4223,1.);
#2715=VECTOR('',#4226,1.);
#2716=VECTOR('',#4229,1.);
#2717=VECTOR('',#4232,1.);
#2718=VECTOR('',#4235,1.);
#2719=VECTOR('',#4236,1.);
#2720=VECTOR('',#4237,1.);
#2721=VECTOR('',#4238,1.);
#2722=VECTOR('',#4241,1.);
#2723=VECTOR('',#4244,1.);
#2724=VECTOR('',#4247,1.);
#2725=VECTOR('',#4250,1.);
#2726=VECTOR('',#4253,1.);
#2727=VECTOR('',#4256,1.);
#2728=VECTOR('',#4259,1.);
#2729=VECTOR('',#4260,1.);
#2730=VECTOR('',#4261,1.);
#2731=VECTOR('',#4266,1.);
#2732=VECTOR('',#4267,1.);
#2733=VECTOR('',#4272,1.);
#2734=VECTOR('',#4273,1.);
#2735=VECTOR('',#4276,1.);
#2736=VECTOR('',#4277,1.);
#2737=VECTOR('',#4286,1.);
#2738=VECTOR('',#4287,1.);
#2739=VECTOR('',#4290,1.);
#2740=VECTOR('',#4291,1.);
#2741=VECTOR('',#4294,1.);
#2742=VECTOR('',#4295,1.);
#2743=VECTOR('',#4298,1.);
#2744=VECTOR('',#4301,1.);
#2745=VECTOR('',#4304,1.);
#2746=VECTOR('',#4307,1.);
#2747=VECTOR('',#4310,1.);
#2748=VECTOR('',#4315,1.);
#2749=VECTOR('',#4318,1.);
#2750=VECTOR('',#4319,1.);
#2751=VECTOR('',#4322,1.);
#2752=VECTOR('',#4323,1.);
#2753=VECTOR('',#4328,1.);
#2754=VECTOR('',#4331,1.);
#2755=VECTOR('',#4334,1.);
#2756=VECTOR('',#4337,1.);
#2757=VECTOR('',#4338,1.);
#2758=VECTOR('',#4341,1.);
#2759=VECTOR('',#4344,1.);
#2760=VECTOR('',#4347,1.);
#2761=VECTOR('',#4352,1.);
#2762=VECTOR('',#4355,1.);
#2763=VECTOR('',#4358,1.);
#2764=VECTOR('',#4361,1.);
#2765=VECTOR('',#4364,1.);
#2766=VECTOR('',#4367,1.);
#2767=VECTOR('',#4370,1.);
#2768=VECTOR('',#4371,1.);
#2769=VECTOR('',#4374,1.);
#2770=VECTOR('',#4375,1.);
#2771=VECTOR('',#4376,1.);
#2772=VECTOR('',#4379,1.);
#2773=VECTOR('',#4380,1.);
#2774=VECTOR('',#4381,1.);
#2775=VECTOR('',#4384,1.);
#2776=VECTOR('',#4385,1.);
#2777=VECTOR('',#4386,1.);
#2778=VECTOR('',#4389,1.);
#2779=VECTOR('',#4390,1.);
#2780=VECTOR('',#4395,1.);
#2781=VECTOR('',#4398,1.);
#2782=VECTOR('',#4401,1.);
#2783=VECTOR('',#4402,1.);
#2784=VECTOR('',#4403,1.);
#2785=VECTOR('',#4404,1.);
#2786=VECTOR('',#4407,1.);
#2787=VECTOR('',#4412,1.);
#2788=VECTOR('',#4431,1.);
#2789=VECTOR('',#4434,1.);
#2790=VECTOR('',#4437,1.);
#2791=VECTOR('',#4440,1.);
#2792=VECTOR('',#4461,1.);
#2793=VECTOR('',#4464,1.);
#2794=VECTOR('',#4469,1.);
#2795=VECTOR('',#4472,1.);
#2796=VECTOR('',#4477,1.);
#2797=VECTOR('',#4478,1.);
#2798=VECTOR('',#4481,1.);
#2799=VECTOR('',#4482,1.);
#2800=VECTOR('',#4485,1.);
#2801=VECTOR('',#4486,1.);
#2802=VECTOR('',#4487,1.);
#2803=VECTOR('',#4490,1.);
#2804=VECTOR('',#4493,1.);
#2805=VECTOR('',#4494,1.);
#2806=VECTOR('',#4497,1.);
#2807=VECTOR('',#4498,1.);
#2808=VECTOR('',#4499,1.);
#2809=VECTOR('',#4502,1.);
#2810=VECTOR('',#4505,1.);
#2811=VECTOR('',#4506,1.);
#2812=VECTOR('',#4517,1.);
#2813=VECTOR('',#4520,1.);
#2814=VECTOR('',#4523,1.);
#2815=VECTOR('',#4524,1.);
#2816=VECTOR('',#4527,1.);
#2817=VECTOR('',#4528,1.);
#2818=VECTOR('',#4531,1.);
#2819=VECTOR('',#4532,1.);
#2820=VECTOR('',#4535,1.);
#2821=VECTOR('',#4536,1.);
#2822=VECTOR('',#4539,1.);
#2823=VECTOR('',#4540,1.);
#2824=VECTOR('',#4545,1.);
#2825=VECTOR('',#4546,1.);
#2826=VECTOR('',#4551,1.);
#2827=VECTOR('',#4552,1.);
#2828=VECTOR('',#4557,1.);
#2829=VECTOR('',#4558,1.);
#2830=VECTOR('',#4561,1.);
#2831=VECTOR('',#4562,1.);
#2832=VECTOR('',#4567,1.);
#2833=VECTOR('',#4568,1.);
#2834=VECTOR('',#4571,1.);
#2835=VECTOR('',#4574,1.);
#2836=VECTOR('',#4577,1.);
#2837=VECTOR('',#4578,1.);
#2838=VECTOR('',#4581,1.);
#2839=VECTOR('',#4582,1.);
#2840=VECTOR('',#4585,1.);
#2841=VECTOR('',#4586,1.);
#2842=VECTOR('',#4589,1.);
#2843=VECTOR('',#4590,1.);
#2844=VECTOR('',#4593,1.);
#2845=VECTOR('',#4594,1.);
#2846=VECTOR('',#4597,1.);
#2847=VECTOR('',#4598,1.);
#2848=VECTOR('',#4601,1.);
#2849=VECTOR('',#4602,1.);
#2850=VECTOR('',#4605,1.);
#2851=VECTOR('',#4606,1.);
#2852=VECTOR('',#4609,1.);
#2853=VECTOR('',#4610,1.);
#2854=VECTOR('',#4613,1.);
#2855=VECTOR('',#4614,1.);
#2856=VECTOR('',#4617,1.);
#2857=VECTOR('',#4618,1.);
#2858=VECTOR('',#4621,1.);
#2859=VECTOR('',#4622,1.);
#2860=VECTOR('',#4625,1.);
#2861=VECTOR('',#4626,1.);
#2862=VECTOR('',#4629,1.);
#2863=VECTOR('',#4630,1.);
#2864=VECTOR('',#4633,1.);
#2865=VECTOR('',#4634,1.);
#2866=VECTOR('',#4637,1.);
#2867=VECTOR('',#4638,1.);
#2868=VECTOR('',#4641,1.);
#2869=VECTOR('',#4642,1.);
#2870=VECTOR('',#4645,1.);
#2871=VECTOR('',#4646,1.);
#2872=VECTOR('',#4649,1.);
#2873=VECTOR('',#4650,1.);
#2874=VECTOR('',#4665,1.);
#2875=VECTOR('',#4666,1.);
#2876=VECTOR('',#4675,1.);
#2877=VECTOR('',#4676,1.);
#2878=EDGE_LOOP('',(#219,#220,#221));
#2879=EDGE_LOOP('',(#222,#223,#224));
#2880=EDGE_LOOP('',(#225,#226,#227));
#2881=EDGE_LOOP('',(#228,#229,#230,#231,#232,#233,#234,#235,#236,#237,#238,
#239,#240,#241));
#2882=EDGE_LOOP('',(#242,#243,#244,#245,#246,#247,#248,#249,#250,#251,#252,
#253,#254,#255,#256,#257));
#2883=EDGE_LOOP('',(#258,#259,#260,#261,#262,#263,#264,#265,#266,#267,#268,
#269));
#2884=EDGE_LOOP('',(#270,#271,#272,#273));
#2885=EDGE_LOOP('',(#274,#275));
#2886=EDGE_LOOP('',(#276,#277,#278,#279,#280,#281,#282,#283,#284,#285,#286,
#287));
#2887=EDGE_LOOP('',(#288,#289,#290,#291,#292));
#2888=EDGE_LOOP('',(#293,#294,#295,#296,#297));
#2889=EDGE_LOOP('',(#298,#299,#300,#301,#302,#303,#304,#305,#306,#307,#308,
#309,#310,#311,#312,#313,#314,#315));
#2890=EDGE_LOOP('',(#316,#317,#318,#319,#320,#321,#322,#323,#324,#325));
#2891=EDGE_LOOP('',(#326,#327,#328,#329,#330,#331,#332,#333,#334));
#2892=EDGE_LOOP('',(#335,#336,#337,#338,#339,#340,#341,#342,#343,#344,#345,
#346));
#2893=EDGE_LOOP('',(#347,#348,#349,#350,#351,#352));
#2894=EDGE_LOOP('',(#353,#354,#355,#356,#357,#358));
#2895=EDGE_LOOP('',(#359,#360,#361,#362,#363));
#2896=EDGE_LOOP('',(#364,#365,#366,#367));
#2897=EDGE_LOOP('',(#368,#369,#370,#371,#372,#373));
#2898=EDGE_LOOP('',(#374,#375,#376,#377,#378));
#2899=EDGE_LOOP('',(#379,#380,#381,#382));
#2900=EDGE_LOOP('',(#383,#384,#385));
#2901=EDGE_LOOP('',(#386,#387,#388,#389,#390,#391));
#2902=EDGE_LOOP('',(#392,#393,#394,#395,#396));
#2903=EDGE_LOOP('',(#397,#398,#399,#400,#401,#402,#403,#404,#405,#406,#407,
#408,#409,#410,#411,#412,#413,#414,#415,#416,#417,#418,#419,#420,#421,#422,
#423,#424,#425));
#2904=EDGE_LOOP('',(#426,#427,#428));
#2905=EDGE_LOOP('',(#429,#430,#431,#432,#433));
#2906=EDGE_LOOP('',(#434,#435,#436));
#2907=EDGE_LOOP('',(#437,#438,#439,#440,#441));
#2908=EDGE_LOOP('',(#442,#443,#444,#445));
#2909=EDGE_LOOP('',(#446,#447,#448,#449));
#2910=EDGE_LOOP('',(#450,#451,#452,#453));
#2911=EDGE_LOOP('',(#454,#455,#456,#457,#458,#459,#460,#461,#462,#463,#464,
#465,#466,#467,#468,#469,#470,#471,#472,#473,#474,#475,#476,#477,#478));
#2912=EDGE_LOOP('',(#479,#480,#481,#482,#483,#484,#485,#486,#487,#488,#489));
#2913=EDGE_LOOP('',(#490,#491,#492,#493,#494,#495,#496,#497,#498,#499,#500,
#501));
#2914=EDGE_LOOP('',(#502,#503,#504,#505,#506,#507));
#2915=EDGE_LOOP('',(#508,#509,#510,#511));
#2916=EDGE_LOOP('',(#512,#513,#514,#515,#516,#517,#518,#519,#520,#521,#522,
#523,#524,#525,#526,#527));
#2917=EDGE_LOOP('',(#528,#529,#530,#531));
#2918=EDGE_LOOP('',(#532,#533,#534,#535));
#2919=EDGE_LOOP('',(#536,#537,#538,#539));
#2920=EDGE_LOOP('',(#540,#541,#542,#543,#544,#545));
#2921=EDGE_LOOP('',(#546,#547,#548,#549,#550,#551,#552,#553,#554,#555,#556,
#557,#558,#559,#560,#561,#562,#563,#564,#565));
#2922=EDGE_LOOP('',(#566,#567,#568,#569,#570,#571,#572,#573,#574,#575,#576,
#577));
#2923=EDGE_LOOP('',(#578,#579,#580,#581,#582,#583));
#2924=EDGE_LOOP('',(#584,#585,#586,#587,#588,#589,#590,#591));
#2925=EDGE_LOOP('',(#592,#593,#594));
#2926=EDGE_LOOP('',(#595,#596,#597,#598));
#2927=EDGE_LOOP('',(#599,#600,#601,#602,#603,#604,#605,#606,#607));
#2928=EDGE_LOOP('',(#608,#609,#610,#611,#612,#613,#614));
#2929=EDGE_LOOP('',(#615,#616,#617,#618,#619,#620,#621));
#2930=EDGE_LOOP('',(#622,#623,#624,#625,#626,#627,#628,#629,#630,#631,#632,
#633,#634,#635,#636));
#2931=EDGE_LOOP('',(#637,#638,#639,#640));
#2932=EDGE_LOOP('',(#641,#642,#643,#644));
#2933=EDGE_LOOP('',(#645,#646,#647,#648,#649,#650,#651,#652,#653,#654,#655,
#656,#657,#658,#659,#660,#661,#662,#663,#664,#665,#666,#667,#668,#669));
#2934=EDGE_LOOP('',(#670,#671,#672));
#2935=EDGE_LOOP('',(#673,#674,#675,#676,#677,#678,#679,#680,#681,#682,#683,
#684));
#2936=EDGE_LOOP('',(#685,#686,#687,#688,#689,#690));
#2937=EDGE_LOOP('',(#691,#692,#693,#694));
#2938=EDGE_LOOP('',(#695,#696,#697,#698));
#2939=EDGE_LOOP('',(#699,#700,#701,#702));
#2940=EDGE_LOOP('',(#703,#704,#705,#706));
#2941=EDGE_LOOP('',(#707,#708));
#2942=EDGE_LOOP('',(#709,#710,#711,#712,#713,#714,#715,#716,#717,#718,#719,
#720,#721,#722,#723,#724,#725,#726,#727,#728,#729,#730));
#2943=EDGE_LOOP('',(#731,#732,#733));
#2944=EDGE_LOOP('',(#734,#735,#736,#737));
#2945=EDGE_LOOP('',(#738,#739,#740,#741,#742,#743));
#2946=EDGE_LOOP('',(#744,#745,#746));
#2947=EDGE_LOOP('',(#747,#748,#749,#750,#751,#752,#753,#754,#755,#756,#757));
#2948=EDGE_LOOP('',(#758,#759,#760,#761,#762,#763,#764,#765,#766,#767,#768));
#2949=EDGE_LOOP('',(#769,#770,#771,#772,#773,#774,#775,#776,#777,#778,#779,
#780,#781,#782));
#2950=EDGE_LOOP('',(#783,#784));
#2951=EDGE_LOOP('',(#785,#786,#787));
#2952=EDGE_LOOP('',(#788,#789,#790,#791,#792,#793));
#2953=EDGE_LOOP('',(#794,#795,#796,#797,#798,#799));
#2954=EDGE_LOOP('',(#800,#801,#802,#803,#804,#805));
#2955=EDGE_LOOP('',(#806,#807,#808,#809,#810));
#2956=EDGE_LOOP('',(#811,#812,#813,#814,#815,#816,#817));
#2957=EDGE_LOOP('',(#818,#819,#820,#821,#822,#823,#824,#825));
#2958=EDGE_LOOP('',(#826,#827,#828,#829));
#2959=EDGE_LOOP('',(#830,#831,#832,#833));
#2960=EDGE_LOOP('',(#834,#835,#836,#837,#838,#839,#840,#841));
#2961=EDGE_LOOP('',(#842,#843,#844,#845,#846,#847,#848));
#2962=EDGE_LOOP('',(#849,#850,#851,#852,#853,#854));
#2963=EDGE_LOOP('',(#855,#856,#857,#858,#859,#860));
#2964=EDGE_LOOP('',(#861,#862,#863,#864,#865));
#2965=EDGE_LOOP('',(#866,#867,#868,#869));
#2966=EDGE_LOOP('',(#870,#871,#872,#873));
#2967=EDGE_LOOP('',(#874,#875,#876,#877,#878));
#2968=EDGE_LOOP('',(#879,#880,#881,#882));
#2969=EDGE_LOOP('',(#883,#884,#885,#886));
#2970=EDGE_LOOP('',(#887,#888,#889,#890));
#2971=EDGE_LOOP('',(#891,#892,#893,#894));
#2972=EDGE_LOOP('',(#895,#896,#897,#898));
#2973=EDGE_LOOP('',(#899,#900,#901,#902));
#2974=EDGE_LOOP('',(#903,#904,#905,#906));
#2975=EDGE_LOOP('',(#907,#908,#909,#910));
#2976=EDGE_LOOP('',(#911,#912,#913,#914));
#2977=EDGE_LOOP('',(#915,#916,#917,#918));
#2978=EDGE_LOOP('',(#919,#920,#921,#922));
#2979=EDGE_LOOP('',(#923,#924,#925,#926));
#2980=EDGE_LOOP('',(#927,#928,#929,#930));
#2981=EDGE_LOOP('',(#931,#932,#933,#934,#935,#936));
#2982=EDGE_LOOP('',(#937,#938,#939,#940));
#2983=EDGE_LOOP('',(#941,#942,#943,#944,#945,#946,#947,#948));
#2984=EDGE_LOOP('',(#949,#950,#951,#952,#953,#954,#955,#956));
#2985=EDGE_LOOP('',(#957,#958,#959,#960));
#2986=EDGE_LOOP('',(#961,#962,#963,#964,#965));
#2987=EDGE_LOOP('',(#966,#967,#968,#969));
#2988=EDGE_LOOP('',(#970,#971,#972,#973));
#2989=EDGE_LOOP('',(#974,#975,#976,#977));
#2990=EDGE_LOOP('',(#978,#979,#980,#981));
#2991=EDGE_LOOP('',(#982,#983,#984,#985));
#2992=EDGE_LOOP('',(#986,#987,#988,#989));
#2993=EDGE_LOOP('',(#990,#991,#992,#993));
#2994=EDGE_LOOP('',(#994,#995,#996,#997));
#2995=EDGE_LOOP('',(#998,#999,#1000,#1001));
#2996=EDGE_LOOP('',(#1002,#1003,#1004,#1005));
#2997=EDGE_LOOP('',(#1006,#1007,#1008,#1009));
#2998=EDGE_LOOP('',(#1010,#1011,#1012,#1013));
#2999=EDGE_LOOP('',(#1014,#1015,#1016,#1017));
#3000=EDGE_LOOP('',(#1018,#1019,#1020,#1021));
#3001=EDGE_LOOP('',(#1022,#1023,#1024,#1025));
#3002=EDGE_LOOP('',(#1026,#1027,#1028,#1029));
#3003=EDGE_LOOP('',(#1030,#1031,#1032,#1033));
#3004=EDGE_LOOP('',(#1034,#1035,#1036,#1037));
#3005=EDGE_LOOP('',(#1038,#1039,#1040,#1041));
#3006=EDGE_LOOP('',(#1042,#1043,#1044,#1045,#1046));
#3007=EDGE_LOOP('',(#1047,#1048,#1049,#1050,#1051));
#3008=EDGE_LOOP('',(#1052,#1053,#1054,#1055,#1056,#1057));
#3009=EDGE_LOOP('',(#1058,#1059,#1060,#1061,#1062,#1063,#1064,#1065,#1066,
#1067,#1068));
#3010=EDGE_LOOP('',(#1069,#1070,#1071,#1072,#1073,#1074,#1075,#1076,#1077,
#1078,#1079,#1080,#1081,#1082));
#3011=EDGE_LOOP('',(#1083,#1084,#1085,#1086,#1087,#1088));
#3012=EDGE_LOOP('',(#1089,#1090,#1091,#1092));
#3013=EDGE_LOOP('',(#1093,#1094,#1095,#1096));
#3014=EDGE_LOOP('',(#1097,#1098,#1099,#1100));
#3015=EDGE_LOOP('',(#1101,#1102,#1103,#1104));
#3016=EDGE_LOOP('',(#1105,#1106,#1107,#1108));
#3017=EDGE_LOOP('',(#1109,#1110,#1111,#1112));
#3018=EDGE_LOOP('',(#1113,#1114,#1115,#1116));
#3019=EDGE_LOOP('',(#1117,#1118,#1119,#1120));
#3020=EDGE_LOOP('',(#1121,#1122,#1123,#1124));
#3021=EDGE_LOOP('',(#1125,#1126,#1127,#1128));
#3022=EDGE_LOOP('',(#1129,#1130,#1131,#1132,#1133,#1134));
#3023=EDGE_LOOP('',(#1135,#1136,#1137,#1138,#1139));
#3024=EDGE_LOOP('',(#1140,#1141,#1142,#1143));
#3025=EDGE_LOOP('',(#1144,#1145,#1146,#1147,#1148));
#3026=EDGE_LOOP('',(#1149,#1150,#1151,#1152));
#3027=EDGE_LOOP('',(#1153,#1154,#1155,#1156));
#3028=EDGE_LOOP('',(#1157,#1158,#1159,#1160));
#3029=EDGE_LOOP('',(#1161,#1162,#1163,#1164));
#3030=EDGE_LOOP('',(#1165,#1166,#1167,#1168,#1169));
#3031=EDGE_LOOP('',(#1170,#1171,#1172,#1173));
#3032=EDGE_LOOP('',(#1174,#1175,#1176,#1177));
#3033=EDGE_LOOP('',(#1178,#1179,#1180,#1181));
#3034=EDGE_LOOP('',(#1182,#1183,#1184,#1185));
#3035=EDGE_LOOP('',(#1186,#1187,#1188,#1189));
#3036=EDGE_LOOP('',(#1190,#1191,#1192,#1193));
#3037=EDGE_LOOP('',(#1194,#1195,#1196,#1197));
#3038=EDGE_LOOP('',(#1198,#1199,#1200,#1201));
#3039=EDGE_LOOP('',(#1202,#1203,#1204,#1205));
#3040=EDGE_LOOP('',(#1206,#1207,#1208,#1209));
#3041=EDGE_LOOP('',(#1210,#1211,#1212,#1213));
#3042=EDGE_LOOP('',(#1214,#1215,#1216,#1217));
#3043=EDGE_LOOP('',(#1218,#1219,#1220,#1221));
#3044=EDGE_LOOP('',(#1222,#1223,#1224,#1225));
#3045=EDGE_LOOP('',(#1226,#1227,#1228,#1229));
#3046=EDGE_LOOP('',(#1230,#1231,#1232,#1233,#1234,#1235));
#3047=EDGE_LOOP('',(#1236,#1237,#1238,#1239));
#3048=EDGE_LOOP('',(#1240,#1241,#1242,#1243));
#3049=EDGE_LOOP('',(#1244,#1245,#1246,#1247,#1248,#1249));
#3050=EDGE_LOOP('',(#1250,#1251,#1252,#1253,#1254));
#3051=EDGE_LOOP('',(#1255,#1256,#1257,#1258,#1259,#1260));
#3052=EDGE_LOOP('',(#1261,#1262,#1263,#1264,#1265,#1266));
#3053=FACE_BOUND('',#2878,.T.);
#3054=FACE_BOUND('',#2879,.T.);
#3055=FACE_BOUND('',#2880,.T.);
#3056=FACE_BOUND('',#2881,.T.);
#3057=FACE_BOUND('',#2882,.T.);
#3058=FACE_BOUND('',#2883,.T.);
#3059=FACE_BOUND('',#2884,.T.);
#3060=FACE_BOUND('',#2885,.T.);
#3061=FACE_BOUND('',#2886,.T.);
#3062=FACE_BOUND('',#2887,.T.);
#3063=FACE_BOUND('',#2888,.T.);
#3064=FACE_BOUND('',#2889,.T.);
#3065=FACE_BOUND('',#2890,.T.);
#3066=FACE_BOUND('',#2891,.T.);
#3067=FACE_BOUND('',#2892,.T.);
#3068=FACE_BOUND('',#2893,.T.);
#3069=FACE_BOUND('',#2894,.T.);
#3070=FACE_BOUND('',#2895,.T.);
#3071=FACE_BOUND('',#2896,.T.);
#3072=FACE_BOUND('',#2897,.T.);
#3073=FACE_BOUND('',#2898,.T.);
#3074=FACE_BOUND('',#2899,.T.);
#3075=FACE_BOUND('',#2900,.T.);
#3076=FACE_BOUND('',#2901,.T.);
#3077=FACE_BOUND('',#2902,.T.);
#3078=FACE_BOUND('',#2903,.T.);
#3079=FACE_BOUND('',#2904,.T.);
#3080=FACE_BOUND('',#2905,.T.);
#3081=FACE_BOUND('',#2906,.T.);
#3082=FACE_BOUND('',#2907,.T.);
#3083=FACE_BOUND('',#2908,.T.);
#3084=FACE_BOUND('',#2909,.T.);
#3085=FACE_BOUND('',#2910,.T.);
#3086=FACE_BOUND('',#2911,.T.);
#3087=FACE_BOUND('',#2912,.T.);
#3088=FACE_BOUND('',#2913,.T.);
#3089=FACE_BOUND('',#2914,.T.);
#3090=FACE_BOUND('',#2915,.T.);
#3091=FACE_BOUND('',#2916,.T.);
#3092=FACE_BOUND('',#2917,.T.);
#3093=FACE_BOUND('',#2918,.T.);
#3094=FACE_BOUND('',#2919,.T.);
#3095=FACE_BOUND('',#2920,.T.);
#3096=FACE_BOUND('',#2921,.T.);
#3097=FACE_BOUND('',#2922,.T.);
#3098=FACE_BOUND('',#2923,.T.);
#3099=FACE_BOUND('',#2924,.T.);
#3100=FACE_BOUND('',#2925,.T.);
#3101=FACE_BOUND('',#2926,.T.);
#3102=FACE_BOUND('',#2927,.T.);
#3103=FACE_BOUND('',#2928,.T.);
#3104=FACE_BOUND('',#2929,.T.);
#3105=FACE_BOUND('',#2930,.T.);
#3106=FACE_BOUND('',#2931,.T.);
#3107=FACE_BOUND('',#2932,.T.);
#3108=FACE_BOUND('',#2933,.T.);
#3109=FACE_BOUND('',#2934,.T.);
#3110=FACE_BOUND('',#2935,.T.);
#3111=FACE_BOUND('',#2936,.T.);
#3112=FACE_BOUND('',#2937,.T.);
#3113=FACE_BOUND('',#2938,.T.);
#3114=FACE_BOUND('',#2939,.T.);
#3115=FACE_BOUND('',#2940,.T.);
#3116=FACE_BOUND('',#2941,.T.);
#3117=FACE_BOUND('',#2942,.T.);
#3118=FACE_BOUND('',#2943,.T.);
#3119=FACE_BOUND('',#2944,.T.);
#3120=FACE_BOUND('',#2945,.T.);
#3121=FACE_BOUND('',#2946,.T.);
#3122=FACE_BOUND('',#2947,.T.);
#3123=FACE_BOUND('',#2948,.T.);
#3124=FACE_BOUND('',#2949,.T.);
#3125=FACE_BOUND('',#2950,.T.);
#3126=FACE_BOUND('',#2951,.T.);
#3127=FACE_BOUND('',#2952,.T.);
#3128=FACE_BOUND('',#2953,.T.);
#3129=FACE_BOUND('',#2954,.T.);
#3130=FACE_BOUND('',#2955,.T.);
#3131=FACE_BOUND('',#2956,.T.);
#3132=FACE_BOUND('',#2957,.T.);
#3133=FACE_BOUND('',#2958,.T.);
#3134=FACE_BOUND('',#2959,.T.);
#3135=FACE_BOUND('',#2960,.T.);
#3136=FACE_BOUND('',#2961,.T.);
#3137=FACE_BOUND('',#2962,.T.);
#3138=FACE_BOUND('',#2963,.T.);
#3139=FACE_BOUND('',#2964,.T.);
#3140=FACE_BOUND('',#2965,.T.);
#3141=FACE_BOUND('',#2966,.T.);
#3142=FACE_BOUND('',#2967,.T.);
#3143=FACE_BOUND('',#2968,.T.);
#3144=FACE_BOUND('',#2969,.T.);
#3145=FACE_BOUND('',#2970,.T.);
#3146=FACE_BOUND('',#2971,.T.);
#3147=FACE_BOUND('',#2972,.T.);
#3148=FACE_BOUND('',#2973,.T.);
#3149=FACE_BOUND('',#2974,.T.);
#3150=FACE_BOUND('',#2975,.T.);
#3151=FACE_BOUND('',#2976,.T.);
#3152=FACE_BOUND('',#2977,.T.);
#3153=FACE_BOUND('',#2978,.T.);
#3154=FACE_BOUND('',#2979,.T.);
#3155=FACE_BOUND('',#2980,.T.);
#3156=FACE_BOUND('',#2981,.T.);
#3157=FACE_BOUND('',#2982,.T.);
#3158=FACE_BOUND('',#2983,.T.);
#3159=FACE_BOUND('',#2984,.T.);
#3160=FACE_BOUND('',#2985,.T.);
#3161=FACE_BOUND('',#2986,.T.);
#3162=FACE_BOUND('',#2987,.T.);
#3163=FACE_BOUND('',#2988,.T.);
#3164=FACE_BOUND('',#2989,.T.);
#3165=FACE_BOUND('',#2990,.T.);
#3166=FACE_BOUND('',#2991,.T.);
#3167=FACE_BOUND('',#2992,.T.);
#3168=FACE_BOUND('',#2993,.T.);
#3169=FACE_BOUND('',#2994,.T.);
#3170=FACE_BOUND('',#2995,.T.);
#3171=FACE_BOUND('',#2996,.T.);
#3172=FACE_BOUND('',#2997,.T.);
#3173=FACE_BOUND('',#2998,.T.);
#3174=FACE_BOUND('',#2999,.T.);
#3175=FACE_BOUND('',#3000,.T.);
#3176=FACE_BOUND('',#3001,.T.);
#3177=FACE_BOUND('',#3002,.T.);
#3178=FACE_BOUND('',#3003,.T.);
#3179=FACE_BOUND('',#3004,.T.);
#3180=FACE_BOUND('',#3005,.T.);
#3181=FACE_BOUND('',#3006,.T.);
#3182=FACE_BOUND('',#3007,.T.);
#3183=FACE_BOUND('',#3008,.T.);
#3184=FACE_BOUND('',#3009,.T.);
#3185=FACE_BOUND('',#3010,.T.);
#3186=FACE_BOUND('',#3011,.T.);
#3187=FACE_BOUND('',#3012,.T.);
#3188=FACE_BOUND('',#3013,.T.);
#3189=FACE_BOUND('',#3014,.T.);
#3190=FACE_BOUND('',#3015,.T.);
#3191=FACE_BOUND('',#3016,.T.);
#3192=FACE_BOUND('',#3017,.T.);
#3193=FACE_BOUND('',#3018,.T.);
#3194=FACE_BOUND('',#3019,.T.);
#3195=FACE_BOUND('',#3020,.T.);
#3196=FACE_BOUND('',#3021,.T.);
#3197=FACE_BOUND('',#3022,.T.);
#3198=FACE_BOUND('',#3023,.T.);
#3199=FACE_BOUND('',#3024,.T.);
#3200=FACE_BOUND('',#3025,.T.);
#3201=FACE_BOUND('',#3026,.T.);
#3202=FACE_BOUND('',#3027,.T.);
#3203=FACE_BOUND('',#3028,.T.);
#3204=FACE_BOUND('',#3029,.T.);
#3205=FACE_BOUND('',#3030,.T.);
#3206=FACE_BOUND('',#3031,.T.);
#3207=FACE_BOUND('',#3032,.T.);
#3208=FACE_BOUND('',#3033,.T.);
#3209=FACE_BOUND('',#3034,.T.);
#3210=FACE_BOUND('',#3035,.T.);
#3211=FACE_BOUND('',#3036,.T.);
#3212=FACE_BOUND('',#3037,.T.);
#3213=FACE_BOUND('',#3038,.T.);
#3214=FACE_BOUND('',#3039,.T.);
#3215=FACE_BOUND('',#3040,.T.);
#3216=FACE_BOUND('',#3041,.T.);
#3217=FACE_BOUND('',#3042,.T.);
#3218=FACE_BOUND('',#3043,.T.);
#3219=FACE_BOUND('',#3044,.T.);
#3220=FACE_BOUND('',#3045,.T.);
#3221=FACE_BOUND('',#3046,.T.);
#3222=FACE_BOUND('',#3047,.T.);
#3223=FACE_BOUND('',#3048,.T.);
#3224=FACE_BOUND('',#3049,.T.);
#3225=FACE_BOUND('',#3050,.T.);
#3226=FACE_BOUND('',#3051,.T.);
#3227=FACE_BOUND('',#3052,.T.);
#3228=PLANE('',#3532);
#3229=PLANE('',#3533);
#3230=PLANE('',#3534);
#3231=PLANE('',#3535);
#3232=PLANE('',#3541);
#3233=PLANE('',#3548);
#3234=PLANE('',#3553);
#3235=PLANE('',#3554);
#3236=PLANE('',#3555);
#3237=PLANE('',#3560);
#3238=PLANE('',#3561);
#3239=PLANE('',#3562);
#3240=PLANE('',#3567);
#3241=PLANE('',#3568);
#3242=PLANE('',#3569);
#3243=PLANE('',#3572);
#3244=PLANE('',#3573);
#3245=PLANE('',#3574);
#3246=PLANE('',#3575);
#3247=PLANE('',#3576);
#3248=PLANE('',#3577);
#3249=PLANE('',#3578);
#3250=PLANE('',#3579);
#3251=PLANE('',#3587);
#3252=PLANE('',#3595);
#3253=PLANE('',#3596);
#3254=PLANE('',#3597);
#3255=PLANE('',#3598);
#3256=PLANE('',#3599);
#3257=PLANE('',#3600);
#3258=PLANE('',#3601);
#3259=PLANE('',#3602);
#3260=PLANE('',#3612);
#3261=PLANE('',#3616);
#3262=PLANE('',#3623);
#3263=PLANE('',#3624);
#3264=PLANE('',#3625);
#3265=PLANE('',#3626);
#3266=PLANE('',#3627);
#3267=PLANE('',#3628);
#3268=PLANE('',#3629);
#3269=PLANE('',#3636);
#3270=PLANE('',#3643);
#3271=PLANE('',#3646);
#3272=PLANE('',#3647);
#3273=PLANE('',#3648);
#3274=PLANE('',#3652);
#3275=PLANE('',#3653);
#3276=PLANE('',#3654);
#3277=PLANE('',#3660);
#3278=PLANE('',#3661);
#3279=PLANE('',#3662);
#3280=PLANE('',#3670);
#3281=PLANE('',#3672);
#3282=PLANE('',#3679);
#3283=PLANE('',#3680);
#3284=PLANE('',#3681);
#3285=PLANE('',#3682);
#3286=PLANE('',#3683);
#3287=PLANE('',#3684);
#3288=PLANE('',#3689);
#3289=PLANE('',#3690);
#3290=PLANE('',#3691);
#3291=PLANE('',#3692);
#3292=PLANE('',#3693);
#3293=PLANE('',#3695);
#3294=PLANE('',#3697);
#3295=PLANE('',#3711);
#3296=PLANE('',#3712);
#3297=PLANE('',#3713);
#3298=PLANE('',#3714);
#3299=PLANE('',#3715);
#3300=PLANE('',#3716);
#3301=PLANE('',#3717);
#3302=PLANE('',#3718);
#3303=PLANE('',#3719);
#3304=PLANE('',#3720);
#3305=PLANE('',#3721);
#3306=PLANE('',#3722);
#3307=PLANE('',#3723);
#3308=PLANE('',#3724);
#3309=PLANE('',#3729);
#3310=PLANE('',#3730);
#3311=PLANE('',#3731);
#3312=PLANE('',#3732);
#3313=PLANE('',#3733);
#3314=PLANE('',#3734);
#3315=PLANE('',#3735);
#3316=PLANE('',#3736);
#3317=PLANE('',#3739);
#3318=PLANE('',#3740);
#3319=PLANE('',#3742);
#3320=PLANE('',#3744);
#3321=PLANE('',#3745);
#3322=PLANE('',#3747);
#3323=PLANE('',#3748);
#3324=PLANE('',#3749);
#3325=PLANE('',#3750);
#3326=PLANE('',#3751);
#3327=PLANE('',#3752);
#3328=PLANE('',#3753);
#3329=PLANE('',#3754);
#3330=PLANE('',#3755);
#3331=PLANE('',#3756);
#3332=PLANE('',#3757);
#3333=PLANE('',#3758);
#3334=PLANE('',#3759);
#3335=PLANE('',#3760);
#3336=PLANE('',#3761);
#3337=PLANE('',#3762);
#3338=PLANE('',#3763);
#3339=PLANE('',#3764);
#3340=PLANE('',#3765);
#3341=PLANE('',#3766);
#3342=PLANE('',#3767);
#3343=PLANE('',#3772);
#3344=PLANE('',#3775);
#3345=PLANE('',#3776);
#3346=PLANE('',#3779);
#3347=ADVANCED_FACE('',(#3053),#3228,.T.);
#3348=ADVANCED_FACE('',(#3054),#3229,.T.);
#3349=ADVANCED_FACE('',(#3055),#3230,.T.);
#3350=ADVANCED_FACE('',(#3056),#3231,.F.);
#3351=ADVANCED_FACE('',(#3057),#3232,.F.);
#3352=ADVANCED_FACE('',(#3058),#3233,.T.);
#3353=ADVANCED_FACE('',(#3059),#3234,.F.);
#3354=ADVANCED_FACE('',(#3060),#3235,.F.);
#3355=ADVANCED_FACE('',(#3061),#3236,.F.);
#3356=ADVANCED_FACE('',(#3062),#3237,.T.);
#3357=ADVANCED_FACE('',(#3063),#3238,.T.);
#3358=ADVANCED_FACE('',(#3064),#3239,.T.);
#3359=ADVANCED_FACE('',(#3065),#3240,.T.);
#3360=ADVANCED_FACE('',(#3066),#3241,.T.);
#3361=ADVANCED_FACE('',(#3067),#3242,.T.);
#3362=ADVANCED_FACE('',(#3068),#3243,.T.);
#3363=ADVANCED_FACE('',(#3069),#3244,.T.);
#3364=ADVANCED_FACE('',(#3070),#3245,.F.);
#3365=ADVANCED_FACE('',(#3071),#3246,.F.);
#3366=ADVANCED_FACE('',(#3072),#3247,.F.);
#3367=ADVANCED_FACE('',(#3073),#3248,.F.);
#3368=ADVANCED_FACE('',(#3074),#3249,.F.);
#3369=ADVANCED_FACE('',(#3075),#3250,.F.);
#3370=ADVANCED_FACE('',(#3076),#59,.F.);
#3371=ADVANCED_FACE('',(#3077),#60,.F.);
#3372=ADVANCED_FACE('',(#3078),#3251,.T.);
#3373=ADVANCED_FACE('',(#3079),#3252,.F.);
#3374=ADVANCED_FACE('',(#3080),#3253,.T.);
#3375=ADVANCED_FACE('',(#3081),#3254,.T.);
#3376=ADVANCED_FACE('',(#3082),#3255,.T.);
#3377=ADVANCED_FACE('',(#3083),#3256,.T.);
#3378=ADVANCED_FACE('',(#3084),#3257,.T.);
#3379=ADVANCED_FACE('',(#3085),#3258,.T.);
#3380=ADVANCED_FACE('',(#3086),#3259,.F.);
#3381=ADVANCED_FACE('',(#3087),#3260,.F.);
#3382=ADVANCED_FACE('',(#3088,#3089),#3261,.T.);
#3383=ADVANCED_FACE('',(#3090),#3262,.T.);
#3384=ADVANCED_FACE('',(#3091),#3263,.T.);
#3385=ADVANCED_FACE('',(#3092),#3264,.T.);
#3386=ADVANCED_FACE('',(#3093),#3265,.T.);
#3387=ADVANCED_FACE('',(#3094),#3266,.T.);
#3388=ADVANCED_FACE('',(#3095),#3267,.T.);
#3389=ADVANCED_FACE('',(#3096),#3268,.T.);
#3390=ADVANCED_FACE('',(#3097,#3098),#3269,.T.);
#3391=ADVANCED_FACE('',(#3099),#3270,.F.);
#3392=ADVANCED_FACE('',(#3100),#3271,.F.);
#3393=ADVANCED_FACE('',(#3101),#3272,.F.);
#3394=ADVANCED_FACE('',(#3102),#3273,.F.);
#3395=ADVANCED_FACE('',(#3103),#3274,.T.);
#3396=ADVANCED_FACE('',(#3104),#3275,.F.);
#3397=ADVANCED_FACE('',(#3105),#3276,.T.);
#3398=ADVANCED_FACE('',(#3106),#3277,.T.);
#3399=ADVANCED_FACE('',(#3107),#3278,.F.);
#3400=ADVANCED_FACE('',(#3108),#3279,.F.);
#3401=ADVANCED_FACE('',(#3109),#3280,.T.);
#3402=ADVANCED_FACE('',(#3110,#3111),#3281,.F.);
#3403=ADVANCED_FACE('',(#3112),#3282,.F.);
#3404=ADVANCED_FACE('',(#3113),#3283,.F.);
#3405=ADVANCED_FACE('',(#3114),#3284,.F.);
#3406=ADVANCED_FACE('',(#3115),#3285,.F.);
#3407=ADVANCED_FACE('',(#3116),#3286,.F.);
#3408=ADVANCED_FACE('',(#3117),#3287,.F.);
#3409=ADVANCED_FACE('',(#3118),#3288,.T.);
#3410=ADVANCED_FACE('',(#3119),#3289,.T.);
#3411=ADVANCED_FACE('',(#3120),#3290,.T.);
#3412=ADVANCED_FACE('',(#3121),#3291,.T.);
#3413=ADVANCED_FACE('',(#3122),#3292,.F.);
#3414=ADVANCED_FACE('',(#3123),#3293,.T.);
#3415=ADVANCED_FACE('',(#3124),#3294,.T.);
#3416=ADVANCED_FACE('',(#3125),#14,.F.);
#3417=ADVANCED_FACE('',(#3126),#15,.F.);
#3418=ADVANCED_FACE('',(#3127),#16,.F.);
#3419=ADVANCED_FACE('',(#3128),#17,.F.);
#3420=ADVANCED_FACE('',(#3129),#61,.F.);
#3421=ADVANCED_FACE('',(#3130),#62,.F.);
#3422=ADVANCED_FACE('',(#3131),#3295,.T.);
#3423=ADVANCED_FACE('',(#3132),#3296,.F.);
#3424=ADVANCED_FACE('',(#3133),#3297,.T.);
#3425=ADVANCED_FACE('',(#3134),#3298,.T.);
#3426=ADVANCED_FACE('',(#3135),#3299,.F.);
#3427=ADVANCED_FACE('',(#3136),#3300,.T.);
#3428=ADVANCED_FACE('',(#3137),#3301,.T.);
#3429=ADVANCED_FACE('',(#3138),#3302,.T.);
#3430=ADVANCED_FACE('',(#3139),#3303,.T.);
#3431=ADVANCED_FACE('',(#3140),#3304,.F.);
#3432=ADVANCED_FACE('',(#3141),#3305,.T.);
#3433=ADVANCED_FACE('',(#3142),#3306,.F.);
#3434=ADVANCED_FACE('',(#3143),#3307,.T.);
#3435=ADVANCED_FACE('',(#3144),#3308,.T.);
#3436=ADVANCED_FACE('',(#3145),#18,.F.);
#3437=ADVANCED_FACE('',(#3146),#19,.F.);
#3438=ADVANCED_FACE('',(#3147),#20,.F.);
#3439=ADVANCED_FACE('',(#3148),#21,.F.);
#3440=ADVANCED_FACE('',(#3149),#3309,.T.);
#3441=ADVANCED_FACE('',(#3150),#3310,.T.);
#3442=ADVANCED_FACE('',(#3151),#3311,.F.);
#3443=ADVANCED_FACE('',(#3152),#3312,.F.);
#3444=ADVANCED_FACE('',(#3153),#3313,.F.);
#3445=ADVANCED_FACE('',(#3154),#3314,.F.);
#3446=ADVANCED_FACE('',(#3155),#3315,.F.);
#3447=ADVANCED_FACE('',(#3156),#3316,.F.);
#3448=ADVANCED_FACE('',(#3157),#3317,.F.);
#3449=ADVANCED_FACE('',(#3158),#3318,.F.);
#3450=ADVANCED_FACE('',(#3159),#3319,.F.);
#3451=ADVANCED_FACE('',(#3160),#3320,.T.);
#3452=ADVANCED_FACE('',(#3161),#3321,.F.);
#3453=ADVANCED_FACE('',(#3162),#3322,.F.);
#3454=ADVANCED_FACE('',(#3163),#3323,.F.);
#3455=ADVANCED_FACE('',(#3164),#3324,.F.);
#3456=ADVANCED_FACE('',(#3165),#3325,.F.);
#3457=ADVANCED_FACE('',(#3166),#3326,.F.);
#3458=ADVANCED_FACE('',(#3167),#3327,.F.);
#3459=ADVANCED_FACE('',(#3168),#3328,.F.);
#3460=ADVANCED_FACE('',(#3169),#3329,.F.);
#3461=ADVANCED_FACE('',(#3170),#3330,.T.);
#3462=ADVANCED_FACE('',(#3171),#3331,.F.);
#3463=ADVANCED_FACE('',(#3172),#3332,.F.);
#3464=ADVANCED_FACE('',(#3173),#3333,.F.);
#3465=ADVANCED_FACE('',(#3174),#3334,.F.);
#3466=ADVANCED_FACE('',(#3175),#3335,.F.);
#3467=ADVANCED_FACE('',(#3176),#3336,.F.);
#3468=ADVANCED_FACE('',(#3177),#3337,.F.);
#3469=ADVANCED_FACE('',(#3178),#3338,.F.);
#3470=ADVANCED_FACE('',(#3179),#3339,.F.);
#3471=ADVANCED_FACE('',(#3180),#3340,.F.);
#3472=ADVANCED_FACE('',(#3181),#3341,.T.);
#3473=ADVANCED_FACE('',(#3182),#3342,.T.);
#3474=ADVANCED_FACE('',(#3183),#63,.F.);
#3475=ADVANCED_FACE('',(#3184),#12,.T.);
#3476=ADVANCED_FACE('',(#3185),#13,.T.);
#3477=ADVANCED_FACE('',(#3186),#64,.F.);
#3478=ADVANCED_FACE('',(#3187),#3343,.F.);
#3479=ADVANCED_FACE('',(#3188),#22,.F.);
#3480=ADVANCED_FACE('',(#3189),#3344,.T.);
#3481=ADVANCED_FACE('',(#3190),#3345,.T.);
#3482=ADVANCED_FACE('',(#3191),#23,.F.);
#3483=ADVANCED_FACE('',(#3192),#3346,.T.);
#3484=ADVANCED_FACE('',(#3193),#24,.F.);
#3485=ADVANCED_FACE('',(#3194),#25,.F.);
#3486=ADVANCED_FACE('',(#3195),#26,.F.);
#3487=ADVANCED_FACE('',(#3196),#27,.F.);
#3488=ADVANCED_FACE('',(#3197),#28,.F.);
#3489=ADVANCED_FACE('',(#3198),#29,.F.);
#3490=ADVANCED_FACE('',(#3199),#30,.F.);
#3491=ADVANCED_FACE('',(#3200),#31,.F.);
#3492=ADVANCED_FACE('',(#3201),#32,.F.);
#3493=ADVANCED_FACE('',(#3202),#33,.F.);
#3494=ADVANCED_FACE('',(#3203),#34,.F.);
#3495=ADVANCED_FACE('',(#3204),#35,.F.);
#3496=ADVANCED_FACE('',(#3205),#36,.F.);
#3497=ADVANCED_FACE('',(#3206),#37,.F.);
#3498=ADVANCED_FACE('',(#3207),#38,.F.);
#3499=ADVANCED_FACE('',(#3208),#39,.F.);
#3500=ADVANCED_FACE('',(#3209),#40,.F.);
#3501=ADVANCED_FACE('',(#3210),#41,.F.);
#3502=ADVANCED_FACE('',(#3211),#42,.F.);
#3503=ADVANCED_FACE('',(#3212),#43,.F.);
#3504=ADVANCED_FACE('',(#3213),#44,.F.);
#3505=ADVANCED_FACE('',(#3214),#45,.F.);
#3506=ADVANCED_FACE('',(#3215),#46,.F.);
#3507=ADVANCED_FACE('',(#3216),#47,.F.);
#3508=ADVANCED_FACE('',(#3217),#48,.F.);
#3509=ADVANCED_FACE('',(#3218),#49,.F.);
#3510=ADVANCED_FACE('',(#3219),#50,.F.);
#3511=ADVANCED_FACE('',(#3220),#51,.F.);
#3512=ADVANCED_FACE('',(#3221),#52,.F.);
#3513=ADVANCED_FACE('',(#3222),#53,.F.);
#3514=ADVANCED_FACE('',(#3223),#54,.F.);
#3515=ADVANCED_FACE('',(#3224),#55,.F.);
#3516=ADVANCED_FACE('',(#3225),#56,.F.);
#3517=ADVANCED_FACE('',(#3226),#57,.F.);
#3518=ADVANCED_FACE('',(#3227),#58,.F.);
#3519=CLOSED_SHELL('',(#3347,#3348,#3349,#3350,#3351,#3352,#3353,#3354,
#3355,#3356,#3357,#3358,#3359,#3360,#3361,#3362,#3363,#3364,#3365,#3366,
#3367,#3368,#3369,#3370,#3371,#3372,#3373,#3374,#3375,#3376,#3377,#3378,
#3379,#3380,#3381,#3382,#3383,#3384,#3385,#3386,#3387,#3388,#3389,#3390,
#3391,#3392,#3393,#3394,#3395,#3396,#3397,#3398,#3399,#3400,#3401,#3402,
#3403,#3404,#3405,#3406,#3407,#3408,#3409,#3410,#3411,#3412,#3413,#3414,
#3415,#3416,#3417,#3418,#3419,#3420,#3421,#3422,#3423,#3424,#3425,#3426,
#3427,#3428,#3429,#3430,#3431,#3432,#3433,#3434,#3435,#3436,#3437,#3438,
#3439,#3440,#3441,#3442,#3443,#3444,#3445,#3446,#3447,#3448,#3449,#3450,
#3451,#3452,#3453,#3454,#3455,#3456,#3457,#3458,#3459,#3460,#3461,#3462,
#3463,#3464,#3465,#3466,#3467,#3468,#3469,#3470,#3471,#3472,#3473,#3474,
#3475,#3476,#3477,#3478,#3479,#3480,#3481,#3482,#3483,#3484,#3485,#3486,
#3487,#3488,#3489,#3490,#3491,#3492,#3493,#3494,#3495,#3496,#3497,#3498,
#3499,#3500,#3501,#3502,#3503,#3504,#3505,#3506,#3507,#3508,#3509,#3510,
#3511,#3512,#3513,#3514,#3515,#3516,#3517,#3518));
#3520=STYLED_ITEM('',(#3521),#3528);
#3521=PRESENTATION_STYLE_ASSIGNMENT((#3522));
#3522=SURFACE_STYLE_USAGE(.BOTH.,#3523);
#3523=SURFACE_SIDE_STYLE('',(#3524));
#3524=SURFACE_STYLE_FILL_AREA(#3525);
#3525=FILL_AREA_STYLE('',(#3526));
#3526=FILL_AREA_STYLE_COLOUR('',#3527);
#3527=COLOUR_RGB('',0.972549019607843,0.529411764705882,0.00392156862745098);
#3528=MANIFOLD_SOLID_BREP('Body',#3519);
#3529=SHAPE_DEFINITION_REPRESENTATION(#6004,#3530);
#3530=SHAPE_REPRESENTATION('Body',(#3531),#5999);
#3531=AXIS2_PLACEMENT_3D('',#4753,#3815,#3816);
#3532=AXIS2_PLACEMENT_3D('',#4754,#3817,#3818);
#3533=AXIS2_PLACEMENT_3D('',#4764,#3821,#3822);
#3534=AXIS2_PLACEMENT_3D('',#4774,#3825,#3826);
#3535=AXIS2_PLACEMENT_3D('',#4784,#3829,#3830);
#3536=AXIS2_PLACEMENT_3D('',#4788,#3832,#3833);
#3537=AXIS2_PLACEMENT_3D('',#4792,#3835,#3836);
#3538=AXIS2_PLACEMENT_3D('',#4796,#3838,#3839);
#3539=AXIS2_PLACEMENT_3D('',#4800,#3841,#3842);
#3540=AXIS2_PLACEMENT_3D('',#4812,#3848,#3849);
#3541=AXIS2_PLACEMENT_3D('',#4813,#3850,#3851);
#3542=AXIS2_PLACEMENT_3D('',#4817,#3853,#3854);
#3543=AXIS2_PLACEMENT_3D('',#4829,#3860,#3861);
#3544=AXIS2_PLACEMENT_3D('',#4833,#3863,#3864);
#3545=AXIS2_PLACEMENT_3D('',#4837,#3866,#3867);
#3546=AXIS2_PLACEMENT_3D('',#4841,#3869,#3870);
#3547=AXIS2_PLACEMENT_3D('',#4845,#3872,#3873);
#3548=AXIS2_PLACEMENT_3D('',#4846,#3874,#3875);
#3549=AXIS2_PLACEMENT_3D('',#4850,#3877,#3878);
#3550=AXIS2_PLACEMENT_3D('',#4854,#3880,#3881);
#3551=AXIS2_PLACEMENT_3D('',#4863,#3886,#3887);
#3552=AXIS2_PLACEMENT_3D('',#4867,#3889,#3890);
#3553=AXIS2_PLACEMENT_3D('',#4868,#3891,#3892);
#3554=AXIS2_PLACEMENT_3D('',#4877,#3897,#3898);
#3555=AXIS2_PLACEMENT_3D('',#4887,#3900,#3901);
#3556=AXIS2_PLACEMENT_3D('',#4891,#3903,#3904);
#3557=AXIS2_PLACEMENT_3D('',#4895,#3906,#3907);
#3558=AXIS2_PLACEMENT_3D('',#4899,#3909,#3910);
#3559=AXIS2_PLACEMENT_3D('',#4903,#3912,#3913);
#3560=AXIS2_PLACEMENT_3D('',#4912,#3918,#3919);
#3561=AXIS2_PLACEMENT_3D('',#4926,#3924,#3925);
#3562=AXIS2_PLACEMENT_3D('',#4940,#3930,#3931);
#3563=AXIS2_PLACEMENT_3D('',#4958,#3940,#3941);
#3564=AXIS2_PLACEMENT_3D('',#4961,#3943,#3944);
#3565=AXIS2_PLACEMENT_3D('',#4965,#3946,#3947);
#3566=AXIS2_PLACEMENT_3D('',#4971,#3950,#3951);
#3567=AXIS2_PLACEMENT_3D('',#4974,#3953,#3954);
#3568=AXIS2_PLACEMENT_3D('',#4998,#3964,#3965);
#3569=AXIS2_PLACEMENT_3D('',#5020,#3974,#3975);
#3570=AXIS2_PLACEMENT_3D('',#5021,#3976,#3977);
#3571=AXIS2_PLACEMENT_3D('',#5041,#3987,#3988);
#3572=AXIS2_PLACEMENT_3D('',#5042,#3989,#3990);
#3573=AXIS2_PLACEMENT_3D('',#5049,#3995,#3996);
#3574=AXIS2_PLACEMENT_3D('',#5056,#4001,#4002);
#3575=AXIS2_PLACEMENT_3D('',#5070,#4007,#4008);
#3576=AXIS2_PLACEMENT_3D('',#5079,#4013,#4014);
#3577=AXIS2_PLACEMENT_3D('',#5089,#4018,#4019);
#3578=AXIS2_PLACEMENT_3D('',#5094,#4023,#4024);
#3579=AXIS2_PLACEMENT_3D('',#5100,#4028,#4029);
#3580=AXIS2_PLACEMENT_3D('',#5104,#4032,#4033);
#3581=AXIS2_PLACEMENT_3D('',#5105,#4034,#4035);
#3582=AXIS2_PLACEMENT_3D('',#5113,#4036,#4037);
#3583=AXIS2_PLACEMENT_3D('',#5122,#4038,#4039);
#3584=AXIS2_PLACEMENT_3D('',#5123,#4040,#4041);
#3585=AXIS2_PLACEMENT_3D('',#5124,#4042,#4043);
#3586=AXIS2_PLACEMENT_3D('',#5133,#4044,#4045);
#3587=AXIS2_PLACEMENT_3D('',#5144,#4046,#4047);
#3588=AXIS2_PLACEMENT_3D('',#5152,#4052,#4053);
#3589=AXIS2_PLACEMENT_3D('',#5156,#4055,#4056);
#3590=AXIS2_PLACEMENT_3D('',#5160,#4058,#4059);
#3591=AXIS2_PLACEMENT_3D('',#5164,#4061,#4062);
#3592=AXIS2_PLACEMENT_3D('',#5179,#4067,#4068);
#3593=AXIS2_PLACEMENT_3D('',#5183,#4070,#4071);
#3594=AXIS2_PLACEMENT_3D('',#5187,#4073,#4074);
#3595=AXIS2_PLACEMENT_3D('',#5192,#4078,#4079);
#3596=AXIS2_PLACEMENT_3D('',#5196,#4082,#4083);
#3597=AXIS2_PLACEMENT_3D('',#5210,#4088,#4089);
#3598=AXIS2_PLACEMENT_3D('',#5217,#4091,#4092);
#3599=AXIS2_PLACEMENT_3D('',#5228,#4096,#4097);
#3600=AXIS2_PLACEMENT_3D('',#5237,#4100,#4101);
#3601=AXIS2_PLACEMENT_3D('',#5249,#4105,#4106);
#3602=AXIS2_PLACEMENT_3D('',#5255,#4110,#4111);
#3603=AXIS2_PLACEMENT_3D('',#5256,#4112,#4113);
#3604=AXIS2_PLACEMENT_3D('',#5261,#4116,#4117);
#3605=AXIS2_PLACEMENT_3D('',#5265,#4119,#4120);
#3606=AXIS2_PLACEMENT_3D('',#5269,#4122,#4123);
#3607=AXIS2_PLACEMENT_3D('',#5273,#4125,#4126);
#3608=AXIS2_PLACEMENT_3D('',#5274,#4127,#4128);
#3609=AXIS2_PLACEMENT_3D('',#5281,#4132,#4133);
#3610=AXIS2_PLACEMENT_3D('',#5284,#4135,#4136);
#3611=AXIS2_PLACEMENT_3D('',#5288,#4138,#4139);
#3612=AXIS2_PLACEMENT_3D('',#5291,#4141,#4142);
#3613=AXIS2_PLACEMENT_3D('',#5299,#4147,#4148);
#3614=AXIS2_PLACEMENT_3D('',#5303,#4150,#4151);
#3615=AXIS2_PLACEMENT_3D('',#5307,#4153,#4154);
#3616=AXIS2_PLACEMENT_3D('',#5308,#4155,#4156);
#3617=AXIS2_PLACEMENT_3D('',#5312,#4158,#4159);
#3618=AXIS2_PLACEMENT_3D('',#5316,#4161,#4162);
#3619=AXIS2_PLACEMENT_3D('',#5320,#4164,#4165);
#3620=AXIS2_PLACEMENT_3D('',#5324,#4167,#4168);
#3621=AXIS2_PLACEMENT_3D('',#5328,#4170,#4171);
#3622=AXIS2_PLACEMENT_3D('',#5332,#4173,#4174);
#3623=AXIS2_PLACEMENT_3D('',#5340,#4179,#4180);
#3624=AXIS2_PLACEMENT_3D('',#5343,#4183,#4184);
#3625=AXIS2_PLACEMENT_3D('',#5365,#4194,#4195);
#3626=AXIS2_PLACEMENT_3D('',#5371,#4199,#4200);
#3627=AXIS2_PLACEMENT_3D('',#5377,#4204,#4205);
#3628=AXIS2_PLACEMENT_3D('',#5383,#4209,#4210);
#3629=AXIS2_PLACEMENT_3D('',#5393,#4216,#4217);
#3630=AXIS2_PLACEMENT_3D('',#5396,#4219,#4220);
#3631=AXIS2_PLACEMENT_3D('',#5397,#4221,#4222);
#3632=AXIS2_PLACEMENT_3D('',#5401,#4224,#4225);
#3633=AXIS2_PLACEMENT_3D('',#5405,#4227,#4228);
#3634=AXIS2_PLACEMENT_3D('',#5409,#4230,#4231);
#3635=AXIS2_PLACEMENT_3D('',#5413,#4233,#4234);
#3636=AXIS2_PLACEMENT_3D('',#5420,#4239,#4240);
#3637=AXIS2_PLACEMENT_3D('',#5424,#4242,#4243);
#3638=AXIS2_PLACEMENT_3D('',#5428,#4245,#4246);
#3639=AXIS2_PLACEMENT_3D('',#5432,#4248,#4249);
#3640=AXIS2_PLACEMENT_3D('',#5436,#4251,#4252);
#3641=AXIS2_PLACEMENT_3D('',#5440,#4254,#4255);
#3642=AXIS2_PLACEMENT_3D('',#5444,#4257,#4258);
#3643=AXIS2_PLACEMENT_3D('',#5449,#4262,#4263);
#3644=AXIS2_PLACEMENT_3D('',#5456,#4264,#4265);
#3645=AXIS2_PLACEMENT_3D('',#5460,#4268,#4269);
#3646=AXIS2_PLACEMENT_3D('',#5461,#4270,#4271);
#3647=AXIS2_PLACEMENT_3D('',#5465,#4274,#4275);
#3648=AXIS2_PLACEMENT_3D('',#5469,#4278,#4279);
#3649=AXIS2_PLACEMENT_3D('',#5470,#4280,#4281);
#3650=AXIS2_PLACEMENT_3D('',#5478,#4282,#4283);
#3651=AXIS2_PLACEMENT_3D('',#5480,#4284,#4285);
#3652=AXIS2_PLACEMENT_3D('',#5484,#4288,#4289);
#3653=AXIS2_PLACEMENT_3D('',#5488,#4292,#4293);
#3654=AXIS2_PLACEMENT_3D('',#5492,#4296,#4297);
#3655=AXIS2_PLACEMENT_3D('',#5496,#4299,#4300);
#3656=AXIS2_PLACEMENT_3D('',#5498,#4302,#4303);
#3657=AXIS2_PLACEMENT_3D('',#5502,#4305,#4306);
#3658=AXIS2_PLACEMENT_3D('',#5506,#4308,#4309);
#3659=AXIS2_PLACEMENT_3D('',#5510,#4311,#4312);
#3660=AXIS2_PLACEMENT_3D('',#5511,#4313,#4314);
#3661=AXIS2_PLACEMENT_3D('',#5517,#4316,#4317);
#3662=AXIS2_PLACEMENT_3D('',#5521,#4320,#4321);
#3663=AXIS2_PLACEMENT_3D('',#5525,#4324,#4325);
#3664=AXIS2_PLACEMENT_3D('',#5526,#4326,#4327);
#3665=AXIS2_PLACEMENT_3D('',#5529,#4329,#4330);
#3666=AXIS2_PLACEMENT_3D('',#5533,#4332,#4333);
#3667=AXIS2_PLACEMENT_3D('',#5537,#4335,#4336);
#3668=AXIS2_PLACEMENT_3D('',#5546,#4339,#4340);
#3669=AXIS2_PLACEMENT_3D('',#5550,#4342,#4343);
#3670=AXIS2_PLACEMENT_3D('',#5552,#4345,#4346);
#3671=AXIS2_PLACEMENT_3D('',#5555,#4348,#4349);
#3672=AXIS2_PLACEMENT_3D('',#5556,#4350,#4351);
#3673=AXIS2_PLACEMENT_3D('',#5560,#4353,#4354);
#3674=AXIS2_PLACEMENT_3D('',#5564,#4356,#4357);
#3675=AXIS2_PLACEMENT_3D('',#5568,#4359,#4360);
#3676=AXIS2_PLACEMENT_3D('',#5572,#4362,#4363);
#3677=AXIS2_PLACEMENT_3D('',#5576,#4365,#4366);
#3678=AXIS2_PLACEMENT_3D('',#5580,#4368,#4369);
#3679=AXIS2_PLACEMENT_3D('',#5583,#4372,#4373);
#3680=AXIS2_PLACEMENT_3D('',#5589,#4377,#4378);
#3681=AXIS2_PLACEMENT_3D('',#5595,#4382,#4383);
#3682=AXIS2_PLACEMENT_3D('',#5601,#4387,#4388);
#3683=AXIS2_PLACEMENT_3D('',#5604,#4391,#4392);
#3684=AXIS2_PLACEMENT_3D('',#5605,#4393,#4394);
#3685=AXIS2_PLACEMENT_3D('',#5609,#4396,#4397);
#3686=AXIS2_PLACEMENT_3D('',#5613,#4399,#4400);
#3687=AXIS2_PLACEMENT_3D('',#5634,#4405,#4406);
#3688=AXIS2_PLACEMENT_3D('',#5638,#4408,#4409);
#3689=AXIS2_PLACEMENT_3D('',#5639,#4410,#4411);
#3690=AXIS2_PLACEMENT_3D('',#5646,#4413,#4414);
#3691=AXIS2_PLACEMENT_3D('',#5653,#4415,#4416);
#3692=AXIS2_PLACEMENT_3D('',#5661,#4417,#4418);
#3693=AXIS2_PLACEMENT_3D('',#5666,#4419,#4420);
#3694=AXIS2_PLACEMENT_3D('',#5667,#4421,#4422);
#3695=AXIS2_PLACEMENT_3D('',#5674,#4423,#4424);
#3696=AXIS2_PLACEMENT_3D('',#5675,#4425,#4426);
#3697=AXIS2_PLACEMENT_3D('',#5682,#4427,#4428);
#3698=AXIS2_PLACEMENT_3D('',#5683,#4429,#4430);
#3699=AXIS2_PLACEMENT_3D('',#5687,#4432,#4433);
#3700=AXIS2_PLACEMENT_3D('',#5691,#4435,#4436);
#3701=AXIS2_PLACEMENT_3D('',#5695,#4438,#4439);
#3702=AXIS2_PLACEMENT_3D('',#5699,#4441,#4442);
#3703=AXIS2_PLACEMENT_3D('',#5700,#4443,#4444);
#3704=AXIS2_PLACEMENT_3D('',#5707,#4445,#4446);
#3705=AXIS2_PLACEMENT_3D('',#5731,#4447,#4448);
#3706=AXIS2_PLACEMENT_3D('',#5732,#4449,#4450);
#3707=AXIS2_PLACEMENT_3D('',#5733,#4451,#4452);
#3708=AXIS2_PLACEMENT_3D('',#5734,#4453,#4454);
#3709=AXIS2_PLACEMENT_3D('',#5735,#4455,#4456);
#3710=AXIS2_PLACEMENT_3D('',#5736,#4457,#4458);
#3711=AXIS2_PLACEMENT_3D('',#5737,#4459,#4460);
#3712=AXIS2_PLACEMENT_3D('',#5739,#4462,#4463);
#3713=AXIS2_PLACEMENT_3D('',#5741,#4465,#4466);
#3714=AXIS2_PLACEMENT_3D('',#5742,#4467,#4468);
#3715=AXIS2_PLACEMENT_3D('',#5744,#4470,#4471);
#3716=AXIS2_PLACEMENT_3D('',#5746,#4473,#4474);
#3717=AXIS2_PLACEMENT_3D('',#5747,#4475,#4476);
#3718=AXIS2_PLACEMENT_3D('',#5751,#4479,#4480);
#3719=AXIS2_PLACEMENT_3D('',#5755,#4483,#4484);
#3720=AXIS2_PLACEMENT_3D('',#5760,#4488,#4489);
#3721=AXIS2_PLACEMENT_3D('',#5762,#4491,#4492);
#3722=AXIS2_PLACEMENT_3D('',#5765,#4495,#4496);
#3723=AXIS2_PLACEMENT_3D('',#5770,#4500,#4501);
#3724=AXIS2_PLACEMENT_3D('',#5772,#4503,#4504);
#3725=AXIS2_PLACEMENT_3D('',#5775,#4507,#4508);
#3726=AXIS2_PLACEMENT_3D('',#5776,#4509,#4510);
#3727=AXIS2_PLACEMENT_3D('',#5777,#4511,#4512);
#3728=AXIS2_PLACEMENT_3D('',#5778,#4513,#4514);
#3729=AXIS2_PLACEMENT_3D('',#5779,#4515,#4516);
#3730=AXIS2_PLACEMENT_3D('',#5781,#4518,#4519);
#3731=AXIS2_PLACEMENT_3D('',#5783,#4521,#4522);
#3732=AXIS2_PLACEMENT_3D('',#5786,#4525,#4526);
#3733=AXIS2_PLACEMENT_3D('',#5789,#4529,#4530);
#3734=AXIS2_PLACEMENT_3D('',#5792,#4533,#4534);
#3735=AXIS2_PLACEMENT_3D('',#5795,#4537,#4538);
#3736=AXIS2_PLACEMENT_3D('',#5798,#4541,#4542);
#3737=AXIS2_PLACEMENT_3D('',#5799,#4543,#4544);
#3738=AXIS2_PLACEMENT_3D('',#5804,#4547,#4548);
#3739=AXIS2_PLACEMENT_3D('',#5805,#4549,#4550);
#3740=AXIS2_PLACEMENT_3D('',#5808,#4553,#4554);
#3741=AXIS2_PLACEMENT_3D('',#5809,#4555,#4556);
#3742=AXIS2_PLACEMENT_3D('',#5813,#4559,#4560);
#3743=AXIS2_PLACEMENT_3D('',#5817,#4563,#4564);
#3744=AXIS2_PLACEMENT_3D('',#5818,#4565,#4566);
#3745=AXIS2_PLACEMENT_3D('',#5821,#4569,#4570);
#3746=AXIS2_PLACEMENT_3D('',#5824,#4572,#4573);
#3747=AXIS2_PLACEMENT_3D('',#5826,#4575,#4576);
#3748=AXIS2_PLACEMENT_3D('',#5829,#4579,#4580);
#3749=AXIS2_PLACEMENT_3D('',#5832,#4583,#4584);
#3750=AXIS2_PLACEMENT_3D('',#5835,#4587,#4588);
#3751=AXIS2_PLACEMENT_3D('',#5838,#4591,#4592);
#3752=AXIS2_PLACEMENT_3D('',#5841,#4595,#4596);
#3753=AXIS2_PLACEMENT_3D('',#5844,#4599,#4600);
#3754=AXIS2_PLACEMENT_3D('',#5847,#4603,#4604);
#3755=AXIS2_PLACEMENT_3D('',#5850,#4607,#4608);
#3756=AXIS2_PLACEMENT_3D('',#5853,#4611,#4612);
#3757=AXIS2_PLACEMENT_3D('',#5856,#4615,#4616);
#3758=AXIS2_PLACEMENT_3D('',#5859,#4619,#4620);
#3759=AXIS2_PLACEMENT_3D('',#5862,#4623,#4624);
#3760=AXIS2_PLACEMENT_3D('',#5865,#4627,#4628);
#3761=AXIS2_PLACEMENT_3D('',#5868,#4631,#4632);
#3762=AXIS2_PLACEMENT_3D('',#5871,#4635,#4636);
#3763=AXIS2_PLACEMENT_3D('',#5874,#4639,#4640);
#3764=AXIS2_PLACEMENT_3D('',#5877,#4643,#4644);
#3765=AXIS2_PLACEMENT_3D('',#5880,#4647,#4648);
#3766=AXIS2_PLACEMENT_3D('',#5883,#4651,#4652);
#3767=AXIS2_PLACEMENT_3D('',#5884,#4653,#4654);
#3768=AXIS2_PLACEMENT_3D('',#5885,#4655,#4656);
#3769=AXIS2_PLACEMENT_3D('',#5890,#4657,#4658);
#3770=AXIS2_PLACEMENT_3D('',#5935,#4659,#4660);
#3771=AXIS2_PLACEMENT_3D('',#5936,#4661,#4662);
#3772=AXIS2_PLACEMENT_3D('',#5937,#4663,#4664);
#3773=AXIS2_PLACEMENT_3D('',#5941,#4667,#4668);
#3774=AXIS2_PLACEMENT_3D('',#5942,#4669,#4670);
#3775=AXIS2_PLACEMENT_3D('',#5943,#4671,#4672);
#3776=AXIS2_PLACEMENT_3D('',#5944,#4673,#4674);
#3777=AXIS2_PLACEMENT_3D('',#5948,#4677,#4678);
#3778=AXIS2_PLACEMENT_3D('',#5949,#4679,#4680);
#3779=AXIS2_PLACEMENT_3D('',#5950,#4681,#4682);
#3780=AXIS2_PLACEMENT_3D('',#5951,#4683,#4684);
#3781=AXIS2_PLACEMENT_3D('',#5952,#4685,#4686);
#3782=AXIS2_PLACEMENT_3D('',#5953,#4687,#4688);
#3783=AXIS2_PLACEMENT_3D('',#5954,#4689,#4690);
#3784=AXIS2_PLACEMENT_3D('',#5955,#4691,#4692);
#3785=AXIS2_PLACEMENT_3D('',#5960,#4693,#4694);
#3786=AXIS2_PLACEMENT_3D('',#5961,#4695,#4696);
#3787=AXIS2_PLACEMENT_3D('',#5962,#4697,#4698);
#3788=AXIS2_PLACEMENT_3D('',#5963,#4699,#4700);
#3789=AXIS2_PLACEMENT_3D('',#5964,#4701,#4702);
#3790=AXIS2_PLACEMENT_3D('',#5965,#4703,#4704);
#3791=AXIS2_PLACEMENT_3D('',#5966,#4705,#4706);
#3792=AXIS2_PLACEMENT_3D('',#5967,#4707,#4708);
#3793=AXIS2_PLACEMENT_3D('',#5968,#4709,#4710);
#3794=AXIS2_PLACEMENT_3D('',#5969,#4711,#4712);
#3795=AXIS2_PLACEMENT_3D('',#5970,#4713,#4714);
#3796=AXIS2_PLACEMENT_3D('',#5971,#4715,#4716);
#3797=AXIS2_PLACEMENT_3D('',#5972,#4717,#4718);
#3798=AXIS2_PLACEMENT_3D('',#5973,#4719,#4720);
#3799=AXIS2_PLACEMENT_3D('',#5974,#4721,#4722);
#3800=AXIS2_PLACEMENT_3D('',#5975,#4723,#4724);
#3801=AXIS2_PLACEMENT_3D('',#5976,#4725,#4726);
#3802=AXIS2_PLACEMENT_3D('',#5981,#4727,#4728);
#3803=AXIS2_PLACEMENT_3D('',#5986,#4729,#4730);
#3804=AXIS2_PLACEMENT_3D('',#5987,#4731,#4732);
#3805=AXIS2_PLACEMENT_3D('',#5988,#4733,#4734);
#3806=AXIS2_PLACEMENT_3D('',#5989,#4735,#4736);
#3807=AXIS2_PLACEMENT_3D('',#5990,#4737,#4738);
#3808=AXIS2_PLACEMENT_3D('',#5991,#4739,#4740);
#3809=AXIS2_PLACEMENT_3D('',#5992,#4741,#4742);
#3810=AXIS2_PLACEMENT_3D('',#5993,#4743,#4744);
#3811=AXIS2_PLACEMENT_3D('',#5994,#4745,#4746);
#3812=AXIS2_PLACEMENT_3D('',#5995,#4747,#4748);
#3813=AXIS2_PLACEMENT_3D('',#5996,#4749,#4750);
#3814=AXIS2_PLACEMENT_3D('',#5997,#4751,#4752);
#3815=DIRECTION('',(0.,0.,1.));
#3816=DIRECTION('',(1.,0.,0.));
#3817=DIRECTION('',(-0.988005517029518,0.154418581521901,0.));
#3818=DIRECTION('',(-0.154418581521901,-0.988005517029518,0.));
#3819=DIRECTION('',(0.,0.,1.));
#3820=DIRECTION('',(-0.139834871150347,-0.894695591735251,-0.424224005614811));
#3821=DIRECTION('',(-0.988005517029518,0.154418581521901,0.));
#3822=DIRECTION('',(-0.154418581521901,-0.988005517029518,0.));
#3823=DIRECTION('',(-0.139834871150347,-0.894695591735251,-0.424224005614811));
#3824=DIRECTION('',(0.,0.,1.));
#3825=DIRECTION('',(0.988005517029517,0.154418581521906,0.));
#3826=DIRECTION('',(-0.154418581521906,0.988005517029517,0.));
#3827=DIRECTION('',(0.,0.,1.));
#3828=DIRECTION('',(-0.139834871150352,0.89469559173525,0.424224005614811));
#3829=DIRECTION('',(0.793138912352815,0.,0.609040775081435));
#3830=DIRECTION('',(0.609040775081435,0.,-0.793138912352815));
#3831=DIRECTION('',(0.507020126563394,0.554040633868306,-0.660279915855727));
#3832=DIRECTION('',(0.793138912352815,0.,0.609040775081435));
#3833=DIRECTION('',(0.609040775081435,0.,-0.793138912352815));
#3834=DIRECTION('',(0.,1.,0.));
#3835=DIRECTION('',(0.793138912352815,0.,0.609040775081435));
#3836=DIRECTION('',(0.609040775081435,0.,-0.793138912352815));
#3837=DIRECTION('',(-0.477173794709818,0.62141176752707,0.621411767527069));
#3838=DIRECTION('',(0.793138912352815,0.,0.609040775081435));
#3839=DIRECTION('',(0.609040775081435,0.,-0.793138912352815));
#3840=DIRECTION('',(-0.597536092454123,0.193449873107409,0.778156645418765));
#3841=DIRECTION('',(0.793138912352815,0.,0.609040775081435));
#3842=DIRECTION('',(0.609040775081435,0.,-0.793138912352815));
#3843=DIRECTION('',(0.,-1.,0.));
#3844=DIRECTION('',(-0.477173794709818,0.621411767527069,0.621411767527069));
#3845=DIRECTION('',(0.,-1.,0.));
#3846=DIRECTION('',(-0.507020126563394,-0.554040633868306,0.660279915855727));
#3847=DIRECTION('',(0.,-1.,0.));
#3848=DIRECTION('',(0.793138912352815,0.,0.609040775081435));
#3849=DIRECTION('',(0.609040775081435,0.,-0.793138912352815));
#3850=DIRECTION('',(0.793138912352815,0.,-0.609040775081434));
#3851=DIRECTION('',(-0.609040775081434,0.,-0.793138912352815));
#3852=DIRECTION('',(0.597536092454124,0.193449873107398,0.778156645418767));
#3853=DIRECTION('',(0.793138912352815,0.,-0.609040775081434));
#3854=DIRECTION('',(-0.609040775081434,0.,-0.793138912352815));
#3855=DIRECTION('',(0.,-1.,0.));
#3856=DIRECTION('',(0.597536092454124,0.193449873107398,0.778156645418767));
#3857=DIRECTION('',(0.477173794709818,0.621411767527069,0.621411767527069));
#3858=DIRECTION('',(0.,-1.,0.));
#3859=DIRECTION('',(0.507020126563394,-0.554040633868306,0.660279915855727));
#3860=DIRECTION('',(0.793138912352815,0.,-0.609040775081434));
#3861=DIRECTION('',(-0.609040775081434,0.,-0.793138912352815));
#3862=DIRECTION('',(0.,-1.,0.));
#3863=DIRECTION('',(0.793138912352815,0.,-0.609040775081434));
#3864=DIRECTION('',(-0.609040775081434,0.,-0.793138912352815));
#3865=DIRECTION('',(-0.507020126563394,0.554040633868306,-0.660279915855727));
#3866=DIRECTION('',(0.793138912352815,0.,-0.609040775081434));
#3867=DIRECTION('',(-0.609040775081434,0.,-0.793138912352815));
#3868=DIRECTION('',(0.,1.,0.));
#3869=DIRECTION('',(0.793138912352815,0.,-0.609040775081434));
#3870=DIRECTION('',(-0.609040775081434,0.,-0.793138912352815));
#3871=DIRECTION('',(0.477173794709818,0.62141176752707,0.621411767527069));
#3872=DIRECTION('',(0.793138912352815,0.,-0.609040775081434));
#3873=DIRECTION('',(-0.609040775081434,0.,-0.793138912352815));
#3874=DIRECTION('',(0.,-0.766044443118978,-0.642787609686539));
#3875=DIRECTION('',(0.,0.642787609686539,-0.766044443118978));
#3876=DIRECTION('',(-1.,0.,0.));
#3877=DIRECTION('',(0.,-0.766044443118978,-0.642787609686539));
#3878=DIRECTION('',(0.,0.642787609686539,-0.766044443118978));
#3879=DIRECTION('',(0.507020126563393,0.554040633868306,-0.660279915855727));
#3880=DIRECTION('',(0.,-0.766044443118978,-0.642787609686539));
#3881=DIRECTION('',(0.,0.642787609686539,-0.766044443118978));
#3882=DIRECTION('',(0.,-0.642787609686539,0.766044443118978));
#3883=DIRECTION('',(-1.,0.,0.));
#3884=DIRECTION('',(0.507020126563394,-0.554040633868306,0.660279915855727));
#3885=DIRECTION('',(0.,-0.642787609686539,0.766044443118978));
#3886=DIRECTION('',(0.,-0.766044443118978,-0.642787609686539));
#3887=DIRECTION('',(0.,0.642787609686539,-0.766044443118978));
#3888=DIRECTION('',(-0.507020126563394,0.554040633868306,-0.660279915855727));
#3889=DIRECTION('',(0.,-0.766044443118978,-0.642787609686539));
#3890=DIRECTION('',(0.,0.642787609686539,-0.766044443118978));
#3891=DIRECTION('',(0.,-0.42843343372326,0.903573346700807));
#3892=DIRECTION('',(0.,-0.903573346700807,-0.42843343372326));
#3893=DIRECTION('',(1.,0.,0.));
#3894=DIRECTION('',(0.,0.903573346700807,0.42843343372326));
#3895=DIRECTION('',(-1.,0.,0.));
#3896=DIRECTION('',(0.,-0.903573346700807,-0.42843343372326));
#3897=DIRECTION('',(0.,0.216351588961817,0.976315517624142));
#3898=DIRECTION('',(0.,-0.976315517624142,0.216351588961817));
#3899=DIRECTION('',(0.,0.976315517624142,-0.216351588961817));
#3900=DIRECTION('',(0.,0.216351588961817,0.976315517624142));
#3901=DIRECTION('',(0.,-0.976315517624142,0.216351588961817));
#3902=DIRECTION('',(0.,0.976315517624142,-0.216351588961817));
#3903=DIRECTION('',(0.,0.216351588961817,0.976315517624142));
#3904=DIRECTION('',(0.,-0.976315517624142,0.216351588961817));
#3905=DIRECTION('',(-0.870180609777704,0.481062771979065,-0.106603544888154));
#3906=DIRECTION('',(0.,0.216351588961817,0.976315517624142));
#3907=DIRECTION('',(0.,-0.976315517624142,0.216351588961817));
#3908=DIRECTION('',(-1.,0.,0.));
#3909=DIRECTION('',(0.,0.216351588961817,0.976315517624142));
#3910=DIRECTION('',(0.,-0.976315517624142,0.216351588961817));
#3911=DIRECTION('',(-0.870180609777705,-0.481062771979065,0.106603544888154));
#3912=DIRECTION('',(0.,0.216351588961817,0.976315517624142));
#3913=DIRECTION('',(0.,-0.976315517624142,0.216351588961817));
#3914=DIRECTION('',(0.,0.976315517624142,-0.216351588961817));
#3915=DIRECTION('',(-0.870180609777704,-0.481062771979065,0.106603544888154));
#3916=DIRECTION('',(-1.,0.,0.));
#3917=DIRECTION('',(0.870180609777704,-0.481062771979065,0.106603544888154));
#3918=DIRECTION('',(0.,0.,-1.));
#3919=DIRECTION('',(-1.,0.,0.));
#3920=DIRECTION('',(0.,-1.,0.));
#3921=DIRECTION('',(-1.,0.,0.));
#3922=DIRECTION('',(0.,-1.,0.));
#3923=DIRECTION('',(1.,0.,0.));
#3924=DIRECTION('',(0.,0.,-1.));
#3925=DIRECTION('',(-1.,0.,0.));
#3926=DIRECTION('',(0.,-1.,0.));
#3927=DIRECTION('',(1.,0.,0.));
#3928=DIRECTION('',(0.,-1.,0.));
#3929=DIRECTION('',(1.,0.,0.));
#3930=DIRECTION('',(1.,0.,0.));
#3931=DIRECTION('',(0.,1.,0.));
#3932=DIRECTION('',(0.,-0.994521895368273,-0.104528463267654));
#3933=DIRECTION('',(0.,0.,1.));
#3934=DIRECTION('',(0.,0.976315517624142,-0.216351588961817));
#3935=DIRECTION('',(0.,-1.,0.));
#3936=DIRECTION('',(0.,-1.,0.));
#3937=DIRECTION('',(0.,-1.,0.));
#3938=DIRECTION('',(0.,-0.840338390045006,-0.542062164531494));
#3939=DIRECTION('',(0.,0.,1.));
#3940=DIRECTION('',(1.,0.,0.));
#3941=DIRECTION('',(0.,0.,-1.));
#3942=DIRECTION('',(0.,0.,-1.));
#3943=DIRECTION('',(1.,0.,0.));
#3944=DIRECTION('',(0.,0.,-1.));
#3945=DIRECTION('',(0.,-1.,0.));
#3946=DIRECTION('',(1.,0.,0.));
#3947=DIRECTION('',(0.,0.,-1.));
#3948=DIRECTION('',(0.,0.,-1.));
#3949=DIRECTION('',(0.,-1.,0.));
#3950=DIRECTION('',(1.,0.,0.));
#3951=DIRECTION('',(0.,0.,-1.));
#3952=DIRECTION('',(0.,-1.,0.));
#3953=DIRECTION('',(0.,-0.573576436351046,-0.819152044288992));
#3954=DIRECTION('',(0.,0.819152044288992,-0.573576436351046));
#3955=DIRECTION('',(0.126991388318108,0.812520041545219,-0.568932658036429));
#3956=DIRECTION('',(-1.,0.,0.));
#3957=DIRECTION('',(0.126991388318108,0.812520041545219,-0.568932658036429));
#3958=DIRECTION('',(0.551175203683782,0.683491892703531,-0.478586175576234));
#3959=DIRECTION('',(-0.9045104901427,-0.349328513683362,0.244602458592684));
#3960=DIRECTION('',(-1.,0.,0.));
#3961=DIRECTION('',(0.,0.819152044288992,-0.573576436351046));
#3962=DIRECTION('',(-1.,0.,0.));
#3963=DIRECTION('',(0.9045104901427,0.349328513683362,-0.244602458592684));
#3964=DIRECTION('',(0.,-0.573576436351046,-0.819152044288992));
#3965=DIRECTION('',(0.,0.819152044288992,-0.573576436351046));
#3966=DIRECTION('',(0.904510490142701,-0.349328513683361,0.244602458592683));
#3967=DIRECTION('',(-1.,0.,0.));
#3968=DIRECTION('',(0.,-0.819152044288992,0.573576436351046));
#3969=DIRECTION('',(-1.,0.,0.));
#3970=DIRECTION('',(-0.904510490142701,0.349328513683361,-0.244602458592683));
#3971=DIRECTION('',(0.551175203683781,-0.683491892703532,0.478586175576235));
#3972=DIRECTION('',(0.126991388318112,-0.812520041545218,0.568932658036428));
#3973=DIRECTION('',(-1.,0.,0.));
#3974=DIRECTION('',(0.,-0.815449352228513,-0.578828432223313));
#3975=DIRECTION('',(0.,0.578828432223313,-0.815449352228513));
#3976=DIRECTION('',(0.,-0.815449352228513,-0.578828432223313));
#3977=DIRECTION('',(0.,0.578828432223313,-0.815449352228513));
#3978=DIRECTION('',(0.,0.578828432223313,-0.815449352228513));
#3979=DIRECTION('',(-1.,0.,0.));
#3980=DIRECTION('',(0.422964932104499,0.524503098214813,-0.738916210522478));
#3981=DIRECTION('',(0.831836899934593,0.321261445884705,-0.452590825465203));
#3982=DIRECTION('',(-1.,0.,0.));
#3983=DIRECTION('',(0.831836899934595,-0.321261445884704,0.452590825465201));
#3984=DIRECTION('',(0.422964932104498,-0.524503098214813,0.738916210522478));
#3985=DIRECTION('',(-1.,0.,0.));
#3986=DIRECTION('',(0.,-0.578828432223313,0.815449352228513));
#3987=DIRECTION('',(0.,-0.815449352228513,-0.578828432223313));
#3988=DIRECTION('',(0.,-0.578828432223313,0.815449352228513));
#3989=DIRECTION('',(0.,-0.996194698091745,0.0871557427476584));
#3990=DIRECTION('',(0.,-0.0871557427476584,-0.996194698091746));
#3991=DIRECTION('',(0.,-0.0871557427476584,-0.996194698091746));
#3992=DIRECTION('',(0.934689338390066,0.0309808742635162,0.354113013217261));
#3993=DIRECTION('',(-0.22013506743224,-0.0850177601628026,-0.971757445324451));
#3994=DIRECTION('',(-0.070110376685158,-0.0869412733708328,-0.993743301897287));
#3995=DIRECTION('',(0.,-0.996194698091745,0.0871557427476584));
#3996=DIRECTION('',(0.,-0.0871557427476584,-0.996194698091746));
#3997=DIRECTION('',(0.,0.0871557427476584,0.996194698091746));
#3998=DIRECTION('',(-0.0701103766851578,0.0869412733708328,0.993743301897287));
#3999=DIRECTION('',(-0.220135067432241,0.0850177601628026,0.971757445324451));
#4000=DIRECTION('',(0.934689338390071,-0.0309808742635151,-0.354113013217249));
#4001=DIRECTION('',(0.,-0.815449352228513,-0.578828432223313));
#4002=DIRECTION('',(0.,0.578828432223313,-0.815449352228513));
#4003=DIRECTION('',(-1.,0.,0.));
#4004=DIRECTION('',(-0.376391805375929,-0.536261725835285,0.75548168094932));
#4005=DIRECTION('',(-1.,0.,0.));
#4006=DIRECTION('',(0.831836899934593,0.321261445884705,-0.452590825465203));
#4007=DIRECTION('',(0.,-0.815449352228513,-0.578828432223313));
#4008=DIRECTION('',(0.,0.578828432223313,-0.815449352228513));
#4009=DIRECTION('',(-1.,0.,0.));
#4010=DIRECTION('',(-0.376391805375931,0.536261725835285,-0.755481680949319));
#4011=DIRECTION('',(-1.,0.,0.));
#4012=DIRECTION('',(0.831836899934595,-0.321261445884704,0.452590825465201));
#4013=DIRECTION('',(0.,-0.996194698091745,0.0871557427476584));
#4014=DIRECTION('',(0.,-0.0871557427476584,-0.996194698091746));
#4015=DIRECTION('',(0.,-0.0871557427476584,-0.996194698091746));
#4016=DIRECTION('',(0.763650588460389,0.0562703407157047,0.643172937474704));
#4017=DIRECTION('',(-0.22013506743224,-0.0850177601628026,-0.971757445324451));
#4018=DIRECTION('',(0.,-0.996194698091745,0.0871557427476584));
#4019=DIRECTION('',(0.,-0.0871557427476584,-0.996194698091746));
#4020=DIRECTION('',(0.763650588460391,-0.0562703407157045,-0.643172937474702));
#4021=DIRECTION('',(0.,0.0871557427476584,0.996194698091746));
#4022=DIRECTION('',(-0.220135067432241,0.0850177601628026,0.971757445324451));
#4023=DIRECTION('',(-0.360272344100434,0.932847167587692,0.));
#4024=DIRECTION('',(-0.932847167587692,-0.360272344100434,0.));
#4025=DIRECTION('',(0.,0.,1.));
#4026=DIRECTION('',(-0.73283576688109,-0.283026490027983,0.618746914919376));
#4027=DIRECTION('',(-0.919527231033087,-0.355128087964452,-0.168385606651328));
#4028=DIRECTION('',(0.360272344100432,0.932847167587692,0.));
#4029=DIRECTION('',(-0.932847167587692,0.360272344100432,0.));
#4030=DIRECTION('',(0.,0.,-1.));
#4031=DIRECTION('',(0.904510490142701,-0.349328513683361,0.244602458592683));
#4032=DIRECTION('',(1.,0.,0.));
#4033=DIRECTION('',(0.,0.,-1.));
#4034=DIRECTION('',(1.,0.,0.));
#4035=DIRECTION('',(0.,0.,-1.));
#4036=DIRECTION('',(1.,0.,0.));
#4037=DIRECTION('',(0.,0.,-1.));
#4038=DIRECTION('',(1.,0.,0.));
#4039=DIRECTION('',(0.,0.,-1.));
#4040=DIRECTION('',(-1.,0.,0.));
#4041=DIRECTION('',(0.,0.,1.));
#4042=DIRECTION('',(1.,0.,0.));
#4043=DIRECTION('',(0.,0.,-1.));
#4044=DIRECTION('',(1.,0.,0.));
#4045=DIRECTION('',(0.,0.,-1.));
#4046=DIRECTION('',(1.,0.,0.));
#4047=DIRECTION('',(0.,1.,0.));
#4048=DIRECTION('',(0.,0.216351588961817,0.976315517624142));
#4049=DIRECTION('',(0.,-0.976315517624142,0.216351588961817));
#4050=DIRECTION('',(0.,0.766044443118978,0.642787609686539));
#4051=DIRECTION('',(0.,-1.,0.));
#4052=DIRECTION('',(1.,0.,0.));
#4053=DIRECTION('',(0.,1.22201036572863E-16,-1.));
#4054=DIRECTION('',(0.,-0.686923735829353,-0.726729510309197));
#4055=DIRECTION('',(1.,0.,0.));
#4056=DIRECTION('',(0.,1.41796779723611E-16,-1.));
#4057=DIRECTION('',(0.,-1.,0.));
#4058=DIRECTION('',(1.,0.,0.));
#4059=DIRECTION('',(0.,2.81557370696502E-16,-1.));
#4060=DIRECTION('',(0.,-0.763398373757706,0.645927954917644));
#4061=DIRECTION('',(1.,0.,0.));
#4062=DIRECTION('',(0.,4.89365429261513E-17,-1.));
#4063=DIRECTION('',(0.,-1.,0.));
#4064=DIRECTION('',(0.,0.707106781186548,0.707106781186547));
#4065=DIRECTION('',(0.,-0.903573346700807,-0.42843343372326));
#4066=DIRECTION('',(0.,0.,1.));
#4067=DIRECTION('',(1.,0.,0.));
#4068=DIRECTION('',(0.,0.,-1.));
#4069=DIRECTION('',(0.,-1.,0.));
#4070=DIRECTION('',(1.,0.,0.));
#4071=DIRECTION('',(0.,0.,-1.));
#4072=DIRECTION('',(3.30423519233678E-16,1.,0.));
#4073=DIRECTION('',(1.,0.,0.));
#4074=DIRECTION('',(0.,0.,-1.));
#4075=DIRECTION('',(0.,0.,-1.));
#4076=DIRECTION('',(0.,-0.976315517624142,0.216351588961817));
#4077=DIRECTION('',(0.,0.,1.));
#4078=DIRECTION('',(1.,0.,0.));
#4079=DIRECTION('',(0.,1.,0.));
#4080=DIRECTION('',(0.,-0.994521895368273,-0.104528463267654));
#4081=DIRECTION('',(0.,0.,1.));
#4082=DIRECTION('',(0.,0.,-1.));
#4083=DIRECTION('',(-1.,0.,0.));
#4084=DIRECTION('',(-1.,0.,0.));
#4085=DIRECTION('',(0.,-1.,0.));
#4086=DIRECTION('',(-1.,0.,0.));
#4087=DIRECTION('',(0.,-1.,0.));
#4088=DIRECTION('',(0.,0.,-1.));
#4089=DIRECTION('',(-1.,0.,0.));
#4090=DIRECTION('',(0.154418581521906,-0.988005517029517,0.));
#4091=DIRECTION('',(0.,0.,-1.));
#4092=DIRECTION('',(-1.,0.,0.));
#4093=DIRECTION('',(1.,0.,0.));
#4094=DIRECTION('',(0.,-1.,0.));
#4095=DIRECTION('',(1.,0.,0.));
#4096=DIRECTION('',(0.,0.,-1.));
#4097=DIRECTION('',(-1.,0.,0.));
#4098=DIRECTION('',(1.,0.,0.));
#4099=DIRECTION('',(0.154418581521901,0.988005517029518,0.));
#4100=DIRECTION('',(0.,0.,-1.));
#4101=DIRECTION('',(-1.,0.,0.));
#4102=DIRECTION('',(-1.,0.,0.));
#4103=DIRECTION('',(1.,0.,0.));
#4104=DIRECTION('',(0.,-1.,0.));
#4105=DIRECTION('',(0.,0.,1.));
#4106=DIRECTION('',(1.,0.,0.));
#4107=DIRECTION('',(-1.,0.,0.));
#4108=DIRECTION('',(-1.,0.,0.));
#4109=DIRECTION('',(0.,-1.,0.));
#4110=DIRECTION('',(1.,0.,0.));
#4111=DIRECTION('',(0.,1.,0.));
#4112=DIRECTION('',(1.,0.,0.));
#4113=DIRECTION('',(0.,0.,-1.));
#4114=DIRECTION('',(0.,0.,1.));
#4115=DIRECTION('',(0.,0.840338390045003,0.542062164531498));
#4116=DIRECTION('',(1.,0.,0.));
#4117=DIRECTION('',(0.,4.89365429261513E-17,-1.));
#4118=DIRECTION('',(0.,0.763398373757706,-0.645927954917644));
#4119=DIRECTION('',(1.,0.,0.));
#4120=DIRECTION('',(0.,2.81557370696502E-16,-1.));
#4121=DIRECTION('',(0.,1.,0.));
#4122=DIRECTION('',(1.,0.,0.));
#4123=DIRECTION('',(0.,1.41796779723611E-16,-1.));
#4124=DIRECTION('',(0.,0.686923735829353,0.726729510309197));
#4125=DIRECTION('',(1.,0.,0.));
#4126=DIRECTION('',(0.,1.22201036572863E-16,-1.));
#4127=DIRECTION('',(1.,0.,0.));
#4128=DIRECTION('',(0.,0.,-1.));
#4129=DIRECTION('',(0.,0.976315517624142,-0.216351588961817));
#4130=DIRECTION('',(0.,0.,-1.));
#4131=DIRECTION('',(0.,-0.994521895368273,-0.104528463267654));
#4132=DIRECTION('',(1.,0.,0.));
#4133=DIRECTION('',(0.,0.,-1.));
#4134=DIRECTION('',(0.,0.,-1.));
#4135=DIRECTION('',(1.,0.,0.));
#4136=DIRECTION('',(0.,0.,-1.));
#4137=DIRECTION('',(3.30423519233678E-16,1.,0.));
#4138=DIRECTION('',(1.,0.,0.));
#4139=DIRECTION('',(0.,0.,-1.));
#4140=DIRECTION('',(0.,0.,-1.));
#4141=DIRECTION('',(0.,-0.766044443118978,-0.642787609686539));
#4142=DIRECTION('',(0.,0.642787609686539,-0.766044443118978));
#4143=DIRECTION('',(0.507020126563394,-0.554040633868306,0.660279915855727));
#4144=DIRECTION('',(-1.,0.,0.));
#4145=DIRECTION('',(-0.507020126563394,-0.554040633868306,0.660279915855727));
#4146=DIRECTION('',(-1.,0.,0.));
#4147=DIRECTION('',(0.,-0.766044443118978,-0.642787609686539));
#4148=DIRECTION('',(0.,0.642787609686539,-0.766044443118978));
#4149=DIRECTION('',(-0.507020126563393,-0.554040633868306,0.660279915855727));
#4150=DIRECTION('',(0.,-0.766044443118978,-0.642787609686539));
#4151=DIRECTION('',(0.,0.642787609686539,-0.766044443118978));
#4152=DIRECTION('',(1.,0.,0.));
#4153=DIRECTION('',(0.,-0.766044443118978,-0.642787609686539));
#4154=DIRECTION('',(0.,0.642787609686539,-0.766044443118978));
#4155=DIRECTION('',(0.,-0.707106781186547,0.707106781186548));
#4156=DIRECTION('',(0.,-0.707106781186548,-0.707106781186547));
#4157=DIRECTION('',(-1.,0.,0.));
#4158=DIRECTION('',(0.,-0.707106781186547,0.707106781186548));
#4159=DIRECTION('',(0.,-0.707106781186548,-0.707106781186547));
#4160=DIRECTION('',(-0.477173794709817,0.62141176752707,0.621411767527069));
#4161=DIRECTION('',(0.,-0.707106781186547,0.707106781186548));
#4162=DIRECTION('',(0.,-0.707106781186548,-0.707106781186547));
#4163=DIRECTION('',(-0.223719459570028,0.689184156597384,0.689184156597384));
#4164=DIRECTION('',(0.,-0.707106781186547,0.707106781186548));
#4165=DIRECTION('',(0.,-0.707106781186548,-0.707106781186547));
#4166=DIRECTION('',(1.,0.,0.));
#4167=DIRECTION('',(0.,-0.707106781186547,0.707106781186548));
#4168=DIRECTION('',(0.,-0.707106781186548,-0.707106781186547));
#4169=DIRECTION('',(-0.223719459570022,-0.689184156597385,-0.689184156597385));
#4170=DIRECTION('',(0.,-0.707106781186547,0.707106781186548));
#4171=DIRECTION('',(0.,-0.707106781186548,-0.707106781186547));
#4172=DIRECTION('',(-0.477173794709817,-0.62141176752707,-0.621411767527069));
#4173=DIRECTION('',(0.,-0.707106781186547,0.707106781186548));
#4174=DIRECTION('',(0.,-0.707106781186548,-0.707106781186547));
#4175=DIRECTION('',(-0.223719459570022,-0.689184156597385,-0.689184156597385));
#4176=DIRECTION('',(-1.,0.,0.));
#4177=DIRECTION('',(-0.223719459570028,0.689184156597384,0.689184156597384));
#4178=DIRECTION('',(-0.477173794709818,0.621411767527069,0.621411767527069));
#4179=DIRECTION('',(0.,0.,-1.));
#4180=DIRECTION('',(-1.,0.,0.));
#4181=DIRECTION('',(1.,0.,0.));
#4182=DIRECTION('',(-1.,0.,0.));
#4183=DIRECTION('',(0.,0.104528463267654,-0.994521895368273));
#4184=DIRECTION('',(0.,0.994521895368273,0.104528463267654));
#4185=DIRECTION('',(-0.874038312075787,0.483195429200029,0.0507858860699395));
#4186=DIRECTION('',(0.50595657462414,-0.857833763186875,-0.090161961664834));
#4187=DIRECTION('',(-0.874038312075787,0.483195429200029,0.0507858860699395));
#4188=DIRECTION('',(-1.,0.,0.));
#4189=DIRECTION('',(0.874038312075787,0.483195429200029,0.0507858860699395));
#4190=DIRECTION('',(0.,-0.994521895368273,-0.104528463267654));
#4191=DIRECTION('',(0.505956574624143,0.857833763186874,0.0901619616648339));
#4192=DIRECTION('',(0.874038312075787,0.483195429200029,0.0507858860699395));
#4193=DIRECTION('',(-1.,0.,0.));
#4194=DIRECTION('',(0.,0.707106781186549,0.707106781186546));
#4195=DIRECTION('',(0.,-0.707106781186546,0.707106781186549));
#4196=DIRECTION('',(0.787806079377245,-0.435523582195185,0.435523582195187));
#4197=DIRECTION('',(-0.787806079377245,-0.435523582195185,0.435523582195187));
#4198=DIRECTION('',(-1.,0.,0.));
#4199=DIRECTION('',(0.,1.,0.));
#4200=DIRECTION('',(0.,0.,1.));
#4201=DIRECTION('',(0.,0.,1.));
#4202=DIRECTION('',(0.,0.,1.));
#4203=DIRECTION('',(-1.,0.,0.));
#4204=DIRECTION('',(0.,0.707106781186548,-0.707106781186547));
#4205=DIRECTION('',(0.,0.707106781186547,0.707106781186548));
#4206=DIRECTION('',(-0.787806079377245,0.435523582195185,0.435523582195186));
#4207=DIRECTION('',(0.787806079377245,0.435523582195186,0.435523582195186));
#4208=DIRECTION('',(-1.,0.,0.));
#4209=DIRECTION('',(0.,0.917024118931704,0.39883175061363));
#4210=DIRECTION('',(0.,-0.39883175061363,0.917024118931704));
#4211=DIRECTION('',(-0.585071052936283,-0.32344538520818,0.743690087202702));
#4212=DIRECTION('',(-0.379820460400507,-0.368943388525219,0.848302536790193));
#4213=DIRECTION('',(-1.,0.,0.));
#4214=DIRECTION('',(-0.37982046040051,0.368943388525218,-0.848302536790192));
#4215=DIRECTION('',(0.585071052936283,-0.32344538520818,0.743690087202702));
#4216=DIRECTION('',(0.,0.216351588961817,0.976315517624142));
#4217=DIRECTION('',(0.,-0.976315517624142,0.216351588961817));
#4218=DIRECTION('',(-1.,0.,0.));
#4219=DIRECTION('',(0.,0.216351588961817,0.976315517624142));
#4220=DIRECTION('',(0.,0.976315517624142,-0.216351588961817));
#4221=DIRECTION('',(0.,0.216351588961817,0.976315517624142));
#4222=DIRECTION('',(0.,-0.976315517624142,0.216351588961817));
#4223=DIRECTION('',(-0.870180609777705,-0.481062771979065,0.106603544888154));
#4224=DIRECTION('',(0.,0.216351588961817,0.976315517624142));
#4225=DIRECTION('',(0.,-0.976315517624142,0.216351588961817));
#4226=DIRECTION('',(-1.,0.,0.));
#4227=DIRECTION('',(0.,0.216351588961817,0.976315517624142));
#4228=DIRECTION('',(0.,-0.976315517624142,0.216351588961817));
#4229=DIRECTION('',(-0.870180609777704,0.481062771979065,-0.106603544888154));
#4230=DIRECTION('',(0.,0.216351588961817,0.976315517624142));
#4231=DIRECTION('',(0.,-0.976315517624142,0.216351588961817));
#4232=DIRECTION('',(0.,0.976315517624142,-0.216351588961817));
#4233=DIRECTION('',(0.,0.216351588961817,0.976315517624142));
#4234=DIRECTION('',(0.,0.976315517624142,-0.216351588961817));
#4235=DIRECTION('',(-0.499016769517693,0.846067537726382,-0.187488627243743));
#4236=DIRECTION('',(-0.870180609777704,0.481062771979065,-0.106603544888154));
#4237=DIRECTION('',(-0.870180609777704,-0.481062771979065,0.106603544888155));
#4238=DIRECTION('',(-0.499016769517696,-0.84606753772638,0.187488627243743));
#4239=DIRECTION('',(0.,-0.42843343372326,0.903573346700807));
#4240=DIRECTION('',(0.,-0.903573346700807,-0.42843343372326));
#4241=DIRECTION('',(-1.,0.,0.));
#4242=DIRECTION('',(0.,-0.42843343372326,0.903573346700807));
#4243=DIRECTION('',(0.,-0.903573346700807,-0.42843343372326));
#4244=DIRECTION('',(0.139834871150347,0.894695591735251,0.424224005614811));
#4245=DIRECTION('',(0.,-0.42843343372326,0.903573346700807));
#4246=DIRECTION('',(0.,-0.903573346700807,-0.42843343372326));
#4247=DIRECTION('',(0.919527231033087,0.355128087964452,0.168385606651328));
#4248=DIRECTION('',(0.,-0.42843343372326,0.903573346700807));
#4249=DIRECTION('',(0.,-0.903573346700807,-0.42843343372326));
#4250=DIRECTION('',(1.,0.,0.));
#4251=DIRECTION('',(0.,-0.42843343372326,0.903573346700807));
#4252=DIRECTION('',(0.,-0.903573346700807,-0.42843343372326));
#4253=DIRECTION('',(0.919527231033088,-0.35512808796445,-0.168385606651327));
#4254=DIRECTION('',(0.,-0.42843343372326,0.903573346700807));
#4255=DIRECTION('',(0.,-0.903573346700807,-0.42843343372326));
#4256=DIRECTION('',(0.139834871150352,-0.89469559173525,-0.424224005614811));
#4257=DIRECTION('',(0.,-0.42843343372326,0.903573346700807));
#4258=DIRECTION('',(0.,-0.903573346700807,-0.42843343372326));
#4259=DIRECTION('',(0.139834871150352,-0.89469559173525,-0.424224005614811));
#4260=DIRECTION('',(-0.919527231033088,0.355128087964451,0.168385606651327));
#4261=DIRECTION('',(0.139834871150347,0.894695591735251,0.424224005614811));
#4262=DIRECTION('',(-0.988005517029518,0.154418581521901,0.));
#4263=DIRECTION('',(-0.154418581521901,-0.988005517029518,0.));
#4264=DIRECTION('',(-0.988005517029518,0.154418581521901,0.));
#4265=DIRECTION('',(-0.154418581521901,-0.988005517029517,0.));
#4266=DIRECTION('',(-0.139834871150347,-0.894695591735251,-0.424224005614811));
#4267=DIRECTION('',(0.,0.,-1.));
#4268=DIRECTION('',(-0.988005517029518,0.154418581521901,0.));
#4269=DIRECTION('',(0.154418581521901,0.988005517029517,0.));
#4270=DIRECTION('',(-0.360272344100434,0.932847167587692,0.));
#4271=DIRECTION('',(-0.932847167587692,-0.360272344100434,0.));
#4272=DIRECTION('',(0.9045104901427,0.349328513683362,-0.244602458592684));
#4273=DIRECTION('',(0.,0.,1.));
#4274=DIRECTION('',(0.360272344100432,0.932847167587692,0.));
#4275=DIRECTION('',(-0.932847167587692,0.360272344100432,0.));
#4276=DIRECTION('',(-0.732835766881087,0.28302649002798,-0.61874691491938));
#4277=DIRECTION('',(0.,0.,-1.));
#4278=DIRECTION('',(0.988005517029517,0.154418581521906,0.));
#4279=DIRECTION('',(-0.154418581521906,0.988005517029517,0.));
#4280=DIRECTION('',(0.988005517029517,0.154418581521906,0.));
#4281=DIRECTION('',(0.154418581521906,-0.988005517029517,0.));
#4282=DIRECTION('',(0.988005517029517,0.154418581521906,0.));
#4283=DIRECTION('',(0.154418581521906,-0.988005517029517,0.));
#4284=DIRECTION('',(0.988005517029517,0.154418581521906,0.));
#4285=DIRECTION('',(0.154418581521906,-0.988005517029517,0.));
#4286=DIRECTION('',(0.,0.,1.));
#4287=DIRECTION('',(-0.139834871150352,0.89469559173525,0.424224005614811));
#4288=DIRECTION('',(-0.483819767512069,0.875167659688455,0.));
#4289=DIRECTION('',(-0.875167659688455,-0.483819767512069,0.));
#4290=DIRECTION('',(0.,0.,1.));
#4291=DIRECTION('',(0.870180609777704,0.481062771979065,-0.106603544888154));
#4292=DIRECTION('',(-0.483819767512069,-0.875167659688455,0.));
#4293=DIRECTION('',(0.875167659688455,-0.483819767512069,0.));
#4294=DIRECTION('',(0.870180609777704,-0.481062771979065,0.106603544888155));
#4295=DIRECTION('',(0.,0.,-1.));
#4296=DIRECTION('',(0.793138912352815,0.,0.609040775081435));
#4297=DIRECTION('',(0.609040775081435,0.,-0.793138912352815));
#4298=DIRECTION('',(-0.507020126563394,-0.554040633868306,0.660279915855727));
#4299=DIRECTION('',(0.793138912352815,0.,0.609040775081435));
#4300=DIRECTION('',(0.609040775081435,0.,-0.793138912352815));
#4301=DIRECTION('',(0.597536092454123,-0.193449873107409,-0.778156645418765));
#4302=DIRECTION('',(0.793138912352815,0.,0.609040775081435));
#4303=DIRECTION('',(0.609040775081435,0.,-0.793138912352815));
#4304=DIRECTION('',(0.597536092454123,-0.193449873107409,-0.778156645418765));
#4305=DIRECTION('',(0.793138912352815,0.,0.609040775081435));
#4306=DIRECTION('',(0.609040775081435,0.,-0.793138912352815));
#4307=DIRECTION('',(0.477173794709818,-0.62141176752707,-0.621411767527069));
#4308=DIRECTION('',(0.793138912352815,0.,0.609040775081435));
#4309=DIRECTION('',(0.609040775081435,0.,-0.793138912352815));
#4310=DIRECTION('',(0.,-1.,0.));
#4311=DIRECTION('',(0.793138912352815,0.,0.609040775081435));
#4312=DIRECTION('',(0.609040775081435,0.,-0.793138912352815));
#4313=DIRECTION('',(-0.360272344100434,0.932847167587692,0.));
#4314=DIRECTION('',(-0.932847167587692,-0.360272344100434,0.));
#4315=DIRECTION('',(-0.919527231033087,-0.355128087964452,-0.168385606651328));
#4316=DIRECTION('',(0.,0.,1.));
#4317=DIRECTION('',(1.,0.,0.));
#4318=DIRECTION('',(-1.,0.,0.));
#4319=DIRECTION('',(0.,-1.,0.));
#4320=DIRECTION('',(1.,0.,0.));
#4321=DIRECTION('',(0.,1.,0.));
#4322=DIRECTION('',(0.,0.216351588961817,0.976315517624142));
#4323=DIRECTION('',(0.,0.,1.));
#4324=DIRECTION('',(1.,0.,0.));
#4325=DIRECTION('',(0.,0.,-1.));
#4326=DIRECTION('',(1.,0.,0.));
#4327=DIRECTION('',(0.,0.,-1.));
#4328=DIRECTION('',(0.,0.,-1.));
#4329=DIRECTION('',(1.,0.,0.));
#4330=DIRECTION('',(0.,0.,-1.));
#4331=DIRECTION('',(0.,-1.,0.));
#4332=DIRECTION('',(1.,0.,0.));
#4333=DIRECTION('',(0.,0.,-1.));
#4334=DIRECTION('',(0.,-1.,0.));
#4335=DIRECTION('',(1.,0.,0.));
#4336=DIRECTION('',(0.,0.,-1.));
#4337=DIRECTION('',(0.,-0.903573346700807,-0.42843343372326));
#4338=DIRECTION('',(0.,0.707106781186548,0.707106781186547));
#4339=DIRECTION('',(1.,0.,0.));
#4340=DIRECTION('',(0.,2.3225020183831E-17,1.));
#4341=DIRECTION('',(0.,1.,0.));
#4342=DIRECTION('',(1.,0.,0.));
#4343=DIRECTION('',(0.,-4.55726065498943E-17,1.));
#4344=DIRECTION('',(0.,0.766044443118978,0.64278760968654));
#4345=DIRECTION('',(1.,0.,0.));
#4346=DIRECTION('',(0.,1.,0.));
#4347=DIRECTION('',(0.,0.,1.));
#4348=DIRECTION('',(1.,0.,0.));
#4349=DIRECTION('',(0.,0.,-1.));
#4350=DIRECTION('',(0.,-0.707106781186547,0.707106781186548));
#4351=DIRECTION('',(0.,-0.707106781186548,-0.707106781186547));
#4352=DIRECTION('',(0.477173794709817,-0.62141176752707,-0.621411767527069));
#4353=DIRECTION('',(0.,-0.707106781186547,0.707106781186548));
#4354=DIRECTION('',(0.,-0.707106781186548,-0.707106781186547));
#4355=DIRECTION('',(1.,0.,0.));
#4356=DIRECTION('',(0.,-0.707106781186547,0.707106781186548));
#4357=DIRECTION('',(0.,-0.707106781186548,-0.707106781186547));
#4358=DIRECTION('',(0.477173794709817,0.62141176752707,0.621411767527069));
#4359=DIRECTION('',(0.,-0.707106781186547,0.707106781186548));
#4360=DIRECTION('',(0.,-0.707106781186548,-0.707106781186547));
#4361=DIRECTION('',(0.223719459570022,0.689184156597385,0.689184156597385));
#4362=DIRECTION('',(0.,-0.707106781186547,0.707106781186548));
#4363=DIRECTION('',(0.,-0.707106781186548,-0.707106781186547));
#4364=DIRECTION('',(-1.,0.,0.));
#4365=DIRECTION('',(0.,-0.707106781186547,0.707106781186548));
#4366=DIRECTION('',(0.,-0.707106781186548,-0.707106781186547));
#4367=DIRECTION('',(0.223719459570028,-0.689184156597384,-0.689184156597384));
#4368=DIRECTION('',(0.,-0.707106781186547,0.707106781186548));
#4369=DIRECTION('',(0.,-0.707106781186548,-0.707106781186547));
#4370=DIRECTION('',(0.477173794709818,0.621411767527069,0.621411767527069));
#4371=DIRECTION('',(-1.,0.,0.));
#4372=DIRECTION('',(0.,0.707106781186549,0.707106781186546));
#4373=DIRECTION('',(0.,-0.707106781186546,0.707106781186549));
#4374=DIRECTION('',(0.787806079377245,-0.435523582195185,0.435523582195187));
#4375=DIRECTION('',(-1.,0.,0.));
#4376=DIRECTION('',(-0.787806079377245,-0.435523582195185,0.435523582195187));
#4377=DIRECTION('',(0.,1.,0.));
#4378=DIRECTION('',(0.,0.,1.));
#4379=DIRECTION('',(0.,0.,1.));
#4380=DIRECTION('',(-1.,0.,0.));
#4381=DIRECTION('',(0.,0.,1.));
#4382=DIRECTION('',(0.,0.707106781186548,-0.707106781186547));
#4383=DIRECTION('',(0.,0.707106781186547,0.707106781186548));
#4384=DIRECTION('',(-0.787806079377245,0.435523582195185,0.435523582195186));
#4385=DIRECTION('',(-1.,0.,0.));
#4386=DIRECTION('',(0.787806079377245,0.435523582195186,0.435523582195186));
#4387=DIRECTION('',(0.,0.917024118931704,0.39883175061363));
#4388=DIRECTION('',(0.,-0.39883175061363,0.917024118931704));
#4389=DIRECTION('',(0.585071052936283,-0.32344538520818,0.743690087202702));
#4390=DIRECTION('',(-0.585071052936283,-0.32344538520818,0.743690087202702));
#4391=DIRECTION('',(0.,0.216351588961817,0.976315517624142));
#4392=DIRECTION('',(0.,-0.976315517624142,0.216351588961817));
#4393=DIRECTION('',(0.,-0.42843343372326,0.903573346700807));
#4394=DIRECTION('',(0.,-0.903573346700807,-0.42843343372326));
#4395=DIRECTION('',(-1.,0.,0.));
#4396=DIRECTION('',(0.,-0.42843343372326,0.903573346700807));
#4397=DIRECTION('',(0.,-0.903573346700807,-0.42843343372326));
#4398=DIRECTION('',(0.139834871150352,-0.89469559173525,-0.424224005614811));
#4399=DIRECTION('',(0.,-0.42843343372326,0.903573346700807));
#4400=DIRECTION('',(0.,-0.903573346700807,-0.42843343372326));
#4401=DIRECTION('',(0.919527231033088,-0.35512808796445,-0.168385606651327));
#4402=DIRECTION('',(-0.919527231033088,0.355128087964451,0.168385606651327));
#4403=DIRECTION('',(-0.139834871150352,0.89469559173525,0.424224005614811));
#4404=DIRECTION('',(0.919527231033087,0.355128087964452,0.168385606651328));
#4405=DIRECTION('',(0.,-0.42843343372326,0.903573346700807));
#4406=DIRECTION('',(0.,-0.903573346700807,-0.42843343372326));
#4407=DIRECTION('',(0.139834871150347,0.894695591735251,0.424224005614811));
#4408=DIRECTION('',(0.,-0.42843343372326,0.903573346700807));
#4409=DIRECTION('',(0.,-0.903573346700807,-0.42843343372326));
#4410=DIRECTION('',(-0.988005517029518,0.154418581521901,0.));
#4411=DIRECTION('',(-0.154418581521901,-0.988005517029518,0.));
#4412=DIRECTION('',(0.,0.,1.));
#4413=DIRECTION('',(-0.360272344100434,0.932847167587692,0.));
#4414=DIRECTION('',(-0.932847167587692,-0.360272344100434,0.));
#4415=DIRECTION('',(0.360272344100432,0.932847167587692,0.));
#4416=DIRECTION('',(-0.932847167587692,0.360272344100432,0.));
#4417=DIRECTION('',(0.988005517029517,0.154418581521906,0.));
#4418=DIRECTION('',(-0.154418581521906,0.988005517029517,0.));
#4419=DIRECTION('',(-0.483819767512069,0.875167659688455,0.));
#4420=DIRECTION('',(-0.875167659688455,-0.483819767512069,0.));
#4421=DIRECTION('',(-0.483819767512069,0.875167659688455,0.));
#4422=DIRECTION('',(0.875167659688455,0.483819767512069,0.));
#4423=DIRECTION('',(-0.483819767512069,-0.875167659688455,0.));
#4424=DIRECTION('',(0.875167659688455,-0.483819767512069,0.));
#4425=DIRECTION('',(-0.483819767512069,-0.875167659688455,0.));
#4426=DIRECTION('',(0.875167659688455,-0.483819767512069,0.));
#4427=DIRECTION('',(0.793138912352815,0.,-0.609040775081434));
#4428=DIRECTION('',(-0.609040775081434,0.,-0.793138912352815));
#4429=DIRECTION('',(0.793138912352815,0.,-0.609040775081434));
#4430=DIRECTION('',(-0.609040775081434,0.,-0.793138912352815));
#4431=DIRECTION('',(0.597536092454124,0.193449873107398,0.778156645418767));
#4432=DIRECTION('',(0.793138912352815,0.,-0.609040775081434));
#4433=DIRECTION('',(-0.609040775081434,0.,-0.793138912352815));
#4434=DIRECTION('',(0.477173794709818,0.62141176752707,0.621411767527069));
#4435=DIRECTION('',(0.793138912352815,0.,-0.609040775081434));
#4436=DIRECTION('',(-0.609040775081434,0.,-0.793138912352815));
#4437=DIRECTION('',(0.,1.,0.));
#4438=DIRECTION('',(0.793138912352815,0.,-0.609040775081434));
#4439=DIRECTION('',(-0.609040775081434,0.,-0.793138912352815));
#4440=DIRECTION('',(-0.507020126563394,0.554040633868306,-0.660279915855727));
#4441=DIRECTION('',(0.793138912352815,0.,-0.609040775081434));
#4442=DIRECTION('',(-0.609040775081434,0.,-0.793138912352815));
#4443=DIRECTION('',(1.,0.,0.));
#4444=DIRECTION('',(0.,0.,-1.));
#4445=DIRECTION('',(1.,0.,0.));
#4446=DIRECTION('',(0.,0.,-1.));
#4447=DIRECTION('',(1.,0.,0.));
#4448=DIRECTION('',(0.,0.,-1.));
#4449=DIRECTION('',(1.,0.,0.));
#4450=DIRECTION('',(0.,0.,-1.));
#4451=DIRECTION('',(1.,0.,0.));
#4452=DIRECTION('',(0.,0.,-1.));
#4453=DIRECTION('',(1.,0.,0.));
#4454=DIRECTION('',(0.,0.,-1.));
#4455=DIRECTION('',(-1.,0.,0.));
#4456=DIRECTION('',(0.,0.,1.));
#4457=DIRECTION('',(1.,0.,0.));
#4458=DIRECTION('',(0.,0.,-1.));
#4459=DIRECTION('',(-0.676602456040824,-0.399146662873784,0.618781914729452));
#4460=DIRECTION('',(0.139834871150352,-0.89469559173525,-0.424224005614811));
#4461=DIRECTION('',(-0.617340414270622,0.765540912167536,-0.181212374593662));
#4462=DIRECTION('',(0.778428586065792,0.627733172929081,0.));
#4463=DIRECTION('',(0.,0.,1.));
#4464=DIRECTION('',(-0.410795677955775,0.50941245825984,-0.756138782461608));
#4465=DIRECTION('',(-0.20561432555607,-0.859744796950794,-0.467505757442794));
#4466=DIRECTION('',(-0.904510490142701,0.349328513683361,-0.244602458592683));
#4467=DIRECTION('',(0.205614325556075,-0.859744796950798,-0.467505757442785));
#4468=DIRECTION('',(-0.9045104901427,-0.349328513683362,0.244602458592684));
#4469=DIRECTION('',(0.410795677955772,0.509412458259835,-0.756138782461613));
#4470=DIRECTION('',(-0.778428586065791,0.627733172929082,0.));
#4471=DIRECTION('',(0.,0.,1.));
#4472=DIRECTION('',(0.617340414270623,0.765540912167535,-0.181212374593663));
#4473=DIRECTION('',(0.676602456040821,-0.399146662873782,0.618781914729456));
#4474=DIRECTION('',(0.139834871150347,0.894695591735251,0.424224005614811));
#4475=DIRECTION('',(-1.,0.,0.));
#4476=DIRECTION('',(0.,0.,1.));
#4477=DIRECTION('',(0.,0.903573346700807,0.42843343372326));
#4478=DIRECTION('',(0.,-0.42843343372326,0.903573346700807));
#4479=DIRECTION('',(1.,0.,0.));
#4480=DIRECTION('',(0.,0.,-1.));
#4481=DIRECTION('',(0.,0.42843343372326,-0.903573346700807));
#4482=DIRECTION('',(0.,-0.903573346700807,-0.42843343372326));
#4483=DIRECTION('',(0.,1.,0.));
#4484=DIRECTION('',(0.,0.,1.));
#4485=DIRECTION('',(0.,0.,-1.));
#4486=DIRECTION('',(1.,0.,0.));
#4487=DIRECTION('',(1.,0.,0.));
#4488=DIRECTION('',(0.,1.,0.));
#4489=DIRECTION('',(0.,0.,1.));
#4490=DIRECTION('',(1.,0.,0.));
#4491=DIRECTION('',(0.,0.,-1.));
#4492=DIRECTION('',(1.,0.,0.));
#4493=DIRECTION('',(1.,0.,0.));
#4494=DIRECTION('',(1.,0.,0.));
#4495=DIRECTION('',(0.,-1.,0.));
#4496=DIRECTION('',(0.,0.,-1.));
#4497=DIRECTION('',(-1.,0.,0.));
#4498=DIRECTION('',(-1.,0.,0.));
#4499=DIRECTION('',(0.,0.,-1.));
#4500=DIRECTION('',(0.,-1.,0.));
#4501=DIRECTION('',(0.,0.,-1.));
#4502=DIRECTION('',(-1.,0.,0.));
#4503=DIRECTION('',(0.,0.,-1.));
#4504=DIRECTION('',(1.,0.,0.));
#4505=DIRECTION('',(-1.,0.,0.));
#4506=DIRECTION('',(-1.,0.,0.));
#4507=DIRECTION('',(-1.,0.,0.));
#4508=DIRECTION('',(0.,0.,1.));
#4509=DIRECTION('',(1.,0.,0.));
#4510=DIRECTION('',(0.,0.,-1.));
#4511=DIRECTION('',(-1.,0.,0.));
#4512=DIRECTION('',(0.,0.,1.));
#4513=DIRECTION('',(1.,0.,0.));
#4514=DIRECTION('',(0.,0.,-1.));
#4515=DIRECTION('',(-0.460268782082402,0.870828131541492,0.172658661978881));
#4516=DIRECTION('',(-0.870180609777704,-0.481062771979065,0.106603544888154));
#4517=DIRECTION('',(-0.161134317870334,-0.273198264850976,0.948366194930459));
#4518=DIRECTION('',(0.460268782082402,0.870828131541492,0.172658661978878));
#4519=DIRECTION('',(-0.870180609777704,0.481062771979065,-0.106603544888155));
#4520=DIRECTION('',(-0.161134317870332,0.273198264850972,-0.948366194930461));
#4521=DIRECTION('',(0.,0.976315517624142,-0.216351588961817));
#4522=DIRECTION('',(0.,0.216351588961817,0.976315517624142));
#4523=DIRECTION('',(-1.38777878078145E-17,0.216351588961817,0.976315517624142));
#4524=DIRECTION('',(-1.38777878078145E-17,0.216351588961817,0.976315517624142));
#4525=DIRECTION('',(-0.49273289555996,0.849570832461612,-0.18826495760917));
#4526=DIRECTION('',(-0.865039226173524,-0.501704232771771,0.));
#4527=DIRECTION('',(-1.38777878078145E-17,0.216351588961817,0.976315517624142));
#4528=DIRECTION('',(-1.22778845237618E-17,0.216351588961817,0.976315517624142));
#4529=DIRECTION('',(0.49273289555996,0.849570832461611,-0.18826495760917));
#4530=DIRECTION('',(-0.865039226173524,0.501704232771771,0.));
#4531=DIRECTION('',(-1.56793937586593E-17,0.216351588961817,0.976315517624142));
#4532=DIRECTION('',(-1.80160595084489E-18,0.216351588961817,0.976315517624142));
#4533=DIRECTION('',(0.,0.903573346700807,0.42843343372326));
#4534=DIRECTION('',(0.,-0.42843343372326,0.903573346700807));
#4535=DIRECTION('',(-7.00774614860356E-18,-0.42843343372326,0.903573346700807));
#4536=DIRECTION('',(6.93889390390723E-18,-0.42843343372326,0.903573346700807));
#4537=DIRECTION('',(-0.990174837496068,-0.1263510625108,-0.0599099340011949));
#4538=DIRECTION('',(0.126578424358492,-0.991956603126831,0.));
#4539=DIRECTION('',(0.,-0.42843343372326,0.903573346700807));
#4540=DIRECTION('',(-6.93889390390723E-18,-0.42843343372326,0.903573346700807));
#4541=DIRECTION('',(0.,-0.903573346700807,-0.42843343372326));
#4542=DIRECTION('',(0.,0.42843343372326,-0.903573346700807));
#4543=DIRECTION('',(0.,-0.903573346700807,-0.42843343372326));
#4544=DIRECTION('',(0.,0.42843343372326,-0.903573346700807));
#4545=DIRECTION('',(0.,-0.42843343372326,0.903573346700807));
#4546=DIRECTION('',(-2.77555756156289E-17,-0.42843343372326,0.903573346700807));
#4547=DIRECTION('',(0.,-0.903573346700807,-0.42843343372326));
#4548=DIRECTION('',(0.,0.42843343372326,-0.903573346700807));
#4549=DIRECTION('',(0.990174837496069,-0.126351062510796,-0.059909934001193));
#4550=DIRECTION('',(0.126578424358488,0.991956603126832,0.));
#4551=DIRECTION('',(-8.91676536126585E-19,-0.42843343372326,0.903573346700807));
#4552=DIRECTION('',(1.29861112716879E-17,-0.42843343372326,0.903573346700807));
#4553=DIRECTION('',(0.393026298596701,-0.830860297527093,-0.393956208993547));
#4554=DIRECTION('',(0.,0.42843343372326,-0.903573346700807));
#4555=DIRECTION('',(0.393026298596701,-0.830860297527093,-0.393956208993547));
#4556=DIRECTION('',(0.919527231033087,0.355128087964452,0.168385606651328));
#4557=DIRECTION('',(-5.93823331636594E-18,-0.42843343372326,0.903573346700807));
#4558=DIRECTION('',(2.18173422992629E-17,-0.42843343372326,0.903573346700807));
#4559=DIRECTION('',(-0.393026298596699,-0.830860297527094,-0.393956208993547));
#4560=DIRECTION('',(0.,0.42843343372326,-0.903573346700807));
#4561=DIRECTION('',(5.93823331636606E-18,-0.42843343372326,0.903573346700807));
#4562=DIRECTION('',(-3.70466529230591E-18,-0.42843343372326,0.903573346700807));
#4563=DIRECTION('',(-0.393026298596699,-0.830860297527094,-0.393956208993547));
#4564=DIRECTION('',(0.919527231033088,-0.35512808796445,-0.168385606651327));
#4565=DIRECTION('',(-0.86193421515777,0.32590625521665,-0.388399950503369));
#4566=DIRECTION('',(-0.410830433301284,0.,0.91171177192876));
#4567=DIRECTION('',(-2.43131755918323E-17,0.766044443118978,0.64278760968654));
#4568=DIRECTION('',(-2.43131755918323E-17,0.766044443118978,0.64278760968654));
#4569=DIRECTION('',(-0.86193421515777,-0.32590625521665,0.388399950503369));
#4570=DIRECTION('',(0.410830433301284,0.,0.91171177192876));
#4571=DIRECTION('',(-3.19773662540717E-17,0.766044443118978,0.64278760968654));
#4572=DIRECTION('',(-0.86193421515777,-0.32590625521665,0.388399950503369));
#4573=DIRECTION('',(-0.507020126563394,0.554040633868306,-0.660279915855727));
#4574=DIRECTION('',(-8.05388596956244E-18,0.766044443118978,0.64278760968654));
#4575=DIRECTION('',(0.,-0.642787609686539,0.766044443118978));
#4576=DIRECTION('',(0.,-0.766044443118978,-0.642787609686539));
#4577=DIRECTION('',(-3.2201501144201E-17,0.766044443118978,0.642787609686539));
#4578=DIRECTION('',(4.44592552857209E-18,0.766044443118978,0.642787609686539));
#4579=DIRECTION('',(-0.609040775081434,0.,-0.793138912352815));
#4580=DIRECTION('',(-0.793138912352815,0.,0.609040775081434));
#4581=DIRECTION('',(-0.793138912352815,-1.71479919278888E-16,0.609040775081434));
#4582=DIRECTION('',(-0.793138912352815,-8.63600206269195E-17,0.609040775081434));
#4583=DIRECTION('',(-0.466552301384008,0.64278760968654,-0.607579656429304));
#4584=DIRECTION('',(0.,0.686923735829353,0.726729510309197));
#4585=DIRECTION('',(-0.793138912352815,-6.34374558265171E-17,0.609040775081434));
#4586=DIRECTION('',(-0.793138912352815,-6.34374558265171E-17,0.609040775081434));
#4587=DIRECTION('',(-0.505717262928925,-0.55724158248657,-0.658583228395272));
#4588=DIRECTION('',(0.,0.763398373757706,-0.645927954917644));
#4589=DIRECTION('',(-0.793138912352815,9.41744353335905E-18,0.609040775081434));
#4590=DIRECTION('',(-0.793138912352815,-2.52977726682789E-16,0.609040775081435));
#4591=DIRECTION('',(0.609040775081434,0.,0.793138912352815));
#4592=DIRECTION('',(0.793138912352815,0.,-0.609040775081434));
#4593=DIRECTION('',(-0.793138912352815,0.,0.609040775081434));
#4594=DIRECTION('',(-0.793138912352815,0.,0.609040775081434));
#4595=DIRECTION('',(0.378465104539411,-0.783484151198276,0.49286585341966));
#4596=DIRECTION('',(0.,-0.532473604372842,-0.846446608266697));
#4597=DIRECTION('',(-0.793138912352815,0.,0.609040775081434));
#4598=DIRECTION('',(-0.793138912352815,0.,0.609040775081434));
#4599=DIRECTION('',(0.337433337077763,0.832489625174276,0.439431185745572));
#4600=DIRECTION('',(0.,-0.466809851168404,0.884357712044245));
#4601=DIRECTION('',(-0.793138912352815,1.20180490578634E-16,0.609040775081434));
#4602=DIRECTION('',(-0.793138912352815,-9.29869374975547E-18,0.609040775081435));
#4603=DIRECTION('',(0.117818860656735,-0.981110160274947,0.153432621951192));
#4604=DIRECTION('',(0.,-0.154508759524838,-0.987991418601445));
#4605=DIRECTION('',(-0.793138912352815,-1.67548012664686E-17,0.609040775081434));
#4606=DIRECTION('',(-0.793138912352815,-2.80177248030568E-17,0.609040775081434));
#4607=DIRECTION('',(-0.609040775081435,0.,0.793138912352815));
#4608=DIRECTION('',(0.793138912352815,0.,0.609040775081435));
#4609=DIRECTION('',(0.793138912352815,1.41449842940423E-17,0.609040775081435));
#4610=DIRECTION('',(0.793138912352815,-2.77555756156289E-17,0.609040775081435));
#4611=DIRECTION('',(-0.117818860656742,-0.981110160274945,0.1534326219512));
#4612=DIRECTION('',(0.,-0.154508759524848,-0.987991418601444));
#4613=DIRECTION('',(0.793138912352814,8.30045776594588E-17,0.609040775081435));
#4614=DIRECTION('',(0.793138912352815,1.38777878078145E-17,0.609040775081435));
#4615=DIRECTION('',(-0.337433337077763,0.832489625174276,0.439431185745572));
#4616=DIRECTION('',(0.,-0.466809851168404,0.884357712044245));
#4617=DIRECTION('',(0.793138912352814,-4.00541271646809E-17,0.609040775081435));
#4618=DIRECTION('',(0.793138912352814,-7.08095605796065E-17,0.609040775081435));
#4619=DIRECTION('',(-0.378465104539411,-0.783484151198276,0.49286585341966));
#4620=DIRECTION('',(0.,-0.532473604372841,-0.846446608266697));
#4621=DIRECTION('',(0.793138912352815,9.22635514472695E-17,0.609040775081435));
#4622=DIRECTION('',(0.793138912352815,-4.65143266308751E-17,0.609040775081435));
#4623=DIRECTION('',(-0.609040775081435,0.,0.793138912352815));
#4624=DIRECTION('',(0.793138912352815,0.,0.609040775081435));
#4625=DIRECTION('',(0.793138912352815,-7.08516581303629E-17,0.609040775081435));
#4626=DIRECTION('',(0.793138912352815,-2.77555756156289E-17,0.609040775081435));
#4627=DIRECTION('',(0.878808949455019,0.337412826043829,0.337412826043829));
#4628=DIRECTION('',(-0.358432460120611,0.933555660650122,0.));
#4629=DIRECTION('',(-2.98521940490686E-17,-0.707106781186547,0.707106781186548));
#4630=DIRECTION('',(2.43918482482901E-17,-0.707106781186547,0.707106781186548));
#4631=DIRECTION('',(0.974653581232683,0.158193546945357,0.158193546945357));
#4632=DIRECTION('',(-0.16021090290129,0.987082806349879,0.));
#4633=DIRECTION('',(-4.05262525905369E-17,-0.707106781186547,0.707106781186548));
#4634=DIRECTION('',(-2.77555756156289E-17,-0.707106781186547,0.707106781186548));
#4635=DIRECTION('',(0.,-0.707106781186548,-0.707106781186547));
#4636=DIRECTION('',(0.,0.707106781186547,-0.707106781186548));
#4637=DIRECTION('',(-2.84773750900554E-17,-0.707106781186547,0.707106781186548));
#4638=DIRECTION('',(3.60899737213229E-19,-0.707106781186547,0.707106781186548));
#4639=DIRECTION('',(-0.974653581232685,0.158193546945352,0.158193546945352));
#4640=DIRECTION('',(-0.160210902901285,-0.98708280634988,0.));
#4641=DIRECTION('',(-2.77555756156289E-17,-0.707106781186547,0.707106781186548));
#4642=DIRECTION('',(-7.1954912926227E-17,-0.707106781186548,0.707106781186548));
#4643=DIRECTION('',(-0.878808949455019,0.337412826043829,0.337412826043829));
#4644=DIRECTION('',(-0.358432460120611,-0.933555660650122,0.));
#4645=DIRECTION('',(-8.66304542142255E-17,-0.707106781186548,0.707106781186548));
#4646=DIRECTION('',(3.32159214164073E-17,-0.707106781186547,0.707106781186548));
#4647=DIRECTION('',(0.,0.707106781186548,0.707106781186547));
#4648=DIRECTION('',(0.,-0.707106781186547,0.707106781186548));
#4649=DIRECTION('',(-3.82759798864669E-18,-0.707106781186547,0.707106781186548));
#4650=DIRECTION('',(6.69939451971979E-17,-0.707106781186547,0.707106781186548));
#4651=DIRECTION('',(0.86134190874242,0.508025704314224,0.));
#4652=DIRECTION('',(0.,0.,-1.));
#4653=DIRECTION('',(-0.861341908742419,0.508025704314227,0.));
#4654=DIRECTION('',(0.,0.,-1.));
#4655=DIRECTION('',(1.,0.,0.));
#4656=DIRECTION('',(0.,0.,-1.));
#4657=DIRECTION('',(1.,0.,0.));
#4658=DIRECTION('',(0.,0.,-1.));
#4659=DIRECTION('',(-1.,0.,0.));
#4660=DIRECTION('',(0.,0.,1.));
#4661=DIRECTION('',(1.,0.,0.));
#4662=DIRECTION('',(0.,0.,-1.));
#4663=DIRECTION('',(0.,0.,-1.));
#4664=DIRECTION('',(-1.,0.,0.));
#4665=DIRECTION('',(-1.,0.,0.));
#4666=DIRECTION('',(0.,-1.,0.));
#4667=DIRECTION('',(-1.,0.,0.));
#4668=DIRECTION('',(0.,0.,1.));
#4669=DIRECTION('',(1.,0.,0.));
#4670=DIRECTION('',(0.,0.,-1.));
#4671=DIRECTION('',(1.,0.,0.));
#4672=DIRECTION('',(0.,1.,0.));
#4673=DIRECTION('',(0.,0.,1.));
#4674=DIRECTION('',(1.,0.,0.));
#4675=DIRECTION('',(0.,-1.,0.));
#4676=DIRECTION('',(1.,0.,0.));
#4677=DIRECTION('',(1.,0.,0.));
#4678=DIRECTION('',(0.,0.,-1.));
#4679=DIRECTION('',(1.,0.,0.));
#4680=DIRECTION('',(0.,0.,-1.));
#4681=DIRECTION('',(-1.,0.,0.));
#4682=DIRECTION('',(0.,-1.,0.));
#4683=DIRECTION('',(1.38777878078145E-17,-0.216351588961817,-0.976315517624142));
#4684=DIRECTION('',(0.,0.976315517624142,-0.216351588961817));
#4685=DIRECTION('',(1.38777878078145E-17,-0.216351588961817,-0.976315517624142));
#4686=DIRECTION('',(0.,0.976315517624142,-0.216351588961817));
#4687=DIRECTION('',(0.,-0.216351588961817,-0.976315517624142));
#4688=DIRECTION('',(0.,0.976315517624142,-0.216351588961817));
#4689=DIRECTION('',(0.,0.216351588961817,0.976315517624142));
#4690=DIRECTION('',(0.,-0.976315517624142,0.216351588961817));
#4691=DIRECTION('',(-1.,0.,0.));
#4692=DIRECTION('',(0.,0.,1.));
#4693=DIRECTION('',(0.,0.766044443118978,0.642787609686539));
#4694=DIRECTION('',(0.,-0.642787609686539,0.766044443118978));
#4695=DIRECTION('',(3.2201501144201E-17,-0.766044443118978,-0.642787609686539));
#4696=DIRECTION('',(0.,0.642787609686539,-0.766044443118978));
#4697=DIRECTION('',(0.,0.766044443118978,0.642787609686539));
#4698=DIRECTION('',(0.,-0.64278760968654,0.766044443118978));
#4699=DIRECTION('',(4.44592552857209E-18,0.766044443118978,0.642787609686539));
#4700=DIRECTION('',(0.,-0.642787609686539,0.766044443118978));
#4701=DIRECTION('',(-0.793138912352814,-1.08056563858587E-16,-0.609040775081435));
#4702=DIRECTION('',(-0.609040775081435,0.,0.793138912352814));
#4703=DIRECTION('',(-0.793138912352814,7.08516581303629E-17,-0.609040775081434));
#4704=DIRECTION('',(-0.609040775081435,0.,0.793138912352815));
#4705=DIRECTION('',(-0.793138912352814,2.77555756156289E-17,-0.609040775081435));
#4706=DIRECTION('',(-0.609040775081435,0.,0.793138912352814));
#4707=DIRECTION('',(0.793138912352814,1.41449842940423E-17,0.609040775081434));
#4708=DIRECTION('',(0.609040775081435,0.,-0.793138912352815));
#4709=DIRECTION('',(4.60821906985577E-17,0.707106781186547,-0.707106781186548));
#4710=DIRECTION('',(0.,0.707106781186548,0.707106781186547));
#4711=DIRECTION('',(3.82759798864669E-18,0.707106781186547,-0.707106781186548));
#4712=DIRECTION('',(0.,0.707106781186548,0.707106781186547));
#4713=DIRECTION('',(2.84773750900554E-17,0.707106781186547,-0.707106781186548));
#4714=DIRECTION('',(0.,0.707106781186548,0.707106781186547));
#4715=DIRECTION('',(-3.60899737213229E-19,0.707106781186547,-0.707106781186548));
#4716=DIRECTION('',(0.,0.707106781186548,0.707106781186547));
#4717=DIRECTION('',(1.09714114157038E-16,0.707106781186547,-0.707106781186548));
#4718=DIRECTION('',(0.,0.707106781186548,0.707106781186548));
#4719=DIRECTION('',(-6.69939451971979E-17,0.707106781186547,-0.707106781186548));
#4720=DIRECTION('',(0.,0.707106781186548,0.707106781186547));
#4721=DIRECTION('',(7.00774614860356E-18,0.42843343372326,-0.903573346700807));
#4722=DIRECTION('',(0.,0.903573346700807,0.42843343372326));
#4723=DIRECTION('',(1.47328159881643E-17,0.42843343372326,-0.903573346700807));
#4724=DIRECTION('',(0.,0.903573346700807,0.42843343372326));
#4725=DIRECTION('',(0.,0.42843343372326,-0.903573346700807));
#4726=DIRECTION('',(0.,0.903573346700807,0.42843343372326));
#4727=DIRECTION('',(2.77555756156289E-17,0.42843343372326,-0.903573346700807));
#4728=DIRECTION('',(0.,0.903573346700807,0.42843343372326));
#4729=DIRECTION('',(-3.35323462258857E-17,0.42843343372326,-0.903573346700807));
#4730=DIRECTION('',(0.,0.903573346700807,0.42843343372326));
#4731=DIRECTION('',(-6.93889390390723E-18,0.42843343372326,-0.903573346700807));
#4732=DIRECTION('',(0.,0.903573346700807,0.42843343372326));
#4733=DIRECTION('',(0.793138912352815,0.,-0.609040775081435));
#4734=DIRECTION('',(-0.609040775081434,0.,-0.793138912352815));
#4735=DIRECTION('',(0.793138912352815,-2.86121293979154E-19,-0.609040775081434));
#4736=DIRECTION('',(-0.609040775081434,0.,-0.793138912352815));
#4737=DIRECTION('',(0.793138912352815,0.,-0.609040775081434));
#4738=DIRECTION('',(-0.609040775081434,0.,-0.793138912352815));
#4739=DIRECTION('',(0.793138912352815,2.98043500335491E-17,-0.609040775081434));
#4740=DIRECTION('',(-0.609040775081434,0.,-0.793138912352815));
#4741=DIRECTION('',(0.793138912352814,1.71479919278888E-16,-0.609040775081435));
#4742=DIRECTION('',(-0.609040775081435,0.,-0.793138912352814));
#4743=DIRECTION('',(0.793138912352815,8.63600206269195E-17,-0.609040775081434));
#4744=DIRECTION('',(-0.609040775081434,0.,-0.793138912352815));
#4745=DIRECTION('',(0.793138912352815,7.4425414030091E-17,-0.609040775081435));
#4746=DIRECTION('',(-0.609040775081435,0.,-0.793138912352815));
#4747=DIRECTION('',(0.793138912352814,-2.77555756156289E-17,0.609040775081435));
#4748=DIRECTION('',(0.609040775081435,0.,-0.793138912352814));
#4749=DIRECTION('',(0.,0.903573346700807,0.42843343372326));
#4750=DIRECTION('',(0.,-0.42843343372326,0.903573346700807));
#4751=DIRECTION('',(0.,-0.903573346700807,-0.42843343372326));
#4752=DIRECTION('',(0.,0.42843343372326,-0.903573346700807));
#4753=CARTESIAN_POINT('',(0.,0.,0.));
#4754=CARTESIAN_POINT('',(0.0127458988168462,-0.0189214751171078,-0.004769709704824));
#4755=CARTESIAN_POINT('',(0.0135,-0.0140965627133583,0.00894499143373494));
#4756=CARTESIAN_POINT('',(0.0135,-0.0140965627133583,0.0104498419262241));
#4757=CARTESIAN_POINT('',(0.0135,-0.0140965627133583,0.0108472851999112));
#4758=CARTESIAN_POINT('',(0.0134999995738364,-0.0140965654400509,0.0104498419262242));
#4759=CARTESIAN_POINT('',(0.0134616885569503,-0.014341688116826,0.0104762106066755));
#4760=CARTESIAN_POINT('',(0.0134231785950715,-0.0145880836893137,0.0104918616868424));
#4761=CARTESIAN_POINT('',(0.0133844696882001,-0.0148357521575139,0.0104967951667249));
#4762=CARTESIAN_POINT('',(0.0133844696894777,-0.0148357521493395,0.010496795149064));
#4763=CARTESIAN_POINT('',(0.0132350732456459,-0.0157916248770618,0.0100435637247023));
#4764=CARTESIAN_POINT('',(0.0127458988168462,-0.0189214751171078,-0.004769709704824));
#4765=CARTESIAN_POINT('',(0.0132350732456459,-0.0157916248770618,0.0100435637247023));
#4766=CARTESIAN_POINT('',(0.0123098303522381,-0.0217115412127111,0.00723660832667368));
#4767=CARTESIAN_POINT('',(0.012107536323651,-0.0230058648254287,0.00662289886770119));
#4768=CARTESIAN_POINT('',(0.0123098303520962,-0.0217115412136192,0.00723660832863587));
#4769=CARTESIAN_POINT('',(0.012222873612742,-0.0222679103848553,0.00652849266366087));
#4770=CARTESIAN_POINT('',(0.012155442270929,-0.0226993515823806,0.00574976207584965));
#4771=CARTESIAN_POINT('',(0.0121075363266571,-0.0230058648061952,0.0049004165652022));
#4772=CARTESIAN_POINT('',(0.012107536323651,-0.0230058648254287,0.00490041656520219));
#4773=CARTESIAN_POINT('',(0.012107536323651,-0.0230058648254287,-0.004769709704824));
#4774=CARTESIAN_POINT('',(-0.0127458988168462,-0.0189214751171078,-0.004769709704824));
#4775=CARTESIAN_POINT('',(-0.012107536323651,-0.0230058648254287,-0.004769709704824));
#4776=CARTESIAN_POINT('',(-0.0121076371287578,-0.0230052198512247,0.00540929576516264));
#4777=CARTESIAN_POINT('',(-0.012107536323651,-0.0230058648254287,0.00662289886770119));
#4778=CARTESIAN_POINT('',(-0.0121077379338647,-0.0230045748770207,0.00540929576516265));
#4779=CARTESIAN_POINT('',(-0.0121464873976609,-0.0227566469163097,0.00599573845482705));
#4780=CARTESIAN_POINT('',(-0.0121947418424941,-0.0224479039059382,0.00654686861785778));
#4781=CARTESIAN_POINT('',(-0.0122525012683642,-0.022078345845906,0.00706268625425483));
#4782=CARTESIAN_POINT('',(-0.0122525012696421,-0.0220783458377297,0.00706268623658976));
#4783=CARTESIAN_POINT('',(-0.0126484595099569,-0.0195449141607343,0.00826392444978134));
#4784=CARTESIAN_POINT('',(0.0113102916314708,0.0779749585925244,0.0160610402492982));
#4785=CARTESIAN_POINT('',(0.0117670722127818,0.0139942642000056,0.0154661860650336));
#4786=CARTESIAN_POINT('',(0.0101041032072981,0.0121770732175755,0.0176318299467745));
#4787=CARTESIAN_POINT('',(0.0124852278744479,0.0147790208539524,0.0145309495033803));
#4788=CARTESIAN_POINT('',(0.0105765098792069,0.0110115877423315,0.0170166262867307));
#4789=CARTESIAN_POINT('',(0.00972385279409293,0.0110115877423315,0.0181270207640246));
#4790=CARTESIAN_POINT('',(0.00972385279409293,0.00302573730633257,0.0181270207640246));
#4791=CARTESIAN_POINT('',(0.00972385279409293,-0.00503358864362223,0.0181270207640246));
#4792=CARTESIAN_POINT('',(0.0105765098792069,-0.00503358864362223,0.0170166262867307));
#4793=CARTESIAN_POINT('',(0.0100466587328518,-0.00613046645529982,0.0177066384815182));
#4794=CARTESIAN_POINT('',(0.0101899576588829,-0.00631708114348464,0.0175200237933334));
#4795=CARTESIAN_POINT('',(0.010494043934044,-0.0067130852657217,0.0171240196710963));
#4796=CARTESIAN_POINT('',(0.0110238950803992,-0.00561620745404411,0.0164340074763088));
#4797=CARTESIAN_POINT('',(0.0108589486754797,-0.00698976167842904,0.0166488131470405));
#4798=CARTESIAN_POINT('',(0.0122331770775718,-0.00743466251933636,0.0148591890943423));
#4799=CARTESIAN_POINT('',(0.0127926881414373,-0.00761580194450887,0.0141305515140682));
#4800=CARTESIAN_POINT('',(0.0129576345463568,-0.00624224772012395,0.0139157458433365));
#4801=CARTESIAN_POINT('',(0.0135,-0.00732251015493388,0.0132094365721012));
#4802=CARTESIAN_POINT('',(0.0135,0.00753349660037634,0.0132094365721012));
#4803=CARTESIAN_POINT('',(0.0135,-0.0113344341907062,0.0132094365721012));
#4804=CARTESIAN_POINT('',(0.0126132875467669,-0.0101796902400521,0.0143641805227553));
#4805=CARTESIAN_POINT('',(0.00926061018032995,-0.00581358046763144,0.018730290295176));
#4806=CARTESIAN_POINT('',(0.00926061018032995,0.0779749585925244,0.018730290295176));
#4807=CARTESIAN_POINT('',(0.00926061018032995,0.0118656377015764,0.018730290295176));
#4808=CARTESIAN_POINT('',(0.0122876809493209,0.0151734357942943,0.0147882100346032));
#4809=CARTESIAN_POINT('',(0.0135,0.0164981840243922,0.0132094365721012));
#4810=CARTESIAN_POINT('',(0.0135,0.00753349660037634,0.0132094365721012));
#4811=CARTESIAN_POINT('',(0.0135,0.0146937978135184,0.0132094365721012));
#4812=CARTESIAN_POINT('',(0.0129576345463568,0.0136135353787084,0.0139157458433365));
#4813=CARTESIAN_POINT('',(-0.0125,0.0779749585925244,0.0169746014119204));
#4814=CARTESIAN_POINT('',(-0.0134228854461011,-0.00743466251933646,0.0157727502569644));
#4815=CARTESIAN_POINT('',(-0.0144432608272863,-0.00776500488778067,0.0144439403428554));
#4816=CARTESIAN_POINT('',(-0.0120486570440091,-0.0069897616784292,0.0175623743096625));
#4817=CARTESIAN_POINT('',(-0.0146082072322058,-0.00639145066339575,0.0142291346721238));
#4818=CARTESIAN_POINT('',(-0.015,-0.00763490222716069,0.0137189125286647));
#4819=CARTESIAN_POINT('',(-0.015,0.0779749585925244,0.0137189125286647));
#4820=CARTESIAN_POINT('',(-0.015,-0.00947412722839633,0.0137189125286647));
#4821=CARTESIAN_POINT('',(-0.0197460138564437,-0.0110106298596001,0.00753829470778423));
#4822=CARTESIAN_POINT('',(-0.011451664581424,-0.00832536810717435,0.0183398229991928));
#4823=CARTESIAN_POINT('',(-0.00661402454785602,-0.00202542775578238,0.0246397633505847));
#4824=CARTESIAN_POINT('',(-0.01,-0.00643490081119108,0.020230290295176));
#4825=CARTESIAN_POINT('',(-0.01,0.0779749585925244,0.020230290295176));
#4826=CARTESIAN_POINT('',(-0.01,0.0125650991888089,0.020230290295176));
#4827=CARTESIAN_POINT('',(-0.00543059125964011,0.0075719283415845,0.0261809195907924));
#4828=CARTESIAN_POINT('',(-0.0147204080301005,0.0177232728393118,0.0140830183159645));
#4829=CARTESIAN_POINT('',(-0.014029384804425,0.0187957350596783,0.0149829209695256));
#4830=CARTESIAN_POINT('',(-0.015,0.0181938358476566,0.0137189125286647));
#4831=CARTESIAN_POINT('',(-0.015,0.0779749585925244,0.0137189125286647));
#4832=CARTESIAN_POINT('',(-0.015,0.0157416827538194,0.0137189125286647));
#4833=CARTESIAN_POINT('',(-0.0148372490474368,0.0143674226722541,0.0139308591154644));
#4834=CARTESIAN_POINT('',(-0.0143648423755279,0.0155329081474981,0.0145460627755082));
#4835=CARTESIAN_POINT('',(-0.0129567805813111,0.0139942642000056,0.0163797472276558));
#4836=CARTESIAN_POINT('',(-0.0112938115758273,0.0121770732175755,0.0185453911093966));
#4837=CARTESIAN_POINT('',(-0.0117662182477362,0.0110115877423315,0.0179301874493528));
#4838=CARTESIAN_POINT('',(-0.0109135611626221,0.0110115877423315,0.0190405819266468));
#4839=CARTESIAN_POINT('',(-0.0109135611626221,0.00302573730633257,0.0190405819266468));
#4840=CARTESIAN_POINT('',(-0.0109135611626221,-0.00503358864362222,0.0190405819266468));
#4841=CARTESIAN_POINT('',(-0.0117662182477362,-0.00503358864362222,0.0179301874493528));
#4842=CARTESIAN_POINT('',(-0.011236367101381,-0.00613046645529981,0.0186201996441404));
#4843=CARTESIAN_POINT('',(-0.0113796660274122,-0.00631708114348472,0.0184335849559555));
#4844=CARTESIAN_POINT('',(-0.0116837523025734,-0.00671308526572186,0.0180375808337183));
#4845=CARTESIAN_POINT('',(-0.0122136034489285,-0.00561620745404427,0.0173475686389308));
#4846=CARTESIAN_POINT('',(0.015,0.0141478798652982,0.0160104199973906));
#4847=CARTESIAN_POINT('',(0.015,0.0123802139386603,0.0181170422159678));
#4848=CARTESIAN_POINT('',(0.00858162846513869,0.0123802139386603,0.0181170422159678));
#4849=CARTESIAN_POINT('',(-0.00858162846513869,0.0123802139386603,0.0181170422159678));
#4850=CARTESIAN_POINT('',(0.00858162846513869,0.0132801165922214,0.0170445799956012));
#4851=CARTESIAN_POINT('',(0.00978833636635957,0.0128238478349181,0.0175883399263059));
#4852=CARTESIAN_POINT('',(0.0120282776349614,0.0152715188745189,0.0146713191713728));
#4853=CARTESIAN_POINT('',(0.0133067079012209,0.0166685094040186,0.0130064506890214));
#4854=CARTESIAN_POINT('',(0.0121,0.0171247781613219,0.0124626907583167));
#4855=CARTESIAN_POINT('',(0.0135,0.0171247781613219,0.0124626907583167));
#4856=CARTESIAN_POINT('',(0.0135,0.0141478798652982,0.0160104199973906));
#4857=CARTESIAN_POINT('',(0.015,0.0118656377015764,0.018730290295176));
#4858=CARTESIAN_POINT('',(-0.00926061018032995,0.0118656377015764,0.018730290295176));
#4859=CARTESIAN_POINT('',(-0.00457559868711011,0.00674614322513915,0.0248314662297363));
#4860=CARTESIAN_POINT('',(-0.0135,0.0164981840243922,0.0132094365721012));
#4861=CARTESIAN_POINT('',(-0.0135,0.0141478798652982,0.0160104199973906));
#4862=CARTESIAN_POINT('',(-0.0135,0.0171247781613219,0.0124626907583167));
#4863=CARTESIAN_POINT('',(-0.0121,0.0171247781613219,0.0124626907583167));
#4864=CARTESIAN_POINT('',(-0.0133067079012209,0.0166685094040186,0.0130064506890214));
#4865=CARTESIAN_POINT('',(-0.00431619537275067,0.00684422630536379,0.0247145753665059));
#4866=CARTESIAN_POINT('',(-0.00978833636635958,0.0128238478349181,0.0175883399263059));
#4867=CARTESIAN_POINT('',(-0.00858162846513869,0.0132801165922214,0.0170445799956012));
#4868=CARTESIAN_POINT('',(0.015,-0.0160168380032913,0.00993677789116441));
#4869=CARTESIAN_POINT('',(0.015,-0.024436890640555,0.00594437143441668));
#4870=CARTESIAN_POINT('',(-0.0055,-0.024436890640555,0.00594437143441668));
#4871=CARTESIAN_POINT('',(0.0055,-0.024436890640555,0.00594437143441668));
#4872=CARTESIAN_POINT('',(0.0055,-0.0160168380032913,0.00993677789116441));
#4873=CARTESIAN_POINT('',(0.0055,-0.0255532641204976,0.00541503784453627));
#4874=CARTESIAN_POINT('',(0.015,-0.0255532641204976,0.00541503784453627));
#4875=CARTESIAN_POINT('',(-0.0055,-0.0255532641204976,0.00541503784453627));
#4876=CARTESIAN_POINT('',(-0.0055,-0.0160168380032913,0.00993677789116441));
#4877=CARTESIAN_POINT('',(0.015,0.0235222253332856,0.010965179153383));
#4878=CARTESIAN_POINT('',(0.0135,0.0329984372508902,0.00886524991052734));
#4879=CARTESIAN_POINT('',(0.013769434343354,0.0324192572745488,0.00899359623496276));
#4880=CARTESIAN_POINT('',(0.0142191930466953,0.0312448164835778,0.00925385239875544));
#4881=CARTESIAN_POINT('',(0.014580449118063,0.028699897639639,0.00981780659770633));
#4882=CARTESIAN_POINT('',(0.0140401733949044,0.026843095679213,0.0102292740457534));
#4883=CARTESIAN_POINT('',(0.0135,0.0256819311068485,0.0104865881985476));
#4884=CARTESIAN_POINT('',(0.0135,0.0329984372508902,0.00886524991052733));
#4885=CARTESIAN_POINT('',(0.0135,0.0256819311068485,0.0104865881985476));
#4886=CARTESIAN_POINT('',(0.0135,0.0235222253332856,0.010965179153383));
#4887=CARTESIAN_POINT('',(0.015,0.0235222253332856,0.010965179153383));
#4888=CARTESIAN_POINT('',(0.0135,0.0235222253332856,0.010965179153383));
#4889=CARTESIAN_POINT('',(0.0135,0.0336163963996963,0.00872831011868316));
#4890=CARTESIAN_POINT('',(0.0135,0.0353652891218495,0.00834075536560253));
#4891=CARTESIAN_POINT('',(0.0121,0.0336163963996963,0.00872831011868316));
#4892=CARTESIAN_POINT('',(0.0127898260537839,0.0348057955651426,0.00846473917803032));
#4893=CARTESIAN_POINT('',(0.0194187852334706,0.0311411017734356,0.00927683558598636));
#4894=CARTESIAN_POINT('',(0.00784166517128083,0.0375412920397692,0.00785855296240494));
#4895=CARTESIAN_POINT('',(0.00715183911749689,0.0363518928743229,0.00812212390305778));
#4896=CARTESIAN_POINT('',(0.00715183911749689,0.0377187345989967,0.00781923167851123));
#4897=CARTESIAN_POINT('',(0.015,0.0377187345989967,0.00781923167851123));
#4898=CARTESIAN_POINT('',(-0.0071518391174969,0.0377187345989967,0.00781923167851123));
#4899=CARTESIAN_POINT('',(-0.0071518391174969,0.0363518928743229,0.00812212390305778));
#4900=CARTESIAN_POINT('',(-0.00784166517128084,0.0375412920397692,0.00785855296240494));
#4901=CARTESIAN_POINT('',(0.00329764357552234,0.0436994466612984,0.00649390545512918));
#4902=CARTESIAN_POINT('',(-0.0127898260537839,0.0348057955651426,0.00846473917803032));
#4903=CARTESIAN_POINT('',(-0.0121,0.0336163963996963,0.00872831011868315));
#4904=CARTESIAN_POINT('',(-0.0135,0.0336163963996963,0.00872831011868315));
#4905=CARTESIAN_POINT('',(-0.0135,0.0235222253332856,0.010965179153383));
#4906=CARTESIAN_POINT('',(-0.0135,0.0353652891218495,0.00834075536560253));
#4907=CARTESIAN_POINT('',(0.00287951178118,0.0444203901578644,0.00633414432441059));
#4908=CARTESIAN_POINT('',(-0.00794363171640265,0.0384370214709841,0.00766005925599041));
#4909=CARTESIAN_POINT('',(0.015,0.0384370214709841,0.00766005925599041));
#4910=CARTESIAN_POINT('',(0.00794363171640264,0.0384370214709841,0.00766005925599041));
#4911=CARTESIAN_POINT('',(0.0198369170278129,0.0318620452700016,0.00911707445526777));
#4912=CARTESIAN_POINT('',(0.015,0.00657245829830668,-0.00234030742770614));
#4913=CARTESIAN_POINT('',(-0.0135,0.00657245829830668,-0.00234030742770614));
#4914=CARTESIAN_POINT('',(-0.0135,0.0210691374804376,-0.00234030742770614));
#4915=CARTESIAN_POINT('',(-0.0135,0.01215,-0.00234030742770614));
#4916=CARTESIAN_POINT('',(-0.01425,0.01215,-0.00234030742770614));
#4917=CARTESIAN_POINT('',(-0.015,0.01215,-0.00234030742770614));
#4918=CARTESIAN_POINT('',(-0.015,0.00657245829830668,-0.00234030742770614));
#4919=CARTESIAN_POINT('',(-0.015,0.0229029468741004,-0.00234030742770613));
#4920=CARTESIAN_POINT('',(-0.0779749585925244,0.0229029468741004,-0.00234030742770613));
#4921=CARTESIAN_POINT('',(-0.0149,0.0229029468741004,-0.00234030742770613));
#4922=CARTESIAN_POINT('',(-0.0149,0.0229029468741005,-0.00234030742770612));
#4923=CARTESIAN_POINT('',(-0.0144554944765117,0.0222747584146786,-0.00234030742770612));
#4924=CARTESIAN_POINT('',(-0.013984179927829,0.0216670369871096,-0.00234030742770614));
#4925=CARTESIAN_POINT('',(-0.0135,0.0210691374804376,-0.00234030742770614));
#4926=CARTESIAN_POINT('',(0.015,0.00657245829830668,-0.00234030742770614));
#4927=CARTESIAN_POINT('',(0.015,0.00657245829830668,-0.00234030742770614));
#4928=CARTESIAN_POINT('',(0.015,0.00165,-0.00234030742770614));
#4929=CARTESIAN_POINT('',(0.015,-0.00975803027748706,-0.00234030742770614));
#4930=CARTESIAN_POINT('',(0.015,-0.00975803027748706,-0.00234030742770614));
#4931=CARTESIAN_POINT('',(0.0145151587660128,-0.00914005734438844,-0.00234030742770614));
#4932=CARTESIAN_POINT('',(0.0140120301102688,-0.00853718663933791,-0.00234030742770614));
#4933=CARTESIAN_POINT('',(0.0135,-0.00794166698671998,-0.00234030742770614));
#4934=CARTESIAN_POINT('',(0.0135,-0.00794166698671998,-0.00234030742770614));
#4935=CARTESIAN_POINT('',(0.0126,-0.00794166698671998,-0.00234030742770614));
#4936=CARTESIAN_POINT('',(0.0126,-0.00794166698671998,-0.00234030742770614));
#4937=CARTESIAN_POINT('',(0.0126,0.00657245829830668,-0.00234030742770614));
#4938=CARTESIAN_POINT('',(0.0126,0.00165,-0.00234030742770614));
#4939=CARTESIAN_POINT('',(0.01425,0.00165,-0.00234030742770614));
#4940=CARTESIAN_POINT('',(0.015,0.00753349660037634,0.00894499143373494));
#4941=CARTESIAN_POINT('',(0.015,0.0372873289301147,-0.00189733878780307));
#4942=CARTESIAN_POINT('',(0.015,0.03525,-0.00211147068698741));
#4943=CARTESIAN_POINT('',(0.015,0.0330727638482856,-0.00234030742770614));
#4944=CARTESIAN_POINT('',(0.015,0.03525,0.00650541039202354));
#4945=CARTESIAN_POINT('',(0.015,0.03525,0.00990269201126099));
#4946=CARTESIAN_POINT('',(0.015,0.0238467527167283,0.0124296524298192));
#4947=CARTESIAN_POINT('',(0.015,0.0180287938711445,0.0137189125286647));
#4948=CARTESIAN_POINT('',(0.015,0.0779749585925244,0.0137189125286647));
#4949=CARTESIAN_POINT('',(0.015,0.0136135353787084,0.0137189125286647));
#4950=CARTESIAN_POINT('',(0.015,0.0779749585925244,0.0137189125286647));
#4951=CARTESIAN_POINT('',(0.015,-0.00624224772012395,0.0137189125286647));
#4952=CARTESIAN_POINT('',(0.015,0.0779749585925244,0.0137189125286647));
#4953=CARTESIAN_POINT('',(0.015,-0.00947412722839629,0.0137189125286647));
#4954=CARTESIAN_POINT('',(0.015,0.000361527091890374,0.0200634234228446));
#4955=CARTESIAN_POINT('',(0.015,-0.014213075404243,0.0106620433718665));
#4956=CARTESIAN_POINT('',(0.015,-0.014213075404243,-0.004769709704824));
#4957=CARTESIAN_POINT('',(0.015,-0.014213075404243,0.00892277309917883));
#4958=CARTESIAN_POINT('',(0.015,-0.01525,0.002));
#4959=CARTESIAN_POINT('',(0.015,0.00165,0.00865969257229386));
#4960=CARTESIAN_POINT('',(0.015,0.00165,0.00565969257229386));
#4961=CARTESIAN_POINT('',(0.015,0.00465,0.00565969257229386));
#4962=CARTESIAN_POINT('',(0.015,0.00465,0.00865969257229386));
#4963=CARTESIAN_POINT('',(0.015,0.00657245829830668,0.00865969257229386));
#4964=CARTESIAN_POINT('',(0.015,0.00915,0.00865969257229386));
#4965=CARTESIAN_POINT('',(0.015,0.00915,0.00565969257229386));
#4966=CARTESIAN_POINT('',(0.015,0.01215,0.00565969257229386));
#4967=CARTESIAN_POINT('',(0.015,0.01215,0.00865969257229386));
#4968=CARTESIAN_POINT('',(0.015,0.01215,-0.00234030742770614));
#4969=CARTESIAN_POINT('',(0.015,0.00657245829830668,-0.00234030742770614));
#4970=CARTESIAN_POINT('',(0.015,0.0229029468741004,-0.00234030742770613));
#4971=CARTESIAN_POINT('',(0.015,0.02775,0.0025));
#4972=CARTESIAN_POINT('',(0.015,0.0325970531258996,-0.00234030742770614));
#4973=CARTESIAN_POINT('',(0.015,0.00657245829830668,-0.00234030742770614));
#4974=CARTESIAN_POINT('',(0.015,-0.0229774077715532,-0.00119315455500404));
#4975=CARTESIAN_POINT('',(0.0121585584623789,-0.022679413474452,-0.00140181240817782));
#4976=CARTESIAN_POINT('',(0.012107536323651,-0.0230058648254287,-0.00117322871136517));
#4977=CARTESIAN_POINT('',(0.0121296907722654,-0.0228613809323117,-0.00127439742247558));
#4978=CARTESIAN_POINT('',(0.0121289791091735,-0.0228611307699865,-0.00127457258802146));
#4979=CARTESIAN_POINT('',(0.0125660972472545,-0.0223262061162439,-0.00164913086294624));
#4980=CARTESIAN_POINT('',(0.0129267103645497,-0.0218188637539068,-0.00200437580950782));
#4981=CARTESIAN_POINT('',(0.0132108184610591,-0.0213391036829751,-0.0023403074277062));
#4982=CARTESIAN_POINT('',(0.0132108184610592,-0.0213391036829752,-0.00234030742770614));
#4983=CARTESIAN_POINT('',(0.015,-0.0213391036829752,-0.00234030742770614));
#4984=CARTESIAN_POINT('',(0.0138862499654909,-0.0213391036829752,-0.00234030742770614));
#4985=CARTESIAN_POINT('',(0.0136522847174474,-0.022836067024964,-0.00129212241122196));
#4986=CARTESIAN_POINT('',(0.0136102327663029,-0.0231051250575088,-0.00110372594861826));
#4987=CARTESIAN_POINT('',(0.0141041399085645,-0.0224926491601391,-0.00153258618892828));
#4988=CARTESIAN_POINT('',(0.0135339955315309,-0.0231996640199667,-0.00103752905445068));
#4989=CARTESIAN_POINT('',(0.011696197673782,-0.0239094348861914,-0.000540542143518525));
#4990=CARTESIAN_POINT('',(0.00986744649301286,-0.0246157118601311,-4.60016823019534E-5));
#4991=CARTESIAN_POINT('',(0.015,-0.0246157118601311,-4.60016823019534E-5));
#4992=CARTESIAN_POINT('',(0.0075,-0.0246157118601311,-4.60016823019534E-5));
#4993=CARTESIAN_POINT('',(0.0075,-0.0229774077715532,-0.00119315455500404));
#4994=CARTESIAN_POINT('',(0.0075,-0.0231968989002987,-0.00103946521208626));
#4995=CARTESIAN_POINT('',(0.015,-0.0231968989002987,-0.00103946521208626));
#4996=CARTESIAN_POINT('',(0.0116128949819732,-0.0231968989002987,-0.00103946521208626));
#4997=CARTESIAN_POINT('',(0.0144873744347902,-0.0220867540807427,-0.0018167969832438));
#4998=CARTESIAN_POINT('',(0.015,-0.0229774077715532,-0.00119315455500404));
#4999=CARTESIAN_POINT('',(-0.0134025340151724,-0.0213391036829752,-0.00234030742770614));
#5000=CARTESIAN_POINT('',(-0.0131005054354073,-0.0218463161622235,-0.00198515342626244));
#5001=CARTESIAN_POINT('',(-0.0127125049056547,-0.0223850393280097,-0.00160793540457078));
#5002=CARTESIAN_POINT('',(-0.0122385324259146,-0.0229552731803337,-0.00120865336263115));
#5003=CARTESIAN_POINT('',(-0.0134025340151724,-0.0213391036829752,-0.00234030742770614));
#5004=CARTESIAN_POINT('',(-0.0122385324259145,-0.0229552731803336,-0.00120865336263115));
#5005=CARTESIAN_POINT('',(0.0100568023685554,-0.0315658932347195,0.00482056770810952));
#5006=CARTESIAN_POINT('',(-0.0116128949819732,-0.0231968989002987,-0.00103946521208626));
#5007=CARTESIAN_POINT('',(0.015,-0.0231968989002987,-0.00103946521208626));
#5008=CARTESIAN_POINT('',(-0.0075,-0.0231968989002987,-0.00103946521208626));
#5009=CARTESIAN_POINT('',(-0.0075,-0.0229774077715532,-0.00119315455500404));
#5010=CARTESIAN_POINT('',(-0.0075,-0.0246157118601311,-4.60016823019534E-5));
#5011=CARTESIAN_POINT('',(0.015,-0.0246157118601311,-4.60016823019534E-5));
#5012=CARTESIAN_POINT('',(-0.00986744649301275,-0.0246157118601311,-4.60016823019519E-5));
#5013=CARTESIAN_POINT('',(-0.013049308674619,-0.0233868536005985,-0.000906457499017993));
#5014=CARTESIAN_POINT('',(-0.0135339955315308,-0.0231996640199667,-0.00103752905445069));
#5015=CARTESIAN_POINT('',(-0.00499031675388869,-0.0337943626554515,0.0063809587951759));
#5016=CARTESIAN_POINT('',(-0.0136102327663028,-0.0231051250575088,-0.00110372594861826));
#5017=CARTESIAN_POINT('',(-0.0131684803362385,-0.0259315584683275,0.000875364031884818));
#5018=CARTESIAN_POINT('',(-0.0138862499654909,-0.0213391036829752,-0.00234030742770614));
#5019=CARTESIAN_POINT('',(0.015,-0.0213391036829752,-0.00234030742770614));
#5020=CARTESIAN_POINT('',(0.015,-0.0253640682115779,0.00514850000226026));
#5021=CARTESIAN_POINT('',(0.0055,-0.0243777485329063,0.00375897989874062));
#5022=CARTESIAN_POINT('',(0.0075,-0.0243777485329063,0.00375897989874062));
#5023=CARTESIAN_POINT('',(0.0075,-0.0253640682115779,0.00514850000226026));
#5024=CARTESIAN_POINT('',(0.0075,-0.0242932356119649,0.0036399187006375));
#5025=CARTESIAN_POINT('',(0.015,-0.0242932356119649,0.0036399187006375));
#5026=CARTESIAN_POINT('',(0.0126521276536571,-0.0242932356119649,0.0036399187006375));
#5027=CARTESIAN_POINT('',(0.0123631146466054,-0.0246516299045337,0.00414482201472513));
#5028=CARTESIAN_POINT('',(0.0125229670171933,-0.0244534029186387,0.00386556125584809));
#5029=CARTESIAN_POINT('',(0.0135105899012446,-0.0240719757954321,0.00332820945482045));
#5030=CARTESIAN_POINT('',(0.00739230759546102,-0.0264349008111911,0.00665708130388301));
#5031=CARTESIAN_POINT('',(0.015,-0.0264349008111911,0.00665708130388301));
#5032=CARTESIAN_POINT('',(-0.00739230759546096,-0.0264349008111911,0.00665708130388301));
#5033=CARTESIAN_POINT('',(0.00724798894153931,-0.0320890895518293,0.0146226619306348));
#5034=CARTESIAN_POINT('',(-0.0125229670171933,-0.0244534029186387,0.00386556125584809));
#5035=CARTESIAN_POINT('',(-0.00699613463290045,-0.0313070224242845,0.0135208913591617));
#5036=CARTESIAN_POINT('',(-0.0126521276536571,-0.0242932356119649,0.0036399187006375));
#5037=CARTESIAN_POINT('',(0.015,-0.0242932356119649,0.0036399187006375));
#5038=CARTESIAN_POINT('',(-0.0075,-0.0242932356119649,0.0036399187006375));
#5039=CARTESIAN_POINT('',(-0.0075,-0.0253640682115779,0.00514850000226026));
#5040=CARTESIAN_POINT('',(-0.0075,-0.0243777485329063,0.00375897989874062));
#5041=CARTESIAN_POINT('',(-0.0055,-0.0243777485329063,0.00375897989874062));
#5042=CARTESIAN_POINT('',(0.015,-0.024454473736048,0.00179695850916777));
#5043=CARTESIAN_POINT('',(0.0075,-0.024454473736048,0.00179695850916777));
#5044=CARTESIAN_POINT('',(0.0149661343302294,-0.0244467125998359,0.00188566870200006));
#5045=CARTESIAN_POINT('',(0.0123125504316016,-0.0245346673306053,0.000880341529031139));
#5046=CARTESIAN_POINT('',(0.0126403643794287,-0.0244080632056039,0.00232743329954259));
#5047=CARTESIAN_POINT('',(0.0125229670171933,-0.0244534029186387,0.00180919800816255));
#5048=CARTESIAN_POINT('',(0.0125342835118585,-0.0244393697540374,0.00196959781352925));
#5049=CARTESIAN_POINT('',(0.015,-0.024454473736048,0.00179695850916777));
#5050=CARTESIAN_POINT('',(-0.0075,-0.024454473736048,0.00179695850916777));
#5051=CARTESIAN_POINT('',(-0.0123868195642904,-0.0246222343168029,-0.00012055370320188));
#5052=CARTESIAN_POINT('',(-0.0125229670171933,-0.0244534029186387,0.00180919800816253));
#5053=CARTESIAN_POINT('',(-0.0111865809420268,-0.0249695249165952,-0.00409010342308581));
#5054=CARTESIAN_POINT('',(-0.0123125504316016,-0.0245346673306053,0.000880341529031124));
#5055=CARTESIAN_POINT('',(0.0112431904487727,-0.0253154373858793,-0.00804390103918033));
#5056=CARTESIAN_POINT('',(0.015,-0.0241408941832352,0.00601674265059523));
#5057=CARTESIAN_POINT('',(0.015,-0.0227508841692046,0.00405850649212144));
#5058=CARTESIAN_POINT('',(0.0126484990253402,-0.0227508841692046,0.00405850649212144));
#5059=CARTESIAN_POINT('',(0.0087590824997001,-0.0227508841692046,0.00405850649212144));
#5060=CARTESIAN_POINT('',(0.00880583393440853,-0.0226842753729877,0.0039646684967776));
#5061=CARTESIAN_POINT('',(0.00775812235676625,-0.0241769954874516,0.00606760190957255));
#5062=CARTESIAN_POINT('',(0.015,-0.0241769954874516,0.00606760190957255));
#5063=CARTESIAN_POINT('',(0.00907514724679582,-0.0241769954874516,0.00606760190957255));
#5064=CARTESIAN_POINT('',(0.013203659871976,-0.0225825339584873,0.00382133592026535));
#5065=CARTESIAN_POINT('',(0.0124818757908865,-0.0228612922072806,0.00421404854589378));
#5066=CARTESIAN_POINT('',(0.0124818757908865,-0.0228612922072806,0.00421404854589376));
#5067=CARTESIAN_POINT('',(0.0125375854260131,-0.022824574755728,0.00416232126295944));
#5068=CARTESIAN_POINT('',(0.0125931304324418,-0.0227877740626322,0.004110476709935));
#5069=CARTESIAN_POINT('',(0.0126484990253402,-0.0227508841692046,0.00405850649212143));
#5070=CARTESIAN_POINT('',(0.015,-0.0241408941832352,0.00601674265059523));
#5071=CARTESIAN_POINT('',(0.015,-0.0241769954874516,0.00606760190957255));
#5072=CARTESIAN_POINT('',(-0.0077581223567662,-0.0241769954874516,0.00606760190957255));
#5073=CARTESIAN_POINT('',(-0.00907514724679578,-0.0241769954874516,0.00606760190957255));
#5074=CARTESIAN_POINT('',(-0.00455571019978391,-0.0287396109472223,0.0124953819114063));
#5075=CARTESIAN_POINT('',(-0.00875908249970004,-0.0227508841692046,0.00405850649212144));
#5076=CARTESIAN_POINT('',(0.015,-0.0227508841692046,0.00405850649212144));
#5077=CARTESIAN_POINT('',(-0.0127677534811522,-0.0227508841692046,0.00405850649212144));
#5078=CARTESIAN_POINT('',(0.0075549189708079,-0.0305996477148845,0.0151157883960797));
#5079=CARTESIAN_POINT('',(0.015,-0.0229601816889104,0.00166622489504628));
#5080=CARTESIAN_POINT('',(0.0075,-0.0229601816889104,0.00166622489504628));
#5081=CARTESIAN_POINT('',(0.0075,-0.0228436608949977,0.00299806366382771));
#5082=CARTESIAN_POINT('',(0.011214564538344,-0.0225699495729066,0.00612659839118625));
#5083=CARTESIAN_POINT('',(0.0126484990253402,-0.0227508841692046,0.00405850649212144));
#5084=CARTESIAN_POINT('',(0.0126658106295709,-0.0227603423693728,0.00395039876950925));
#5085=CARTESIAN_POINT('',(0.0126810288224348,-0.0227698260467801,0.00384199984070397));
#5086=CARTESIAN_POINT('',(0.0126940834887848,-0.0227793360547451,0.00373329995226451));
#5087=CARTESIAN_POINT('',(0.012694083488784,-0.0227793360547466,0.0037332999522642));
#5088=CARTESIAN_POINT('',(0.0123602579969416,-0.0229082618816615,0.00225967100744942));
#5089=CARTESIAN_POINT('',(0.015,-0.0229601816889104,0.00166622489504628));
#5090=CARTESIAN_POINT('',(0.00628030209933301,-0.023859075936919,-0.00860818337434436));
#5091=CARTESIAN_POINT('',(-0.0075,-0.0228436608949977,0.00299806366382775));
#5092=CARTESIAN_POINT('',(-0.0075,-0.0229601816889104,0.00166622489504628));
#5093=CARTESIAN_POINT('',(-0.0109064745595397,-0.0234697235926529,-0.00415786571517898));
#5094=CARTESIAN_POINT('',(0.010424060890121,-0.0252640156928647,-0.004769709704824));
#5095=CARTESIAN_POINT('',(0.0125229670171933,-0.0244534029186387,-0.004769709704824));
#5096=CARTESIAN_POINT('',(0.0125229670171933,-0.0244534029186387,0.00676499031190623));
#5097=CARTESIAN_POINT('',(0.0134536704714091,-0.0240939584921956,0.00597918001575799));
#5098=CARTESIAN_POINT('',(0.0117135506104939,-0.0247660054073711,0.00744839569025156));
#5099=CARTESIAN_POINT('',(0.0177346724311621,-0.022440604475881,0.00855099517428825));
#5100=CARTESIAN_POINT('',(-0.010424060890121,-0.0252640156928647,-0.004769709704824));
#5101=CARTESIAN_POINT('',(-0.0125229670171933,-0.0244534029186387,-0.004769709704824));
#5102=CARTESIAN_POINT('',(-0.0125229670171933,-0.0244534029186387,0.00082343957518393));
#5103=CARTESIAN_POINT('',(-0.0123202076783258,-0.0245317100463657,0.000878270816313903));
#5104=CARTESIAN_POINT('',(-0.0149,0.02775,0.0025));
#5105=CARTESIAN_POINT('',(-0.0149,0.02775,0.0025));
#5106=CARTESIAN_POINT('',(-0.0149000000000002,0.0345913257937734,0.00284461773524966));
#5107=CARTESIAN_POINT('',(-0.0135,0.0353652891218495,0.00567330609784826));
#5108=CARTESIAN_POINT('',(-0.0138219846778431,0.0351872860269546,0.00526337761320604));
#5109=CARTESIAN_POINT('',(-0.0144250372108293,0.0348538999230726,0.00442027216728118));
#5110=CARTESIAN_POINT('',(-0.0148382851978116,0.0346254436464116,0.00339402373019369));
#5111=CARTESIAN_POINT('',(-0.0149000000000002,0.0345913257937734,0.00284461773524965));
#5112=CARTESIAN_POINT('',(-0.0135,0.0353652891218495,0.00567330609784826));
#5113=CARTESIAN_POINT('',(-0.0135,0.02775,0.0025));
#5114=CARTESIAN_POINT('',(-0.0135,0.0329984372508902,0.00886524991052733));
#5115=CARTESIAN_POINT('',(-0.0135,0.0256819311068486,0.0104865881985476));
#5116=CARTESIAN_POINT('',(-0.013769434343354,0.0262611110831899,0.0103582418741121));
#5117=CARTESIAN_POINT('',(-0.0142191930466953,0.0274355518741609,0.0100979857103194));
#5118=CARTESIAN_POINT('',(-0.014580449118063,0.0299804707180998,0.00953403151136855));
#5119=CARTESIAN_POINT('',(-0.0140401733949044,0.0318372726785258,0.00912256406332145));
#5120=CARTESIAN_POINT('',(-0.0135,0.0329984372508902,0.00886524991052733));
#5121=CARTESIAN_POINT('',(-0.0135,0.0256819311068485,0.0104865881985476));
#5122=CARTESIAN_POINT('',(-0.0135,0.02775,0.0025));
#5123=CARTESIAN_POINT('',(0.0135,0.02775,0.0025));
#5124=CARTESIAN_POINT('',(0.0149,0.02775,0.0025));
#5125=CARTESIAN_POINT('',(0.0149000000000002,0.0345913257937734,0.00215538226475024));
#5126=CARTESIAN_POINT('',(0.0149,0.0325970531258996,-0.00234030742770614));
#5127=CARTESIAN_POINT('',(0.0135,0.0353652891218495,-0.000673306097848248));
#5128=CARTESIAN_POINT('',(0.0138219846778431,0.0351872860269546,-0.000263377613206037));
#5129=CARTESIAN_POINT('',(0.0144250372108293,0.0348538999230727,0.000579727832718795));
#5130=CARTESIAN_POINT('',(0.0148382851978116,0.0346254436464116,0.00160597626980624));
#5131=CARTESIAN_POINT('',(0.0149000000000002,0.0345913257937735,0.00215538226475026));
#5132=CARTESIAN_POINT('',(0.0135,0.0353652891218495,-0.000673306097848248));
#5133=CARTESIAN_POINT('',(0.0135,0.02775,0.0025));
#5134=CARTESIAN_POINT('',(0.0135,0.0345399139742955,-0.00218610373569192));
#5135=CARTESIAN_POINT('',(0.014555530528293,0.0330727638482856,-0.00234030742770614));
#5136=CARTESIAN_POINT('',(0.0142203561829857,0.0335736753670942,-0.00228765950558599));
#5137=CARTESIAN_POINT('',(0.0138657486069577,0.0340607585491167,-0.00223646500022874));
#5138=CARTESIAN_POINT('',(0.0135,0.0345399139742955,-0.00218610373569192));
#5139=CARTESIAN_POINT('',(0.014555530528293,0.0330727638482856,-0.00234030742770614));
#5140=CARTESIAN_POINT('',(0.0149,0.0325970531258996,-0.00234030742770614));
#5141=CARTESIAN_POINT('',(0.0147869085558124,0.0327568773268239,-0.00234030742770614));
#5142=CARTESIAN_POINT('',(0.0146719774186739,0.0329153693777061,-0.00234030742770614));
#5143=CARTESIAN_POINT('',(0.014555530528293,0.0330727638482856,-0.00234030742770614));
#5144=CARTESIAN_POINT('',(-0.0135,0.00753349660037634,0.00894499143373494));
#5145=CARTESIAN_POINT('',(-0.0135,0.0324412767975995,0.00342542554965003));
#5146=CARTESIAN_POINT('',(-0.0135,0.0339409237831391,0.0101927833951194));
#5147=CARTESIAN_POINT('',(-0.0135,0.0238467527167283,0.0124296524298192));
#5148=CARTESIAN_POINT('',(-0.0135,0.0184979771095155,0.0136149414892789));
#5149=CARTESIAN_POINT('',(-0.0135,0.00976425431476785,0.00628647791340161));
#5150=CARTESIAN_POINT('',(-0.0135,0.0779749585925244,0.0132094365721012));
#5151=CARTESIAN_POINT('',(-0.0135,0.0157463042839441,0.0132094365721012));
#5152=CARTESIAN_POINT('',(-0.0135,0.0143674226722541,0.012904003436537));
#5153=CARTESIAN_POINT('',(-0.0135,0.0152673253258153,0.0115518289262925));
#5154=CARTESIAN_POINT('',(-0.0135,0.00587461141254857,0.0016148271506566));
#5155=CARTESIAN_POINT('',(-0.0135,0.0148296835512499,0.0110888267385216));
#5156=CARTESIAN_POINT('',(-0.0135,0.0139297808976887,0.0124410012487661));
#5157=CARTESIAN_POINT('',(-0.0135,0.0139297808976887,0.0106758627866436));
#5158=CARTESIAN_POINT('',(-0.0135,0.00436462752643401,0.0106758627866436));
#5159=CARTESIAN_POINT('',(-0.0135,-0.00528386075279874,0.0106758627866436));
#5160=CARTESIAN_POINT('',(-0.0135,-0.00528386075279874,0.0124410012487661));
#5161=CARTESIAN_POINT('',(-0.0135,-0.00606399896827994,0.0109753177867092));
#5162=CARTESIAN_POINT('',(-0.0135,0.00251515989693382,0.00371630502061714));
#5163=CARTESIAN_POINT('',(-0.0135,-0.00717158887887695,0.0119124736812362));
#5164=CARTESIAN_POINT('',(-0.0135,-0.00639145066339575,0.0133781571432931));
#5165=CARTESIAN_POINT('',(-0.0135,-0.00778504045788236,0.0132094365721012));
#5166=CARTESIAN_POINT('',(-0.0135,0.0779749585925244,0.0132094365721012));
#5167=CARTESIAN_POINT('',(-0.0135,-0.0113344341907062,0.0132094365721012));
#5168=CARTESIAN_POINT('',(-0.0135,-0.00926332793593727,0.0152805428268702));
#5169=CARTESIAN_POINT('',(-0.0135,-0.0133359263564122,0.0112079444063952));
#5170=CARTESIAN_POINT('',(-0.0135,0.00282676865769922,0.018871560147609));
#5171=CARTESIAN_POINT('',(-0.0135,-0.0140965627133583,0.0108472851999112));
#5172=CARTESIAN_POINT('',(-0.0135,-0.0140965627133583,0.00894499143373494));
#5173=CARTESIAN_POINT('',(-0.0135,-0.0140965627133583,0.0106702320020282));
#5174=CARTESIAN_POINT('',(-0.0135,-0.0140965698708229,0.0106702308860816));
#5175=CARTESIAN_POINT('',(-0.0135,-0.0141521229656157,0.0106672245673957));
#5176=CARTESIAN_POINT('',(-0.0135,-0.0142076427375712,0.0106636941271554));
#5177=CARTESIAN_POINT('',(-0.0135,-0.0142631292966927,0.0106596412955589));
#5178=CARTESIAN_POINT('',(-0.0135,-0.0142631292966927,0.0106596412955589));
#5179=CARTESIAN_POINT('',(-0.0135,-0.01525,0.002));
#5180=CARTESIAN_POINT('',(-0.0135,-0.00733988296994966,0.00565969257229386));
#5181=CARTESIAN_POINT('',(-0.0135,-0.00284494148497484,0.00565969257229386));
#5182=CARTESIAN_POINT('',(-0.0135,0.00165,0.00565969257229386));
#5183=CARTESIAN_POINT('',(-0.0135,0.00465,0.00565969257229386));
#5184=CARTESIAN_POINT('',(-0.0135,0.00465,0.00865969257229386));
#5185=CARTESIAN_POINT('',(-0.0135,0.0069,0.00865969257229386));
#5186=CARTESIAN_POINT('',(-0.0135,0.00915,0.00865969257229386));
#5187=CARTESIAN_POINT('',(-0.0135,0.00915,0.00565969257229386));
#5188=CARTESIAN_POINT('',(-0.0135,0.01215,0.00565969257229386));
#5189=CARTESIAN_POINT('',(-0.0135,0.01215,0.00865969257229386));
#5190=CARTESIAN_POINT('',(-0.0135,0.0235222253332856,0.010965179153383));
#5191=CARTESIAN_POINT('',(-0.0135,0.0353652891218495,0.00894499143373494));
#5192=CARTESIAN_POINT('',(0.0135,0.00753349660037634,0.00894499143373494));
#5193=CARTESIAN_POINT('',(0.0135,0.0372873289301147,-0.00189733878780307));
#5194=CARTESIAN_POINT('',(0.0135,0.0353652891218495,-0.00209935331200097));
#5195=CARTESIAN_POINT('',(0.0135,0.0353652891218495,-0.004769709704824));
#5196=CARTESIAN_POINT('',(0.015,0.00657245829830668,-0.00234030742770614));
#5197=CARTESIAN_POINT('',(-0.01425,0.00165,-0.00234030742770614));
#5198=CARTESIAN_POINT('',(-0.0126,0.00165,-0.00234030742770614));
#5199=CARTESIAN_POINT('',(-0.015,0.00165,-0.00234030742770614));
#5200=CARTESIAN_POINT('',(-0.0126,0.00657245829830668,-0.00234030742770614));
#5201=CARTESIAN_POINT('',(-0.0126,-0.00769188961540027,-0.00234030742770614));
#5202=CARTESIAN_POINT('',(-0.0126,-0.00769188961540027,-0.00234030742770614));
#5203=CARTESIAN_POINT('',(-0.0135,-0.00769188961540027,-0.00234030742770614));
#5204=CARTESIAN_POINT('',(-0.0135,-0.00769188961540027,-0.00234030742770614));
#5205=CARTESIAN_POINT('',(-0.0140107080312429,-0.00828040571164919,-0.00234030742770614));
#5206=CARTESIAN_POINT('',(-0.0145133750102028,-0.00887565097945555,-0.00234030742770614));
#5207=CARTESIAN_POINT('',(-0.015,-0.00948432101971678,-0.00234030742770614));
#5208=CARTESIAN_POINT('',(-0.015,-0.00948432101971678,-0.00234030742770614));
#5209=CARTESIAN_POINT('',(-0.015,0.00657245829830668,-0.00234030742770614));
#5210=CARTESIAN_POINT('',(0.015,0.00657245829830668,-0.00234030742770614));
#5211=CARTESIAN_POINT('',(-0.0174558213172388,0.00149983288928612,-0.00234030742770614));
#5212=CARTESIAN_POINT('',(-0.0139786643165505,-0.0207478154597594,-0.00234030742770614));
#5213=CARTESIAN_POINT('',(-0.0139777506673472,-0.0207536611970058,-0.00234030742770614));
#5214=CARTESIAN_POINT('',(-0.0137860117832889,-0.020948808692329,-0.00234030742770614));
#5215=CARTESIAN_POINT('',(-0.0135942728992307,-0.0211439561876521,-0.00234030742770614));
#5216=CARTESIAN_POINT('',(-0.0134025340151724,-0.0213391036829752,-0.00234030742770614));
#5217=CARTESIAN_POINT('',(0.015,0.00657245829830668,-0.00234030742770614));
#5218=CARTESIAN_POINT('',(0.01425,0.01215,-0.00234030742770614));
#5219=CARTESIAN_POINT('',(0.0135,0.01215,-0.00234030742770614));
#5220=CARTESIAN_POINT('',(0.0135,0.00657245829830668,-0.00234030742770614));
#5221=CARTESIAN_POINT('',(0.0135,0.0210691374804376,-0.00234030742770614));
#5222=CARTESIAN_POINT('',(0.0135,0.0210691374804376,-0.00234030742770614));
#5223=CARTESIAN_POINT('',(0.013984179927829,0.0216670369871096,-0.00234030742770614));
#5224=CARTESIAN_POINT('',(0.0144554944765117,0.0222747584146786,-0.00234030742770614));
#5225=CARTESIAN_POINT('',(0.0149,0.0229029468741005,-0.00234030742770614));
#5226=CARTESIAN_POINT('',(0.0149,0.0229029468741004,-0.00234030742770613));
#5227=CARTESIAN_POINT('',(-0.0779749585925244,0.0229029468741004,-0.00234030742770613));
#5228=CARTESIAN_POINT('',(0.015,0.00657245829830668,-0.00234030742770614));
#5229=CARTESIAN_POINT('',(0.0132108184610592,-0.0213391036829751,-0.00234030742770614));
#5230=CARTESIAN_POINT('',(0.0134057648760729,-0.0211401410384677,-0.00234030742770614));
#5231=CARTESIAN_POINT('',(0.0136007112910867,-0.0209411783939603,-0.00234030742770614));
#5232=CARTESIAN_POINT('',(0.0137956577061004,-0.0207422157494529,-0.00234030742770614));
#5233=CARTESIAN_POINT('',(0.0137956294491953,-0.0207420655720151,-0.00234038571951375));
#5234=CARTESIAN_POINT('',(-0.0779749585925244,-0.020741969722513,-0.00234030742770614));
#5235=CARTESIAN_POINT('',(0.0139795779657539,-0.020741969722513,-0.00234030742770614));
#5236=CARTESIAN_POINT('',(0.0181711742668157,0.00607682520355159,-0.00234030742770614));
#5237=CARTESIAN_POINT('',(0.015,0.00657245829830668,-0.00234030742770614));
#5238=CARTESIAN_POINT('',(0.015,0.0330727638482856,-0.00234030742770614));
#5239=CARTESIAN_POINT('',(-0.014555530528293,0.0330727638482856,-0.00234030742770614));
#5240=CARTESIAN_POINT('',(-0.015,0.0330727638482856,-0.00234030742770614));
#5241=CARTESIAN_POINT('',(-0.014555530528293,0.0330727638482856,-0.00234030742770614));
#5242=CARTESIAN_POINT('',(-0.0146719774186739,0.0329153693777061,-0.00234030742770614));
#5243=CARTESIAN_POINT('',(-0.0147869085558124,0.0327568773268239,-0.00234030742770614));
#5244=CARTESIAN_POINT('',(-0.0149,0.0325970531258996,-0.00234030742770614));
#5245=CARTESIAN_POINT('',(-0.0149,0.0325970531258996,-0.00234030742770614));
#5246=CARTESIAN_POINT('',(-0.0779749585925244,0.0325970531258996,-0.00234030742770614));
#5247=CARTESIAN_POINT('',(-0.015,0.0325970531258996,-0.00234030742770614));
#5248=CARTESIAN_POINT('',(-0.015,0.00657245829830668,-0.00234030742770614));
#5249=CARTESIAN_POINT('',(0.015,0.00306509918880892,0.020230290295176));
#5250=CARTESIAN_POINT('',(0.015,0.0125650991888089,0.020230290295176));
#5251=CARTESIAN_POINT('',(0.01,0.0125650991888089,0.020230290295176));
#5252=CARTESIAN_POINT('',(0.015,-0.00643490081119108,0.020230290295176));
#5253=CARTESIAN_POINT('',(0.01,-0.00643490081119108,0.020230290295176));
#5254=CARTESIAN_POINT('',(0.01,0.0779749585925244,0.020230290295176));
#5255=CARTESIAN_POINT('',(-0.015,0.00753349660037634,0.00894499143373494));
#5256=CARTESIAN_POINT('',(-0.015,-0.01525,0.002));
#5257=CARTESIAN_POINT('',(-0.015,-0.0142130754042431,0.00914185620503489));
#5258=CARTESIAN_POINT('',(-0.015,-0.0142130754042431,-0.004769709704824));
#5259=CARTESIAN_POINT('',(-0.015,-0.0142130754042431,0.0106620433718664));
#5260=CARTESIAN_POINT('',(-0.015,-0.0233498945054511,0.00476831770420018));
#5261=CARTESIAN_POINT('',(-0.015,-0.00639145066339575,0.0145299871044686));
#5262=CARTESIAN_POINT('',(-0.015,-0.00717158887887694,0.0130643036424117));
#5263=CARTESIAN_POINT('',(-0.015,0.00342943214787408,0.0040945493604599));
#5264=CARTESIAN_POINT('',(-0.015,-0.00606399896827994,0.0121271477478847));
#5265=CARTESIAN_POINT('',(-0.015,-0.00528386075279874,0.0135928312099417));
#5266=CARTESIAN_POINT('',(-0.015,-0.00528386075279874,0.0118276927478191));
#5267=CARTESIAN_POINT('',(-0.015,0.00753349660037634,0.0118276927478191));
#5268=CARTESIAN_POINT('',(-0.015,0.0139297808976887,0.0118276927478191));
#5269=CARTESIAN_POINT('',(-0.015,0.0139297808976887,0.0135928312099416));
#5270=CARTESIAN_POINT('',(-0.015,0.0148296835512499,0.0122406566996971));
#5271=CARTESIAN_POINT('',(-0.015,0.00974165235242512,0.00685778487755));
#5272=CARTESIAN_POINT('',(-0.015,0.0152673253258153,0.012703658887468));
#5273=CARTESIAN_POINT('',(-0.015,0.0143674226722541,0.0140558333977126));
#5274=CARTESIAN_POINT('',(-0.015,0.0187957350596783,0.0149829209695256));
#5275=CARTESIAN_POINT('',(-0.015,0.0184928428351318,0.0136160792448518));
#5276=CARTESIAN_POINT('',(-0.015,0.0238467527167283,0.0124296524298192));
#5277=CARTESIAN_POINT('',(-0.015,0.03525,0.00990269201126099));
#5278=CARTESIAN_POINT('',(-0.015,0.03525,-0.00200636645172173));
#5279=CARTESIAN_POINT('',(-0.015,0.03525,-0.00211147068698741));
#5280=CARTESIAN_POINT('',(-0.015,0.0372873289301147,-0.00189733878780307));
#5281=CARTESIAN_POINT('',(-0.015,0.02775,0.0025));
#5282=CARTESIAN_POINT('',(-0.015,0.01215,0.00865969257229386));
#5283=CARTESIAN_POINT('',(-0.015,0.01215,0.00565969257229386));
#5284=CARTESIAN_POINT('',(-0.015,0.00915,0.00565969257229386));
#5285=CARTESIAN_POINT('',(-0.015,0.00915,0.00865969257229386));
#5286=CARTESIAN_POINT('',(-0.015,0.0069,0.00865969257229386));
#5287=CARTESIAN_POINT('',(-0.015,0.00465,0.00865969257229386));
#5288=CARTESIAN_POINT('',(-0.015,0.00465,0.00565969257229386));
#5289=CARTESIAN_POINT('',(-0.015,0.00165,0.00565969257229386));
#5290=CARTESIAN_POINT('',(-0.015,0.00165,0.00865969257229386));
#5291=CARTESIAN_POINT('',(0.015,0.0152969465299767,0.0169746014119204));
#5292=CARTESIAN_POINT('',(-0.0114411764705882,0.0157790372372416,0.0164000680795811));
#5293=CARTESIAN_POINT('',(-0.0132204080301005,0.0177232728393118,0.0140830183159645));
#5294=CARTESIAN_POINT('',(-0.00978833636635957,0.0139729144995966,0.0185525213408357));
#5295=CARTESIAN_POINT('',(0.015,0.0177232728393118,0.0140830183159645));
#5296=CARTESIAN_POINT('',(0.0131426735218509,0.0159992209107397,0.0161376633956593));
#5297=CARTESIAN_POINT('',(0.015,0.0180287938711445,0.0137189125286647));
#5298=CARTESIAN_POINT('',(0.0134470940798986,0.0180287938711445,0.0137189125286647));
#5299=CARTESIAN_POINT('',(0.0121,0.0182738448260004,0.0134268721728465));
#5300=CARTESIAN_POINT('',(0.0133067079012209,0.0178175760686971,0.0139706321035512));
#5301=CARTESIAN_POINT('',(0.0114411764705882,0.0157790372372416,0.0164000680795811));
#5302=CARTESIAN_POINT('',(0.00978833636635957,0.0139729144995966,0.0185525213408357));
#5303=CARTESIAN_POINT('',(0.00858162846513869,0.0144291832568999,0.018008761410131));
#5304=CARTESIAN_POINT('',(0.00858162846513869,0.0135292806033387,0.0190812236304976));
#5305=CARTESIAN_POINT('',(-3.46944695195361E-18,0.0135292806033387,0.0190812236304976));
#5306=CARTESIAN_POINT('',(-0.00858162846513869,0.0135292806033387,0.0190812236304976));
#5307=CARTESIAN_POINT('',(-0.00858162846513869,0.0144291832568999,0.018008761410131));
#5308=CARTESIAN_POINT('',(0.015,-0.0103239881077171,0.01634120299865));
#5309=CARTESIAN_POINT('',(-3.46944695195361E-18,-0.0074955609829709,0.0191696301233962));
#5310=CARTESIAN_POINT('',(0.00827471488964493,-0.0074955609829709,0.0191696301233962));
#5311=CARTESIAN_POINT('',(-0.00827471488964494,-0.0074955609829709,0.0191696301233962));
#5312=CARTESIAN_POINT('',(0.00827471488964493,-0.00848551047663207,0.018179680629735));
#5313=CARTESIAN_POINT('',(0.00950504741888195,-0.00801313252017071,0.0186520585861964));
#5314=CARTESIAN_POINT('',(0.00957159230331668,-0.00809979229636738,0.0185653988099997));
#5315=CARTESIAN_POINT('',(0.00994422093642094,-0.00858505745571949,0.0180801336506476));
#5316=CARTESIAN_POINT('',(0.00871388840718391,-0.00905743541218085,0.0176077556941862));
#5317=CARTESIAN_POINT('',(0.0100784034209097,-0.00883596444645735,0.0178292266599097));
#5318=CARTESIAN_POINT('',(0.0107575806012496,-0.0109282194211136,0.0157369716852535));
#5319=CARTESIAN_POINT('',(0.0110863425906809,-0.0119409947730786,0.0147241963332885));
#5320=CARTESIAN_POINT('',(0.00972182757695515,-0.0121624657388021,0.014502725367565));
#5321=CARTESIAN_POINT('',(0.00972182757695515,-0.0131524152324633,0.0135127758739038));
#5322=CARTESIAN_POINT('',(-1.04083408558608E-17,-0.0131524152324633,0.0135127758739038));
#5323=CARTESIAN_POINT('',(-0.00972182757695518,-0.0131524152324633,0.0135127758739038));
#5324=CARTESIAN_POINT('',(-0.00972182757695518,-0.0121624657388021,0.014502725367565));
#5325=CARTESIAN_POINT('',(-0.0110863425906809,-0.0119409947730786,0.0147241963332885));
#5326=CARTESIAN_POINT('',(-0.0107575806012497,-0.0109282194211136,0.0157369716852535));
#5327=CARTESIAN_POINT('',(-0.0100784034209098,-0.00883596444645748,0.0178292266599096));
#5328=CARTESIAN_POINT('',(-0.00871388840718401,-0.00905743541218097,0.0176077556941861));
#5329=CARTESIAN_POINT('',(-0.00994422093642104,-0.00858505745571961,0.0180801336506475));
#5330=CARTESIAN_POINT('',(-0.00957159230331674,-0.00809979229636744,0.0185653988099997));
#5331=CARTESIAN_POINT('',(-0.00950504741888196,-0.00801313252017071,0.0186520585861964));
#5332=CARTESIAN_POINT('',(-0.00827471488964494,-0.00848551047663207,0.018179680629735));
#5333=CARTESIAN_POINT('',(-0.0107440583594667,-0.00614553539069997,0.0205196557156671));
#5334=CARTESIAN_POINT('',(-0.0133629022121756,-0.0142130754042431,0.012452115702124));
#5335=CARTESIAN_POINT('',(0.015,-0.0142130754042431,0.012452115702124));
#5336=CARTESIAN_POINT('',(0.0133629022121756,-0.0142130754042431,0.012452115702124));
#5337=CARTESIAN_POINT('',(0.0122455702571758,-0.0107710526024456,0.0158941385039214));
#5338=CARTESIAN_POINT('',(0.0114516645814239,-0.00832536810717422,0.0183398229991929));
#5339=CARTESIAN_POINT('',(0.013444869458589,-0.0109210700914292,0.0157441210149379));
#5340=CARTESIAN_POINT('',(0.015,0.00657245829830668,-0.00234030742770614));
#5341=CARTESIAN_POINT('',(-0.0779749585925244,0.0325970531258996,-0.00234030742770614));
#5342=CARTESIAN_POINT('',(0.015,0.0330727638482856,-0.00234030742770614));
#5343=CARTESIAN_POINT('',(0.015,0.0372873289301147,-0.00189733878780307));
#5344=CARTESIAN_POINT('',(0.0145570638981555,0.0364948687853632,-0.0019806297052957));
#5345=CARTESIAN_POINT('',(0.0141248323403115,0.0367338197675121,-0.00195551494505096));
#5346=CARTESIAN_POINT('',(0.0055,0.0415018940119438,-0.0014543701479));
#5347=CARTESIAN_POINT('',(0.0141059767083716,0.0367657889097577,-0.00195215485280312));
#5348=CARTESIAN_POINT('',(0.0138252096678988,0.0351855031526428,-0.00211824957880594));
#5349=CARTESIAN_POINT('',(0.00587191937780461,0.0395823281684108,-0.00165612464792664));
#5350=CARTESIAN_POINT('',(0.015,0.0395823281684108,-0.00165612464792664));
#5351=CARTESIAN_POINT('',(-0.00587191937780462,0.0395823281684108,-0.00165612464792664));
#5352=CARTESIAN_POINT('',(0.00909307946138995,0.0478554426728647,-0.000786585274670645));
#5353=CARTESIAN_POINT('',(-0.0135,0.0353652891218495,-0.00209935331200097));
#5354=CARTESIAN_POINT('',(-0.0135,0.0372873289301147,-0.00189733878780307));
#5355=CARTESIAN_POINT('',(-0.0135,0.0345399139742955,-0.00218610373569192));
#5356=CARTESIAN_POINT('',(-0.0135,0.0345399139742955,-0.00218610373569192));
#5357=CARTESIAN_POINT('',(-0.0138657486069577,0.0340607585491167,-0.00223646500022874));
#5358=CARTESIAN_POINT('',(-0.0142203561829857,0.0335736753670942,-0.00228765950558599));
#5359=CARTESIAN_POINT('',(-0.014555530528293,0.0330727638482856,-0.00234030742770614));
#5360=CARTESIAN_POINT('',(-0.00642621504620974,0.0497865878823268,-0.000583613734243149));
#5361=CARTESIAN_POINT('',(-0.0141248323403115,0.0367338197675121,-0.00195551494505096));
#5362=CARTESIAN_POINT('',(0.00836122523113316,0.0491648083055851,-0.000648965401160405));
#5363=CARTESIAN_POINT('',(-0.0055,0.0415018940119438,-0.0014543701479));
#5364=CARTESIAN_POINT('',(0.015,0.0415018940119438,-0.0014543701479));
#5365=CARTESIAN_POINT('',(0.015,0.0407947872307573,-0.000747263366713448));
#5366=CARTESIAN_POINT('',(0.0118812931425036,0.0379741176705151,0.00207340619352871));
#5367=CARTESIAN_POINT('',(0.00805813023111102,0.0400876804495707,-4.0156585526901E-5));
#5368=CARTESIAN_POINT('',(0.00673785941860877,0.0482673614434808,-0.008219837579437));
#5369=CARTESIAN_POINT('',(-0.00805813023111102,0.0400876804495707,-4.0156585526901E-5));
#5370=CARTESIAN_POINT('',(0.015,0.0400876804495707,-4.0156585526901E-5));
#5371=CARTESIAN_POINT('',(0.015,0.0400876804495707,0.0014598434144731));
#5372=CARTESIAN_POINT('',(0.00805813023111102,0.0400876804495707,0.0014598434144731));
#5373=CARTESIAN_POINT('',(0.00805813023111102,0.0400876804495707,0.0029598434144731));
#5374=CARTESIAN_POINT('',(-0.00805813023111102,0.0400876804495707,0.0014598434144731));
#5375=CARTESIAN_POINT('',(-0.00805813023111103,0.0400876804495707,0.0029598434144731));
#5376=CARTESIAN_POINT('',(0.015,0.0400876804495707,0.0029598434144731));
#5377=CARTESIAN_POINT('',(0.015,0.0407947872307573,0.00366695019565965));
#5378=CARTESIAN_POINT('',(0.0118812931425036,0.0379741176705151,0.000846280635417494));
#5379=CARTESIAN_POINT('',(0.0055,0.0415018940119438,0.00437405697684619));
#5380=CARTESIAN_POINT('',(0.00673785941860878,0.0482673614434808,0.0111395244083832));
#5381=CARTESIAN_POINT('',(-0.0055,0.0415018940119438,0.00437405697684618));
#5382=CARTESIAN_POINT('',(0.015,0.0415018940119438,0.00437405697684619));
#5383=CARTESIAN_POINT('',(0.015,0.0405048146354097,0.00666661727417545));
#5384=CARTESIAN_POINT('',(0.000331111523612331,0.0447255129270844,-0.00303793138887494));
#5385=CARTESIAN_POINT('',(-0.00634235635491422,0.0410362133491757,0.00544478516942715));
#5386=CARTESIAN_POINT('',(-0.00373157522637491,0.0435722284844459,-0.000386212592011264));
#5387=CARTESIAN_POINT('',(-0.00791589655112288,0.0395077352588756,0.00895917757150472));
#5388=CARTESIAN_POINT('',(0.015,0.0395077352588756,0.00895917757150471));
#5389=CARTESIAN_POINT('',(0.0079158965511229,0.0395077352588756,0.00895917757150471));
#5390=CARTESIAN_POINT('',(0.00805948269054051,0.0393682610537048,0.00927986721046581));
#5391=CARTESIAN_POINT('',(0.00634235635491421,0.0410362133491757,0.00544478516942714));
#5392=CARTESIAN_POINT('',(0.00993813258590678,0.0390483569643504,0.0100154148824639));
#5393=CARTESIAN_POINT('',(0.015,0.0238467527167283,0.0124296524298192));
#5394=CARTESIAN_POINT('',(0.015,0.0184928428351318,0.0136160792448518));
#5395=CARTESIAN_POINT('',(-0.0135,0.0184928428351318,0.0136160792448518));
#5396=CARTESIAN_POINT('',(-0.0121,0.0184979771095155,0.0136149414892789));
#5397=CARTESIAN_POINT('',(-0.0121,0.0339409237831391,0.0101927833951194));
#5398=CARTESIAN_POINT('',(-0.0127898260537839,0.0351303229485852,0.00992921245446653));
#5399=CARTESIAN_POINT('',(0.00329764357552235,0.0440239740447412,0.00795837873156539));
#5400=CARTESIAN_POINT('',(-0.00784166517128084,0.0378658194232118,0.00932302623884115));
#5401=CARTESIAN_POINT('',(-0.0071518391174969,0.0366764202577656,0.00958659717949399));
#5402=CARTESIAN_POINT('',(-0.0071518391174969,0.0380432619824394,0.00928370495494744));
#5403=CARTESIAN_POINT('',(0.015,0.0380432619824394,0.00928370495494744));
#5404=CARTESIAN_POINT('',(0.00715183911749689,0.0380432619824394,0.00928370495494744));
#5405=CARTESIAN_POINT('',(0.00715183911749689,0.0366764202577656,0.00958659717949399));
#5406=CARTESIAN_POINT('',(0.00784166517128083,0.0378658194232118,0.00932302623884115));
#5407=CARTESIAN_POINT('',(0.0194187852334706,0.0314656291568783,0.0107413088624226));
#5408=CARTESIAN_POINT('',(0.0127898260537839,0.0351303229485852,0.00992921245446653));
#5409=CARTESIAN_POINT('',(0.0121,0.033940923783139,0.0101927833951194));
#5410=CARTESIAN_POINT('',(0.0135,0.033940923783139,0.0101927833951194));
#5411=CARTESIAN_POINT('',(0.0135,0.0238467527167283,0.0124296524298192));
#5412=CARTESIAN_POINT('',(0.0135,0.0184979771095155,0.0136149414892789));
#5413=CARTESIAN_POINT('',(0.0121,0.0184979771095155,0.0136149414892789));
#5414=CARTESIAN_POINT('',(0.0200508948877391,0.0266863635412202,0.0118003944667715));
#5415=CARTESIAN_POINT('',(0.014701197081584,0.0357566111299106,0.00979042694841673));
#5416=CARTESIAN_POINT('',(0.0201578845768105,0.0327399854055707,0.0104589114260088));
#5417=CARTESIAN_POINT('',(0.00255854423218239,0.0452983302934336,0.00767598129515164));
#5418=CARTESIAN_POINT('',(-0.014701197081584,0.0357566111299106,0.00979042694841673));
#5419=CARTESIAN_POINT('',(-0.0125803627999429,0.0393524202253205,0.00899359539411711));
#5420=CARTESIAN_POINT('',(0.015,-0.0166594881538762,0.0112921379112156));
#5421=CARTESIAN_POINT('',(-2.60208521396521E-18,-0.0155684354242943,0.0118094655515391));
#5422=CARTESIAN_POINT('',(0.0100245815427724,-0.0155684354242943,0.0118094655515391));
#5423=CARTESIAN_POINT('',(-0.0100245815427724,-0.0155684354242943,0.0118094655515391));
#5424=CARTESIAN_POINT('',(0.0100245815427724,-0.0168334381096755,0.0112096587443265));
#5425=CARTESIAN_POINT('',(0.0114108263152669,-0.0170103295971906,0.0111257848367249));
#5426=CARTESIAN_POINT('',(0.0109913538031292,-0.019694210980828,0.00985321020723165));
#5427=CARTESIAN_POINT('',(0.0104568753006634,-0.0231139270795346,0.00823173618315033));
#5428=CARTESIAN_POINT('',(0.0090706305281689,-0.0229370355920196,0.008315610090752));
#5429=CARTESIAN_POINT('',(0.00962086734620428,-0.0241002400085574,0.00776407139816103));
#5430=CARTESIAN_POINT('',(0.0087158515781121,-0.0244497636642508,0.00759834315869606));
#5431=CARTESIAN_POINT('',(0.00734876473300863,-0.0249777425222967,0.0073479995690895));
#5432=CARTESIAN_POINT('',(0.00679852791497325,-0.0238145381057588,0.00789953826168047));
#5433=CARTESIAN_POINT('',(0.00679852791497325,-0.0250795407911399,0.0072997314544679));
#5434=CARTESIAN_POINT('',(3.29597460435593E-17,-0.0250795407911399,0.0072997314544679));
#5435=CARTESIAN_POINT('',(-0.00679852791497318,-0.0250795407911399,0.0072997314544679));
#5436=CARTESIAN_POINT('',(-0.00679852791497318,-0.0238145381057588,0.00789953826168045));
#5437=CARTESIAN_POINT('',(-0.00734876473300856,-0.0249777425222967,0.0073479995690895));
#5438=CARTESIAN_POINT('',(-0.00871585157811206,-0.0244497636642508,0.00759834315869606));
#5439=CARTESIAN_POINT('',(-0.00962086734620425,-0.0241002400085574,0.00776407139816104));
#5440=CARTESIAN_POINT('',(-0.00907063052816887,-0.0229370355920195,0.008315610090752));
#5441=CARTESIAN_POINT('',(-0.0104568753006634,-0.0231139270795346,0.00823173618315033));
#5442=CARTESIAN_POINT('',(-0.0109913538031292,-0.019694210980828,0.00985321020723166));
#5443=CARTESIAN_POINT('',(-0.0114108263152669,-0.0170103295971906,0.0111257848367249));
#5444=CARTESIAN_POINT('',(-0.0100245815427724,-0.0168334381096755,0.0112096587443265));
#5445=CARTESIAN_POINT('',(-0.0118507278652567,-0.0238883138550928,0.00786455715281078));
#5446=CARTESIAN_POINT('',(-0.0117135506104939,-0.0247660054073711,0.00744839569025156));
#5447=CARTESIAN_POINT('',(0.00763123742717924,-0.0322371028975217,0.0039059406553906));
#5448=CARTESIAN_POINT('',(0.0133949136804757,-0.0140082586847976,0.0125492304861273));
#5449=CARTESIAN_POINT('',(0.0142279070923905,-0.0191531029893907,-0.004769709704824));
#5450=CARTESIAN_POINT('',(0.0148379362339317,-0.0152499965662428,0.00899875121657832));
#5451=CARTESIAN_POINT('',(0.0148827737305568,-0.0149631159745499,0.00900859888199969));
#5452=CARTESIAN_POINT('',(0.0149273950357226,-0.0146776186254207,0.00900095380418024));
#5453=CARTESIAN_POINT('',(0.0149718001494289,-0.0143935045188552,0.00897581598311998));
#5454=CARTESIAN_POINT('',(0.0148379362339785,-0.0152499965659438,0.00899937560828873));
#5455=CARTESIAN_POINT('',(0.0149718001494289,-0.0143935045188552,0.00897581598311997));
#5456=CARTESIAN_POINT('',(0.0146586031661173,-0.0163974106833795,0.002));
#5457=CARTESIAN_POINT('',(0.0135620036189102,-0.0234137062090515,0.00629952220795993));
#5458=CARTESIAN_POINT('',(0.0136102327663029,-0.0231051250575088,0.00644583737188157));
#5459=CARTESIAN_POINT('',(0.0136102327663029,-0.0231051250575088,-0.004769709704824));
#5460=CARTESIAN_POINT('',(0.0148379356972587,-0.01525,0.002));
#5461=CARTESIAN_POINT('',(0.010424060890121,-0.0252640156928647,-0.004769709704824));
#5462=CARTESIAN_POINT('',(0.0136733186791629,-0.0240091287607728,0.000512355460814461));
#5463=CARTESIAN_POINT('',(0.0125229670171933,-0.0244534029186387,0.000823439575183945));
#5464=CARTESIAN_POINT('',(0.0125229670171933,-0.0244534029186387,-0.004769709704824));
#5465=CARTESIAN_POINT('',(-0.010424060890121,-0.0252640156928647,-0.004769709704824));
#5466=CARTESIAN_POINT('',(-0.0134536704714091,-0.0240939584921956,0.00597918001575799));
#5467=CARTESIAN_POINT('',(-0.0125229670171933,-0.0244534029186387,0.00676499031190622));
#5468=CARTESIAN_POINT('',(-0.0125229670171933,-0.0244534029186387,-0.004769709704824));
#5469=CARTESIAN_POINT('',(-0.0142279070923905,-0.0191531029893907,-0.004769709704824));
#5470=CARTESIAN_POINT('',(-0.0146533143331381,-0.016431249850341,0.002));
#5471=CARTESIAN_POINT('',(-0.0149702541268613,-0.0144033963259889,0.00919683996067836));
#5472=CARTESIAN_POINT('',(-0.0149702541268611,-0.0144033963259899,0.00919683996067877));
#5473=CARTESIAN_POINT('',(-0.0147716808384982,-0.0156739137890024,0.00929807989104189));
#5474=CARTESIAN_POINT('',(-0.0143667115704291,-0.0182650000892151,0.00882068274202865));
#5475=CARTESIAN_POINT('',(-0.0140539748729042,-0.0202659612396606,0.00708225146082662));
#5476=CARTESIAN_POINT('',(-0.013942357232764,-0.0209801165127463,0.00601965135187105));
#5477=CARTESIAN_POINT('',(-0.0139423306108835,-0.0209803463280859,0.00601981574156034));
#5478=CARTESIAN_POINT('',(-0.0148379356972587,-0.01525,0.002));
#5479=CARTESIAN_POINT('',(-0.0139422921696261,-0.0209805328016324,-0.00201995568199392));
#5480=CARTESIAN_POINT('',(-0.0148379356972587,-0.01525,0.002));
#5481=CARTESIAN_POINT('',(-0.0136102327663028,-0.0231051250575088,-0.004769709704824));
#5482=CARTESIAN_POINT('',(-0.0136102327663028,-0.0231051250575088,0.00644583737188157));
#5483=CARTESIAN_POINT('',(-0.0151061894341292,-0.0135336510387564,0.0109841955412764));
#5484=CARTESIAN_POINT('',(-0.01025,0.0388759470059719,-0.004769709704824));
#5485=CARTESIAN_POINT('',(-0.0141248323403115,0.0367338197675121,0.00650541039202355));
#5486=CARTESIAN_POINT('',(-0.0141248323403115,0.0367338197675121,0.00639819589672688));
#5487=CARTESIAN_POINT('',(-0.00925805145174958,0.039424326862889,0.00580197933078069));
#5488=CARTESIAN_POINT('',(0.01025,0.0388759470059719,-0.004769709704824));
#5489=CARTESIAN_POINT('',(0.0152798879246828,0.0360952692930888,0.0065396987278096));
#5490=CARTESIAN_POINT('',(0.0141248323403115,0.0367338197675121,0.00639819589672688));
#5491=CARTESIAN_POINT('',(0.0141248323403115,0.0367338197675121,-0.00200636645172173));
#5492=CARTESIAN_POINT('',(0.0125,0.0779749585925244,0.0169746014119204));
#5493=CARTESIAN_POINT('',(0.0129567805813111,0.0139942642000056,0.0163797472276558));
#5494=CARTESIAN_POINT('',(0.0136749362429771,0.0147790208539524,0.0154445106660025));
#5495=CARTESIAN_POINT('',(0.0112938115758273,0.0121770732175755,0.0185453911093966));
#5496=CARTESIAN_POINT('',(0.014147342914886,0.0136135353787084,0.0148293070059586));
#5497=CARTESIAN_POINT('',(0.00248503036008036,-0.00542245684503544,0.0300168515410521));
#5498=CARTESIAN_POINT('',(0.014147342914886,-0.00624224772012395,0.0148293070059586));
#5499=CARTESIAN_POINT('',(0.0139823965099666,-0.00761580194450887,0.0150441126766903));
#5500=CARTESIAN_POINT('',(0.0134228854461011,-0.00743466251933636,0.0157727502569645));
#5501=CARTESIAN_POINT('',(0.012048657044009,-0.00698976167842904,0.0175623743096626));
#5502=CARTESIAN_POINT('',(0.0122136034489284,-0.00561620745404411,0.017347568638931));
#5503=CARTESIAN_POINT('',(0.0116837523025732,-0.0067130852657217,0.0180375808337185));
#5504=CARTESIAN_POINT('',(0.0113796660274121,-0.00631708114348464,0.0184335849559556));
#5505=CARTESIAN_POINT('',(0.011236367101381,-0.00613046645529982,0.0186201996441404));
#5506=CARTESIAN_POINT('',(0.0117662182477362,-0.00503358864362223,0.0179301874493528));
#5507=CARTESIAN_POINT('',(0.0109135611626222,-0.00503358864362223,0.0190405819266468));
#5508=CARTESIAN_POINT('',(0.0109135611626222,0.00302573730633257,0.0190405819266468));
#5509=CARTESIAN_POINT('',(0.0109135611626222,0.0110115877423315,0.0190405819266468));
#5510=CARTESIAN_POINT('',(0.0117662182477362,0.0110115877423315,0.0179301874493528));
#5511=CARTESIAN_POINT('',(0.00988365237397035,-0.0238647449414831,-0.004769709704824));
#5512=CARTESIAN_POINT('',(0.0173485733852406,-0.0209817382875533,0.00758264772049627));
#5513=CARTESIAN_POINT('',(0.0121075363036774,-0.0230058648331426,0.00490041654513096));
#5514=CARTESIAN_POINT('',(0.0122415852863722,-0.0229540941434759,0.00467743656415493));
#5515=CARTESIAN_POINT('',(0.0123674310429329,-0.022905491599258,0.00444931529078897));
#5516=CARTESIAN_POINT('',(0.0124818757908864,-0.0228612922072806,0.00421404854589378));
#5517=CARTESIAN_POINT('',(0.015,0.00306509918880892,0.018730290295176));
#5518=CARTESIAN_POINT('',(0.015,-0.00581358046763144,0.018730290295176));
#5519=CARTESIAN_POINT('',(-0.00926061018032995,-0.00581358046763144,0.018730290295176));
#5520=CARTESIAN_POINT('',(-0.00926061018032995,0.0779749585925244,0.018730290295176));
#5521=CARTESIAN_POINT('',(0.0135,0.00753349660037634,0.00894499143373494));
#5522=CARTESIAN_POINT('',(0.0135,0.0336163963996963,0.00872831011868316));
#5523=CARTESIAN_POINT('',(0.0135,0.0353652891218495,-0.004769709704824));
#5524=CARTESIAN_POINT('',(0.0135,0.0353652891218495,0.00567330609784825));
#5525=CARTESIAN_POINT('',(0.0135,0.02775,0.0025));
#5526=CARTESIAN_POINT('',(0.0135,0.02775,0.0025));
#5527=CARTESIAN_POINT('',(0.0135,0.01215,0.00865969257229386));
#5528=CARTESIAN_POINT('',(0.0135,0.01215,0.00565969257229386));
#5529=CARTESIAN_POINT('',(0.0135,0.00915,0.00565969257229386));
#5530=CARTESIAN_POINT('',(0.0135,0.00915,0.00865969257229386));
#5531=CARTESIAN_POINT('',(0.0135,0.00657245829830668,0.00865969257229386));
#5532=CARTESIAN_POINT('',(0.0135,0.00465,0.00865969257229386));
#5533=CARTESIAN_POINT('',(0.0135,0.00465,0.00565969257229386));
#5534=CARTESIAN_POINT('',(0.0135,0.00165,0.00565969257229386));
#5535=CARTESIAN_POINT('',(0.0135,-0.00296409559959139,0.00565969257229386));
#5536=CARTESIAN_POINT('',(0.0135,-0.00757819119918277,0.00565969257229386));
#5537=CARTESIAN_POINT('',(0.0135,-0.01525,0.002));
#5538=CARTESIAN_POINT('',(0.0135,-0.0142509712314317,0.0104410865129776));
#5539=CARTESIAN_POINT('',(0.0135,-0.0142509712314317,0.0104410865129776));
#5540=CARTESIAN_POINT('',(0.0135,-0.0141995287961574,0.0104444663604868));
#5541=CARTESIAN_POINT('',(0.0135,-0.0141480602205692,0.0104473851890805));
#5542=CARTESIAN_POINT('',(0.0135,-0.0140965654199013,0.0104498415038017));
#5543=CARTESIAN_POINT('',(0.0135,0.00282676865769922,0.018871560147609));
#5544=CARTESIAN_POINT('',(0.0135,-0.0133359263564122,0.0112079444063952));
#5545=CARTESIAN_POINT('',(0.0135,-0.00926332793593727,0.0152805428268702));
#5546=CARTESIAN_POINT('',(0.0135,-0.00624224772012395,0.0143322210296117));
#5547=CARTESIAN_POINT('',(0.0135,-0.00624224772012395,0.0125670825674891));
#5548=CARTESIAN_POINT('',(0.0135,0.0779749585925244,0.0125670825674891));
#5549=CARTESIAN_POINT('',(0.0135,0.0136135353787084,0.0125670825674891));
#5550=CARTESIAN_POINT('',(0.0135,0.0136135353787084,0.0143322210296117));
#5551=CARTESIAN_POINT('',(0.0135,0.00976425431476786,0.0062864779134016));
#5552=CARTESIAN_POINT('',(-0.0135,0.00753349660037634,0.00894499143373494));
#5553=CARTESIAN_POINT('',(-0.0135,0.0353652891218495,0.00894499143373494));
#5554=CARTESIAN_POINT('',(-0.0135,0.0353652891218495,-0.000673306097848254));
#5555=CARTESIAN_POINT('',(-0.0135,0.02775,0.0025));
#5556=CARTESIAN_POINT('',(0.015,-0.00926332793593727,0.0152805428268702));
#5557=CARTESIAN_POINT('',(0.00957159230331668,-0.00703913212458756,0.0175047386382199));
#5558=CARTESIAN_POINT('',(0.00950504741888195,-0.00695247234839089,0.0175913984144166));
#5559=CARTESIAN_POINT('',(0.00994422093642094,-0.00752439728393967,0.0170194734788678));
#5560=CARTESIAN_POINT('',(0.00827471488964493,-0.00742485030485225,0.0171190204579552));
#5561=CARTESIAN_POINT('',(0.00827471488964493,-0.00643490081119108,0.0181089699516164));
#5562=CARTESIAN_POINT('',(-3.46944695195361E-18,-0.00643490081119108,0.0181089699516164));
#5563=CARTESIAN_POINT('',(-0.00827471488964494,-0.00643490081119108,0.0181089699516164));
#5564=CARTESIAN_POINT('',(-0.00827471488964494,-0.00742485030485225,0.0171190204579552));
#5565=CARTESIAN_POINT('',(-0.00950504741888196,-0.00695247234839089,0.0175913984144166));
#5566=CARTESIAN_POINT('',(-0.00957159230331674,-0.00703913212458762,0.0175047386382198));
#5567=CARTESIAN_POINT('',(-0.00994422093642104,-0.00752439728393979,0.0170194734788677));
#5568=CARTESIAN_POINT('',(-0.00871388840718401,-0.00799677524040115,0.0165470955224063));
#5569=CARTESIAN_POINT('',(-0.0100784034209098,-0.00777530427467766,0.0167685664881298));
#5570=CARTESIAN_POINT('',(-0.0107575806012497,-0.00986755924933381,0.0146763115134736));
#5571=CARTESIAN_POINT('',(-0.0110863425906809,-0.0108803346012988,0.0136635361615086));
#5572=CARTESIAN_POINT('',(-0.00972182757695518,-0.0111018055670223,0.0134420651957851));
#5573=CARTESIAN_POINT('',(-0.00972182757695518,-0.0120917550606835,0.012452115702124));
#5574=CARTESIAN_POINT('',(-1.04083408558608E-17,-0.0120917550606835,0.012452115702124));
#5575=CARTESIAN_POINT('',(0.00972182757695515,-0.0120917550606835,0.012452115702124));
#5576=CARTESIAN_POINT('',(0.00972182757695515,-0.0111018055670223,0.0134420651957851));
#5577=CARTESIAN_POINT('',(0.0110863425906809,-0.0108803346012988,0.0136635361615086));
#5578=CARTESIAN_POINT('',(0.0107575806012496,-0.00986755924933375,0.0146763115134737));
#5579=CARTESIAN_POINT('',(0.0100784034209097,-0.00777530427467753,0.0167685664881299));
#5580=CARTESIAN_POINT('',(0.00871388840718391,-0.00799677524040103,0.0165470955224064));
#5581=CARTESIAN_POINT('',(-0.00578244263603392,-0.00128404790440534,0.0232598228584021));
#5582=CARTESIAN_POINT('',(0.015,-0.0133359263564122,0.0112079444063952));
#5583=CARTESIAN_POINT('',(0.015,0.0397341270589774,-0.00180792353849327));
#5584=CARTESIAN_POINT('',(0.0114329900352931,0.0365079962014571,0.00141820731902704));
#5585=CARTESIAN_POINT('',(0.00767110902395737,0.0385876804495707,-0.000661476929086542));
#5586=CARTESIAN_POINT('',(0.015,0.0385876804495707,-0.000661476929086542));
#5587=CARTESIAN_POINT('',(-0.00767110902395738,0.0385876804495707,-0.000661476929086542));
#5588=CARTESIAN_POINT('',(0.0071861625258193,0.0468012399744228,-0.00887503645393867));
#5589=CARTESIAN_POINT('',(0.015,0.0385876804495707,0.0014598434144731));
#5590=CARTESIAN_POINT('',(0.00767110902395737,0.0385876804495707,0.0014598434144731));
#5591=CARTESIAN_POINT('',(0.00767110902395737,0.0385876804495707,0.00358116375803275));
#5592=CARTESIAN_POINT('',(0.015,0.0385876804495707,0.00358116375803275));
#5593=CARTESIAN_POINT('',(-0.00767110902395738,0.0385876804495707,0.00358116375803275));
#5594=CARTESIAN_POINT('',(-0.00767110902395738,0.0385876804495707,0.0014598434144731));
#5595=CARTESIAN_POINT('',(0.015,0.0397341270589774,0.00472761036743947));
#5596=CARTESIAN_POINT('',(0.0114329900352931,0.0365079962014571,0.00150147950991917));
#5597=CARTESIAN_POINT('',(0.00562472286647708,0.0397189860502649,0.004712469358727));
#5598=CARTESIAN_POINT('',(0.015,0.0397189860502649,0.004712469358727));
#5599=CARTESIAN_POINT('',(-0.00562472286647709,0.0397189860502649,0.004712469358727));
#5600=CARTESIAN_POINT('',(0.00718616252581932,0.0468012399744228,0.0117947232828849));
#5601=CARTESIAN_POINT('',(0.015,0.0391292784570122,0.00606836964825501));
#5602=CARTESIAN_POINT('',(0.00953551978135914,0.0375569764819284,0.00968352523999863));
#5603=CARTESIAN_POINT('',(0.000733724328159964,0.0432341324446623,-0.00336982103134019));
#5604=CARTESIAN_POINT('',(0.015,0.0235222253332856,0.010965179153383));
#5605=CARTESIAN_POINT('',(0.015,-0.0160168380032913,0.00993677789116441));
#5606=CARTESIAN_POINT('',(0.015,-0.0149257852737094,0.0104541055314879));
#5607=CARTESIAN_POINT('',(0.0100245815427724,-0.0149257852737094,0.0104541055314879));
#5608=CARTESIAN_POINT('',(-0.0100245815427724,-0.0149257852737094,0.0104541055314879));
#5609=CARTESIAN_POINT('',(-0.0100245815427724,-0.0161907879590906,0.00985429872427533));
#5610=CARTESIAN_POINT('',(-0.0114108263152669,-0.0163676794466057,0.00977042481667365));
#5611=CARTESIAN_POINT('',(-0.0109481564621634,-0.0193279473296823,0.00836680026475653));
#5612=CARTESIAN_POINT('',(-0.0104568753006634,-0.0224712769289497,0.00687637616309911));
#5613=CARTESIAN_POINT('',(-0.00907063052816887,-0.0222943854414346,0.00696025007070078));
#5614=CARTESIAN_POINT('',(-0.00962086734620425,-0.0234575898579726,0.00640871137810982));
#5615=CARTESIAN_POINT('',(0.00822077687507429,-0.0303481623006462,0.00314151494882971));
#5616=CARTESIAN_POINT('',(0.00801733647310078,-0.0307782367091941,0.00293759320159863));
#5617=CARTESIAN_POINT('',(-0.0122525012816023,-0.0220783458451451,0.00706268623308574));
#5618=CARTESIAN_POINT('',(-0.0126522689197512,-0.0215072644966861,0.00733346706559808));
#5619=CARTESIAN_POINT('',(-0.0133766561930973,-0.0203212835660123,0.00789580534648936));
#5620=CARTESIAN_POINT('',(-0.0140563369853242,-0.0184041474788788,0.00880482418788286));
#5621=CARTESIAN_POINT('',(-0.0140770684429761,-0.0163604535343985,0.0097738510159844));
#5622=CARTESIAN_POINT('',(-0.0136982092805169,-0.0150541342299796,0.0103932482870258));
#5623=CARTESIAN_POINT('',(-0.0134502772465869,-0.0144147002068408,0.0106964388527647));
#5624=CARTESIAN_POINT('',(-0.0134502772618236,-0.01441470020145,0.0106964388553208));
#5625=CARTESIAN_POINT('',(-0.0126484595099569,-0.0195449141607343,0.00826392444978134));
#5626=CARTESIAN_POINT('',(0.0133844697054683,-0.0148357521443284,0.0104967951514401));
#5627=CARTESIAN_POINT('',(0.0137793492801618,-0.0159840777504091,0.0099523113148574));
#5628=CARTESIAN_POINT('',(0.0140271897175332,-0.0177997735320806,0.00909139085811895));
#5629=CARTESIAN_POINT('',(0.013258741394235,-0.0201253880851588,0.00798869008442956));
#5630=CARTESIAN_POINT('',(0.0126490979847126,-0.0211941159902942,0.00748194786169259));
#5631=CARTESIAN_POINT('',(0.0123098303536533,-0.0217115412135265,0.00723660832628702));
#5632=CARTESIAN_POINT('',(0.0171451329832671,-0.0205516638790054,0.00778656946772736));
#5633=CARTESIAN_POINT('',(0.00962086734620428,-0.0234575898579726,0.00640871137810982));
#5634=CARTESIAN_POINT('',(0.0090706305281689,-0.0222943854414346,0.00696025007070078));
#5635=CARTESIAN_POINT('',(0.0104568753006634,-0.0224712769289497,0.00687637616309911));
#5636=CARTESIAN_POINT('',(0.0115347701978525,-0.0155746580460096,0.0101464395396775));
#5637=CARTESIAN_POINT('',(0.0114108263152669,-0.0163676794466057,0.00977042481667365));
#5638=CARTESIAN_POINT('',(0.0100245815427724,-0.0161907879590906,0.00985429872427533));
#5639=CARTESIAN_POINT('',(0.0127458988168462,-0.0189214751171078,-0.004769709704824));
#5640=CARTESIAN_POINT('',(0.012107536323651,-0.0230058648254287,-0.004769709704824));
#5641=CARTESIAN_POINT('',(0.012107536323651,-0.0230058648254287,-0.000901009550919594));
#5642=CARTESIAN_POINT('',(0.0121075363236313,-0.0230058648255549,-0.000901009550919596));
#5643=CARTESIAN_POINT('',(0.0121150980295184,-0.0229574832962018,-0.00102485185283043));
#5644=CARTESIAN_POINT('',(0.0121226597354054,-0.0229091017668488,-0.00114869415474127));
#5645=CARTESIAN_POINT('',(0.0121302214412925,-0.0228607202374957,-0.0012725364566521));
#5646=CARTESIAN_POINT('',(0.00988365237397035,-0.0238647449414831,-0.004769709704824));
#5647=CARTESIAN_POINT('',(0.012694083488784,-0.0227793360547466,0.0037332999522642));
#5648=CARTESIAN_POINT('',(0.0128435058466303,-0.0227216280560596,0.00335488756924978));
#5649=CARTESIAN_POINT('',(0.013067328158639,-0.0226351862552898,0.00257809978690719));
#5650=CARTESIAN_POINT('',(0.0130559941046777,-0.0226395635491602,0.000916594583741309));
#5651=CARTESIAN_POINT('',(0.0125252652847847,-0.0228445348699383,-0.000211012581533677));
#5652=CARTESIAN_POINT('',(0.012107536323781,-0.0230058648253785,-0.00090100955105147));
#5653=CARTESIAN_POINT('',(-0.00988365237397031,-0.0238647449414831,-0.004769709704824));
#5654=CARTESIAN_POINT('',(-0.0122385324259145,-0.0229552731803336,-0.00120865336263114));
#5655=CARTESIAN_POINT('',(-0.0125632687981518,-0.0228298576373534,-0.000714237182851165));
#5656=CARTESIAN_POINT('',(-0.0131553766544722,-0.0226011812873909,0.000320574295735426));
#5657=CARTESIAN_POINT('',(-0.0135295464904502,-0.0224566741820651,0.00212209201413236));
#5658=CARTESIAN_POINT('',(-0.0130473922014505,-0.022642885666595,0.00390152339545017));
#5659=CARTESIAN_POINT('',(-0.0124393382295962,-0.0228777205220687,0.00491908597868522));
#5660=CARTESIAN_POINT('',(-0.0121063919280624,-0.0230063067993078,0.00540792342944656));
#5661=CARTESIAN_POINT('',(-0.0127458988168462,-0.0189214751171078,-0.004769709704824));
#5662=CARTESIAN_POINT('',(-0.0134502772631011,-0.0144147001932764,0.0106964388376616));
#5663=CARTESIAN_POINT('',(-0.0134668511327001,-0.0143086567725888,0.0106877032257838));
#5664=CARTESIAN_POINT('',(-0.0134834250022991,-0.0142026133519012,0.010678967613906));
#5665=CARTESIAN_POINT('',(-0.013499998871898,-0.0140965699312136,0.0106702320020282));
#5666=CARTESIAN_POINT('',(-0.0095242703487319,0.0375631955164392,-0.004769709704824));
#5667=CARTESIAN_POINT('',(-0.0272750774278848,0.02775,0.0025));
#5668=CARTESIAN_POINT('',(-0.0149,0.0345913257937736,0.00215538226475048));
#5669=CARTESIAN_POINT('',(-0.0149,0.0345913257937736,0.00215538226475048));
#5670=CARTESIAN_POINT('',(-0.0148391448729074,0.0346249683914129,0.00161362938761063));
#5671=CARTESIAN_POINT('',(-0.0144324676654129,0.0348497921378165,0.000590360425412831));
#5672=CARTESIAN_POINT('',(-0.0138221673830201,0.0351871850218782,-0.000263145005689283));
#5673=CARTESIAN_POINT('',(-0.0135,0.0353652891218495,-0.000673306097848247));
#5674=CARTESIAN_POINT('',(0.0095242703487319,0.0375631955164392,-0.004769709704824));
#5675=CARTESIAN_POINT('',(0.0272750774278848,0.02775,0.0025));
#5676=CARTESIAN_POINT('',(0.0149,0.0345913257937736,0.00284461773524961));
#5677=CARTESIAN_POINT('',(0.0149,0.0345913257937736,0.00284461773524962));
#5678=CARTESIAN_POINT('',(0.0148391448729074,0.0346249683914129,0.00338637061238945));
#5679=CARTESIAN_POINT('',(0.0144324676654129,0.0348497921378165,0.0044096395745872));
#5680=CARTESIAN_POINT('',(0.0138221673830201,0.0351871850218782,0.0052631450056893));
#5681=CARTESIAN_POINT('',(0.0135,0.0353652891218495,0.00567330609784825));
#5682=CARTESIAN_POINT('',(-0.0113102916314708,0.0779749585925244,0.0160610402492982));
#5683=CARTESIAN_POINT('',(-0.0134184988636765,-0.00639145066339575,0.0133155735095016));
#5684=CARTESIAN_POINT('',(-0.0132535524587571,-0.00776500488778067,0.0135303791802333));
#5685=CARTESIAN_POINT('',(-0.0122331770775719,-0.00743466251933646,0.0148591890943423));
#5686=CARTESIAN_POINT('',(-0.0108589486754799,-0.0069897616784292,0.0166488131470403));
#5687=CARTESIAN_POINT('',(-0.0110238950803993,-0.00561620745404427,0.0164340074763087));
#5688=CARTESIAN_POINT('',(-0.0104940439340441,-0.00671308526572186,0.0171240196710962));
#5689=CARTESIAN_POINT('',(-0.010189957658883,-0.00631708114348472,0.0175200237933333));
#5690=CARTESIAN_POINT('',(-0.0100466587328518,-0.00613046645529981,0.0177066384815182));
#5691=CARTESIAN_POINT('',(-0.0105765098792069,-0.00503358864362222,0.0170166262867307));
#5692=CARTESIAN_POINT('',(-0.00972385279409293,-0.00503358864362222,0.0181270207640246));
#5693=CARTESIAN_POINT('',(-0.00972385279409293,0.00302573730633257,0.0181270207640246));
#5694=CARTESIAN_POINT('',(-0.00972385279409293,0.0110115877423315,0.0181270207640246));
#5695=CARTESIAN_POINT('',(-0.0105765098792069,0.0110115877423315,0.0170166262867307));
#5696=CARTESIAN_POINT('',(-0.0101041032072981,0.0121770732175755,0.0176318299467745));
#5697=CARTESIAN_POINT('',(-0.0117670722127819,0.0139942642000056,0.0154661860650336));
#5698=CARTESIAN_POINT('',(-0.0131751340069987,0.0155329081474981,0.0136325016128861));
#5699=CARTESIAN_POINT('',(-0.0136475406789075,0.0143674226722541,0.0130172979528423));
#5700=CARTESIAN_POINT('',(-0.0779749585925244,-0.01525,0.002));
#5701=CARTESIAN_POINT('',(-0.0139423780432628,-0.020980594977712,0.00601998522403024));
#5702=CARTESIAN_POINT('',(-0.0137783198442025,-0.0218215671947889,0.00482115714506926));
#5703=CARTESIAN_POINT('',(-0.0136545662656876,-0.0224585365080747,0.00268583159703112));
#5704=CARTESIAN_POINT('',(-0.0137360146263427,-0.022045250085349,-8.30875662535E-5));
#5705=CARTESIAN_POINT('',(-0.0138597541030191,-0.0214057368499485,-0.00141393619062748));
#5706=CARTESIAN_POINT('',(-0.0139423056444156,-0.0209805889901197,-0.00201999375948761));
#5707=CARTESIAN_POINT('',(-0.0779749585925244,-0.01525,0.002));
#5708=CARTESIAN_POINT('',(0.0137956068042111,-0.0207419671828827,-0.00234031064120294));
#5709=CARTESIAN_POINT('',(0.0137156841007897,-0.0211637081012304,-0.00180666513176489));
#5710=CARTESIAN_POINT('',(0.0135893191823726,-0.0218334097090943,-0.000631247343203019));
#5711=CARTESIAN_POINT('',(0.013500769583467,-0.0222933915934979,0.00122099369408063));
#5712=CARTESIAN_POINT('',(0.0135097522830371,-0.0222524332400151,0.00285570314149032));
#5713=CARTESIAN_POINT('',(0.0135614612143587,-0.0219786314788471,0.00397716997245224));
#5714=CARTESIAN_POINT('',(0.0136029980793028,-0.0217584045877115,0.00459403787059376));
#5715=CARTESIAN_POINT('',(0.0136425494532645,-0.0215487882995467,0.00506594591163283));
#5716=CARTESIAN_POINT('',(0.0136807400596399,-0.0213477870037273,0.00544677714266124));
#5717=CARTESIAN_POINT('',(0.0137424447680993,-0.0210244494919587,0.00597894626728656));
#5718=CARTESIAN_POINT('',(0.013834263388407,-0.0205429957586617,0.00661486142245688));
#5719=CARTESIAN_POINT('',(0.0139460162602916,-0.0199534646802962,0.00720501145235905));
#5720=CARTESIAN_POINT('',(0.0140366154738078,-0.0194744503198738,0.00758578573616843));
#5721=CARTESIAN_POINT('',(0.0140888462059299,-0.0191984232606315,0.00778267586406101));
#5722=CARTESIAN_POINT('',(0.0141369298407312,-0.0189444403852424,0.00794712837055491));
#5723=CARTESIAN_POINT('',(0.0141583577627546,-0.0188318229258887,0.00801466165141577));
#5724=CARTESIAN_POINT('',(0.0141999617149993,-0.0186140780688086,0.00814116352600695));
#5725=CARTESIAN_POINT('',(0.0142540371866055,-0.0183321828077791,0.00828914078631026));
#5726=CARTESIAN_POINT('',(0.0143292571231188,-0.0179393463023747,0.00846806413480396));
#5727=CARTESIAN_POINT('',(0.0144408308266115,-0.0173538939042376,0.00868990784958239));
#5728=CARTESIAN_POINT('',(0.0146025978022756,-0.016497602839458,0.00891942259334903));
#5729=CARTESIAN_POINT('',(0.0147555527669048,-0.0156840863809932,0.00900000010606189));
#5730=CARTESIAN_POINT('',(0.0148379360217955,-0.0152499982896681,0.00899999999999979));
#5731=CARTESIAN_POINT('',(-0.0779749585925244,0.02775,0.0025));
#5732=CARTESIAN_POINT('',(-0.0149,0.02775,0.0025));
#5733=CARTESIAN_POINT('',(-0.0779749585925244,0.02775,0.0025));
#5734=CARTESIAN_POINT('',(0.0149,0.02775,0.0025));
#5735=CARTESIAN_POINT('',(0.0135,0.02775,0.0025));
#5736=CARTESIAN_POINT('',(-0.0149,0.02775,0.0025));
#5737=CARTESIAN_POINT('',(-0.0134514257747542,-0.0241212086288417,0.0059640567007214));
#5738=CARTESIAN_POINT('',(-0.0131234062036734,-0.023708820591136,0.00658873907633839));
#5739=CARTESIAN_POINT('',(-0.0136102327663028,-0.0231051250575088,-0.004769709704824));
#5740=CARTESIAN_POINT('',(-0.0147259289617759,-0.0217215916560978,-0.00323148371630524));
#5741=CARTESIAN_POINT('',(-0.0117870982565674,-0.0247376007728559,0.00102243705504978));
#5742=CARTESIAN_POINT('',(0.0117870982565675,-0.0247376007728559,0.00102243705504979));
#5743=CARTESIAN_POINT('',(0.0122775020795915,-0.0247577948681903,0.00127525922425827));
#5744=CARTESIAN_POINT('',(0.0125229670171933,-0.0244534029186387,-0.004769709704824));
#5745=CARTESIAN_POINT('',(0.0138133507060623,-0.0228532460466963,0.006386214701252));
#5746=CARTESIAN_POINT('',(0.0134514257747542,-0.0241212086288417,0.0059640567007214));
#5747=CARTESIAN_POINT('',(0.0075,-0.0227419697225129,0.00769833508189778));
#5748=CARTESIAN_POINT('',(0.0075,-0.0215172181987396,0.00511531343581474));
#5749=CARTESIAN_POINT('',(0.0075,-0.0234198173469135,0.00421318735050313));
#5750=CARTESIAN_POINT('',(0.0075,-0.0246445688706869,0.00679620899658617));
#5751=CARTESIAN_POINT('',(-0.0075,-0.0227419697225129,0.00769833508189778));
#5752=CARTESIAN_POINT('',(-0.0075,-0.0246445688706868,0.00679620899658618));
#5753=CARTESIAN_POINT('',(-0.0075,-0.0234198173469134,0.00421318735050314));
#5754=CARTESIAN_POINT('',(-0.0075,-0.0215172181987396,0.00511531343581474));
#5755=CARTESIAN_POINT('',(0.01425,0.00165,0.00865969257229386));
#5756=CARTESIAN_POINT('',(0.0126,0.00165,0.00865969257229386));
#5757=CARTESIAN_POINT('',(0.0126,0.00165,0.00565969257229386));
#5758=CARTESIAN_POINT('',(0.0126,0.00165,0.00565969257229386));
#5759=CARTESIAN_POINT('',(0.015,0.00165,0.00565969257229386));
#5760=CARTESIAN_POINT('',(0.01425,0.01215,0.00865969257229386));
#5761=CARTESIAN_POINT('',(0.01425,0.01215,0.00565969257229386));
#5762=CARTESIAN_POINT('',(-3.46944695195361E-18,0.00657245829830669,0.00865969257229386));
#5763=CARTESIAN_POINT('',(0.0135,0.00465,0.00865969257229386));
#5764=CARTESIAN_POINT('',(-3.46944695195361E-18,0.00915,0.00865969257229386));
#5765=CARTESIAN_POINT('',(-0.01425,0.00165,0.00865969257229386));
#5766=CARTESIAN_POINT('',(-0.01425,0.00165,0.00565969257229386));
#5767=CARTESIAN_POINT('',(-0.0126,0.00165,0.00565969257229386));
#5768=CARTESIAN_POINT('',(-0.0126,0.00165,0.00565969257229386));
#5769=CARTESIAN_POINT('',(-0.0126,0.00165,0.00865969257229386));
#5770=CARTESIAN_POINT('',(-0.01425,0.01215,0.00865969257229386));
#5771=CARTESIAN_POINT('',(-0.015,0.01215,0.00565969257229386));
#5772=CARTESIAN_POINT('',(-3.46944695195361E-18,0.00657245829830669,0.00865969257229386));
#5773=CARTESIAN_POINT('',(-3.46944695195361E-18,0.00465,0.00865969257229386));
#5774=CARTESIAN_POINT('',(-0.0135,0.00915,0.00865969257229386));
#5775=CARTESIAN_POINT('',(0.01425,0.00465,0.00565969257229386));
#5776=CARTESIAN_POINT('',(-3.46944695195361E-18,0.00915,0.00565969257229386));
#5777=CARTESIAN_POINT('',(-3.46944695195361E-18,0.00465,0.00565969257229386));
#5778=CARTESIAN_POINT('',(-0.01425,0.00915,0.00565969257229386));
#5779=CARTESIAN_POINT('',(-0.00925805145174958,0.039424326862889,0.00580197933078068));
#5780=CARTESIAN_POINT('',(-0.0137889190237965,0.0373033504325197,0.00442115687722902));
#5781=CARTESIAN_POINT('',(0.00925805145174958,0.039424326862889,0.00580197933078067));
#5782=CARTESIAN_POINT('',(0.0137889190237965,0.0373033504325196,0.00442115687722903));
#5783=CARTESIAN_POINT('',(-6.93889390390723E-18,0.0211056975996083,-0.0671493224938803));
#5784=CARTESIAN_POINT('',(-0.0071518391174969,0.0377187345989967,0.00781923167851123));
#5785=CARTESIAN_POINT('',(0.00715183911749689,0.0380432619824394,0.00928370495494748));
#5786=CARTESIAN_POINT('',(-0.0105103472151409,0.0194529250144932,-0.0667830679700842));
#5787=CARTESIAN_POINT('',(-0.00784166517128084,0.0378658194232118,0.00932302623884114));
#5788=CARTESIAN_POINT('',(-0.0127898260537839,0.0181927585657541,-0.0665038149943612));
#5789=CARTESIAN_POINT('',(0.0105103472151409,0.0194529250144932,-0.0667830679700842));
#5790=CARTESIAN_POINT('',(0.00784166517128083,0.0375412920397692,0.00785855296240494));
#5791=CARTESIAN_POINT('',(0.0127898260537839,0.0351303229485852,0.00992921245446653));
#5792=CARTESIAN_POINT('',(-2.60208521396521E-18,0.0179724269389853,-0.0589287795789653));
#5793=CARTESIAN_POINT('',(-0.0100245815427724,-0.0149257852737094,0.0104541055314879));
#5794=CARTESIAN_POINT('',(0.0100245815427724,-0.0155684354242943,0.0118094655515391));
#5795=CARTESIAN_POINT('',(-0.0109913538031292,0.0138466513824516,-0.0608850349232728));
#5796=CARTESIAN_POINT('',(-0.0114108263152669,-0.0170103295971906,0.0111257848367249));
#5797=CARTESIAN_POINT('',(-0.0104568753006634,-0.0224712769289497,0.00687637616309907));
#5798=CARTESIAN_POINT('',(3.29597460435593E-17,0.00846132157213972,-0.0634385136760366));
#5799=CARTESIAN_POINT('',(-0.0055,-0.0235800237731085,0.00413722474101507));
#5800=CARTESIAN_POINT('',(-0.00679852791497318,-0.0242317251416597,0.00551167393260561));
#5801=CARTESIAN_POINT('',(-0.00679852791497318,-0.0250795407911399,0.00729973145446792));
#5802=CARTESIAN_POINT('',(0.00679852791497325,-0.024436890640555,0.00594437143441668));
#5803=CARTESIAN_POINT('',(0.00679852791497325,-0.0242317251416597,0.00551167393260557));
#5804=CARTESIAN_POINT('',(0.0055,-0.0235800237731085,0.00413722474101507));
#5805=CARTESIAN_POINT('',(0.0109913538031292,0.0138466513824516,-0.0608850349232728));
#5806=CARTESIAN_POINT('',(0.0104568753006634,-0.0231139270795346,0.00823173618315031));
#5807=CARTESIAN_POINT('',(0.0114108263152669,-0.0163676794466057,0.00977042481667366));
#5808=CARTESIAN_POINT('',(0.0087158515781121,0.00909109869902881,-0.0631399019718084));
#5809=CARTESIAN_POINT('',(0.0055,-0.0241922318572819,0.003846943478721));
#5810=CARTESIAN_POINT('',(0.00734876473300863,-0.0238050921267307,0.00487486008223044));
#5811=CARTESIAN_POINT('',(0.00734876473300863,-0.0249777425222967,0.0073479995690895));
#5812=CARTESIAN_POINT('',(0.00962086734620428,-0.0234575898579726,0.00640871137810983));
#5813=CARTESIAN_POINT('',(-0.00871585157811206,0.00909109869902881,-0.0631399019718084));
#5814=CARTESIAN_POINT('',(-0.00962086734620425,-0.0241002400085574,0.00776407139816101));
#5815=CARTESIAN_POINT('',(-0.00734876473300856,-0.0243350923717118,0.00599263954903832));
#5816=CARTESIAN_POINT('',(-0.00734876473300856,-0.0238050921267308,0.00487486008223059));
#5817=CARTESIAN_POINT('',(-0.0055,-0.0241922318572819,0.00384694347872101));
#5818=CARTESIAN_POINT('',(0.0114411764705882,-0.0441924524000619,-0.0339219867562323));
#5819=CARTESIAN_POINT('',(0.0133067079012209,-0.0421539135686064,-0.0363514227322621));
#5820=CARTESIAN_POINT('',(0.00978833636635957,-0.0459985751377069,-0.0317695334949777));
#5821=CARTESIAN_POINT('',(-0.0114411764705882,-0.0441924524000619,-0.0339219867562323));
#5822=CARTESIAN_POINT('',(-0.0133067079012209,-0.0421539135686064,-0.0363514227322621));
#5823=CARTESIAN_POINT('',(-0.0133067079012209,0.0178234809519397,0.0139755868889022));
#5824=CARTESIAN_POINT('',(-0.0132204080301005,0.0187957350596783,0.0149829209695256));
#5825=CARTESIAN_POINT('',(-0.00978833636635957,0.0128238478349181,0.0175883399263059));
#5826=CARTESIAN_POINT('',(-3.46944695195361E-18,-0.0464422090339647,-0.0312408312053158));
#5827=CARTESIAN_POINT('',(-0.00858162846513869,0.0135292806033387,0.0190812236304976));
#5828=CARTESIAN_POINT('',(0.00858162846513869,-0.0464422090339647,-0.0312408312053158));
#5829=CARTESIAN_POINT('',(0.0107175745838032,0.00436462752643401,-0.00792048920844158));
#5830=CARTESIAN_POINT('',(-0.0135,-0.00528386075279874,0.0106758627866436));
#5831=CARTESIAN_POINT('',(-0.015,0.0139297808976887,0.0118276927478191));
#5832=CARTESIAN_POINT('',(0.0111743551651142,0.0153331544201071,-0.00732563502417697));
#5833=CARTESIAN_POINT('',(-0.0133005161368236,0.0148296835512499,0.0109356457449365));
#5834=CARTESIAN_POINT('',(-0.0154904222693744,0.0152673253258153,0.0130802475964634));
#5835=CARTESIAN_POINT('',(0.0111743551651142,-0.00682766554864514,-0.00732563502417697));
#5836=CARTESIAN_POINT('',(-0.0138162114003063,-0.00717158887887694,0.0121552881911948));
#5837=CARTESIAN_POINT('',(-0.0148553470829865,-0.00606399896827994,0.0120160707053597));
#5838=CARTESIAN_POINT('',(0.0157175745838031,0.00302573730633257,-0.00140911144193026));
#5839=CARTESIAN_POINT('',(-0.00972385279409294,0.0110115877423315,0.0181270207640246));
#5840=CARTESIAN_POINT('',(-0.0109135611626221,-0.00503358864362222,0.0190405819266468));
#5841=CARTESIAN_POINT('',(0.0152514697190131,-0.00631708114348472,-0.00201610841262159));
#5842=CARTESIAN_POINT('',(-0.0116837523025734,-0.00671308526572186,0.0180375808337183));
#5843=CARTESIAN_POINT('',(-0.0100466587328518,-0.00613046645529981,0.0177066384815182));
#5844=CARTESIAN_POINT('',(0.0136743551651142,0.0139942642000056,-0.00406994614092132));
#5845=CARTESIAN_POINT('',(-0.0112938115758273,0.0121770732175755,0.0185453911093966));
#5846=CARTESIAN_POINT('',(-0.0128648423755279,0.0155329081474981,0.0133942328143327));
#5847=CARTESIAN_POINT('',(0.0132082503003242,-0.00743466251933646,-0.00467694311161264));
#5848=CARTESIAN_POINT('',(-0.0108589486754799,-0.0069897616784292,0.0166488131470403));
#5849=CARTESIAN_POINT('',(-0.0144432608272863,-0.00776500488778067,0.0144439403428554));
#5850=CARTESIAN_POINT('',(-0.0116311357464253,0.0779749585925244,-0.00673078083991237));
#5851=CARTESIAN_POINT('',(-0.0116311357464253,-0.00624224772012395,-0.00673078083991237));
#5852=CARTESIAN_POINT('',(-0.0116311357464253,0.0136135353787084,-0.00673078083991237));
#5853=CARTESIAN_POINT('',(-0.0132082503003242,-0.00743466251933636,-0.00467694311161258));
#5854=CARTESIAN_POINT('',(0.012048657044009,-0.00698976167842904,0.0175623743096626));
#5855=CARTESIAN_POINT('',(-0.0126487392364588,-0.00761580194450887,-0.00540558069188674));
#5856=CARTESIAN_POINT('',(-0.0136743551651142,0.0139942642000056,-0.00406994614092132));
#5857=CARTESIAN_POINT('',(0.0101041032072981,0.0121770732175755,0.0176318299467745));
#5858=CARTESIAN_POINT('',(-0.0129561995034482,0.0147790208539524,-0.00500518270257462));
#5859=CARTESIAN_POINT('',(-0.0152514697190132,-0.00631708114348464,-0.00201610841262152));
#5860=CARTESIAN_POINT('',(0.010494043934044,-0.0067130852657217,0.0171240196710963));
#5861=CARTESIAN_POINT('',(0.011236367101381,-0.00613046645529982,0.0186201996441404));
#5862=CARTESIAN_POINT('',(-0.0157175745838031,0.00302573730633257,-0.00140911144193027));
#5863=CARTESIAN_POINT('',(0.00972385279409293,-0.00503358864362223,0.0181270207640246));
#5864=CARTESIAN_POINT('',(0.0109135611626222,0.0110115877423315,0.0190405819266468));
#5865=CARTESIAN_POINT('',(0.00957159230331668,-0.00703771791102519,0.0175033244246575));
#5866=CARTESIAN_POINT('',(0.00994422093642094,-0.00858505745571949,0.0180801336506476));
#5867=CARTESIAN_POINT('',(0.00950504741888195,-0.00695247234839089,0.0175913984144166));
#5868=CARTESIAN_POINT('',(0.0107575806012496,-0.00986614503577138,0.0146748972999113));
#5869=CARTESIAN_POINT('',(0.0100784034209097,-0.00777530427467753,0.0167685664881299));
#5870=CARTESIAN_POINT('',(0.0110863425906809,-0.0119409947730786,0.0147241963332885));
#5871=CARTESIAN_POINT('',(-1.04083408558608E-17,-0.0120903408471211,0.0124507014885616));
#5872=CARTESIAN_POINT('',(0.00972182757695515,-0.0120917550606835,0.012452115702124));
#5873=CARTESIAN_POINT('',(-0.00972182757695518,-0.0131524152324633,0.0135127758739038));
#5874=CARTESIAN_POINT('',(-0.0107575806012497,-0.00986614503577144,0.0146748972999113));
#5875=CARTESIAN_POINT('',(-0.0110863425906809,-0.0108803346012988,0.0136635361615086));
#5876=CARTESIAN_POINT('',(-0.0100784034209098,-0.00883596444645748,0.0178292266599096));
#5877=CARTESIAN_POINT('',(-0.00957159230331674,-0.00703771791102525,0.0175033244246575));
#5878=CARTESIAN_POINT('',(-0.00994422093642104,-0.00752439728393979,0.0170194734788677));
#5879=CARTESIAN_POINT('',(-0.00950504741888196,-0.00801313252017071,0.0186520585861964));
#5880=CARTESIAN_POINT('',(-3.46944695195361E-18,-0.00643348659762871,0.018107555738054));
#5881=CARTESIAN_POINT('',(0.00827471488964493,-0.0074955609829709,0.0191696301233962));
#5882=CARTESIAN_POINT('',(-0.00827471488964494,-0.00643490081119108,0.0181089699516164));
#5883=CARTESIAN_POINT('',(0.015,0.03525,0.00894499143373494));
#5884=CARTESIAN_POINT('',(-0.0141248323403115,0.0367338197675121,-0.004769709704824));
#5885=CARTESIAN_POINT('',(-0.0152168903418957,-0.01525,0.002));
#5886=CARTESIAN_POINT('',(-0.0135,-0.0142631292966927,0.0106596412955589));
#5887=CARTESIAN_POINT('',(-0.0139900847089537,-0.0143081193603593,0.0101718556090424));
#5888=CARTESIAN_POINT('',(-0.0144801694179074,-0.0143548753859096,0.00968425196562663));
#5889=CARTESIAN_POINT('',(-0.014970254126861,-0.0144033963259906,0.0091968399606788));
#5890=CARTESIAN_POINT('',(-0.0135,-0.01525,0.002));
#5891=CARTESIAN_POINT('',(-0.0153979286382987,-0.0135004184652465,0.00877782888934572));
#5892=CARTESIAN_POINT('',(-0.0151128778524213,-0.0149652179509245,0.00915958275667432));
#5893=CARTESIAN_POINT('',(-0.014804205840927,-0.0165514005754989,0.00904256556717845));
#5894=CARTESIAN_POINT('',(-0.0142605854603019,-0.0193449198127554,0.00787562804753838));
#5895=CARTESIAN_POINT('',(-0.0140280291876707,-0.0205399640835256,0.00682780009638573));
#5896=CARTESIAN_POINT('',(-0.013731833282476,-0.0220620353462085,0.00421078000209417));
#5897=CARTESIAN_POINT('',(-0.013669590889471,-0.0223818822990258,0.00265393338923705));
#5898=CARTESIAN_POINT('',(-0.0137410145974636,-0.0220148550326013,-0.000351193397533675));
#5899=CARTESIAN_POINT('',(-0.0138738517624363,-0.0213322404931181,-0.00178775350953817));
#5900=CARTESIAN_POINT('',(-0.0140793736928994,-0.0202761184511765,-0.00287217952406752));
#5901=CARTESIAN_POINT('',(-0.013701631508371,-0.0128064780570031,0.0104390677880209));
#5902=CARTESIAN_POINT('',(-0.0134165807224936,-0.0146302983919966,0.0109143891360988));
#5903=CARTESIAN_POINT('',(-0.0131079087176799,-0.0166052527058025,0.0107686911715116));
#5904=CARTESIAN_POINT('',(-0.0125642883236936,-0.0200834607241297,0.00931573842876083));
#5905=CARTESIAN_POINT('',(-0.0123317320551774,-0.0215714090918025,0.00801108891272723));
#5906=CARTESIAN_POINT('',(-0.012035536155114,-0.0234665384246842,0.00475263993794614));
#5907=CARTESIAN_POINT('',(-0.0119732937608044,-0.0238647795454412,0.00281421172516153));
#5908=CARTESIAN_POINT('',(-0.0120447174662748,-0.0234077942891595,-0.000927468418086801));
#5909=CARTESIAN_POINT('',(-0.0121775546325087,-0.0225578716191536,-0.00271612800399159));
#5910=CARTESIAN_POINT('',(-0.0123830765629718,-0.0212428951495679,-0.00406634572077286));
#5911=CARTESIAN_POINT('',(0.0139006917641708,-0.0201884602574977,-0.00296100899869333));
#5912=CARTESIAN_POINT('',(0.0136948681761119,-0.02127297152911,-0.00188656842608585));
#5913=CARTESIAN_POINT('',(0.0135599911161463,-0.0219836563111323,-0.000447133095370074));
#5914=CARTESIAN_POINT('',(0.0134826611233349,-0.0223911181070745,0.00257880902180259));
#5915=CARTESIAN_POINT('',(0.0135410725310503,-0.0220833407980906,0.00415314677072758));
#5916=CARTESIAN_POINT('',(0.0138289817509696,-0.0205663096494823,0.00680285739846253));
#5917=CARTESIAN_POINT('',(0.0140570757728876,-0.0193644525635651,0.00786531047917856));
#5918=CARTESIAN_POINT('',(0.0145914691905351,-0.0165486640993754,0.0090458539916736));
#5919=CARTESIAN_POINT('',(0.014895339522866,-0.0149475317722718,0.00916171160703447));
#5920=CARTESIAN_POINT('',(0.0151753903277652,-0.0134719076351082,0.00877040527161508));
#5921=CARTESIAN_POINT('',(0.0124186834886265,-0.0210150738689643,-0.00402408235555618));
#5922=CARTESIAN_POINT('',(0.0122128599005677,-0.022331980413065,-0.00271940451738996));
#5923=CARTESIAN_POINT('',(0.0120779828393737,-0.0231949547990946,-0.000971518700295908));
#5924=CARTESIAN_POINT('',(0.012000652849019,-0.0236897298213052,0.00270283946810682));
#5925=CARTESIAN_POINT('',(0.0120590642578245,-0.0233160002248506,0.00461453539036415));
#5926=CARTESIAN_POINT('',(0.0123469734731069,-0.0214738910026365,0.00783204110079527));
#5927=CARTESIAN_POINT('',(0.0125750674914025,-0.0200144931357712,0.00912216270878054));
#5928=CARTESIAN_POINT('',(0.0131094609209316,-0.0165953213532338,0.0105556798629685));
#5929=CARTESIAN_POINT('',(0.0134133312473217,-0.0146510892797615,0.0106963640942561));
#5930=CARTESIAN_POINT('',(0.0136933820522209,-0.0128592599703485,0.0102212064012469));
#5931=CARTESIAN_POINT('',(0.0149718001494294,-0.0143935045188575,0.00897581598311936));
#5932=CARTESIAN_POINT('',(0.0144812000996196,-0.0143438650844719,0.009464005358207));
#5933=CARTESIAN_POINT('',(0.0139906000498098,-0.0142963534650323,0.00995243351077314));
#5934=CARTESIAN_POINT('',(0.0135,-0.0142509712314317,0.0104410865129776));
#5935=CARTESIAN_POINT('',(0.0135,-0.01525,0.002));
#5936=CARTESIAN_POINT('',(0.0135,-0.01525,0.002));
#5937=CARTESIAN_POINT('',(-0.0126,-0.00284494148497484,0.00565969257229386));
#5938=CARTESIAN_POINT('',(-0.0126,-0.00733988296994966,0.00565969257229386));
#5939=CARTESIAN_POINT('',(-0.0126,-0.00733988296994966,0.00565969257229386));
#5940=CARTESIAN_POINT('',(-0.0126,-0.00284494148497484,0.00565969257229386));
#5941=CARTESIAN_POINT('',(-0.0126,-0.01525,0.002));
#5942=CARTESIAN_POINT('',(-0.0126,-0.01525,0.002));
#5943=CARTESIAN_POINT('',(-0.0126,0.0105260799125784,0.00568929005047927));
#5944=CARTESIAN_POINT('',(0.0126,-0.00296409559959139,0.00565969257229386));
#5945=CARTESIAN_POINT('',(0.0126,-0.00296409559959139,0.00565969257229386));
#5946=CARTESIAN_POINT('',(0.0126,-0.00757819119918277,0.00565969257229386));
#5947=CARTESIAN_POINT('',(0.0126,-0.00757819119918277,0.00565969257229386));
#5948=CARTESIAN_POINT('',(0.0126,-0.01525,0.002));
#5949=CARTESIAN_POINT('',(0.0126,-0.01525,0.002));
#5950=CARTESIAN_POINT('',(0.0126,0.0105321589452089,0.00568929005047927));
#5951=CARTESIAN_POINT('',(-0.0071518391174969,0.0197388558749344,-0.0668464302693337));
#5952=CARTESIAN_POINT('',(0.00715183911749689,0.0197388558749344,-0.0668464302693337));
#5953=CARTESIAN_POINT('',(0.0121,0.0170033594003079,-0.0662402440537084));
#5954=CARTESIAN_POINT('',(-0.0121,0.0324412767975995,0.00342542554965003));
#5955=CARTESIAN_POINT('',(0.015,0.0187957350596783,0.0149829209695256));
#5956=CARTESIAN_POINT('',(-0.0133067079012209,0.0178234809519397,0.0139755868889022));
#5957=CARTESIAN_POINT('',(-0.013443044121229,0.0179911695201272,0.0138137380024433));
#5958=CARTESIAN_POINT('',(-0.0134993557496471,0.0182293320259921,0.0136744732591196));
#5959=CARTESIAN_POINT('',(-0.0134999937842447,0.0184928428351318,0.0136160792448518));
#5960=CARTESIAN_POINT('',(-0.0121,-0.0416976448113031,-0.0368951826629668));
#5961=CARTESIAN_POINT('',(-0.00858162846513869,-0.0455423063804036,-0.0323132934256824));
#5962=CARTESIAN_POINT('',(0.0121,0.00976425431476786,0.0062864779134016));
#5963=CARTESIAN_POINT('',(0.00858162846513869,-0.0455423063804036,-0.0323132934256824));
#5964=CARTESIAN_POINT('',(-0.0144175322974969,-0.00561620745404412,-0.0031021247296461));
#5965=CARTESIAN_POINT('',(-0.0148649174986891,-0.00503358864362223,-0.00251950591922421));
#5966=CARTESIAN_POINT('',(-0.0148649174986891,0.0110115877423315,-0.00251950591922421));
#5967=CARTESIAN_POINT('',(-0.0124837928315393,-0.00624224772012395,-0.00562038636261843));
#5968=CARTESIAN_POINT('',(0.00871388840718391,-0.00799536102683866,0.0165456813088441));
#5969=CARTESIAN_POINT('',(0.00827471488964493,-0.00742343609128988,0.0171176062443929));
#5970=CARTESIAN_POINT('',(0.00972182757695515,-0.0111003913534599,0.0134406509822228));
#5971=CARTESIAN_POINT('',(-0.00972182757695518,-0.0111003913534599,0.0134406509822228));
#5972=CARTESIAN_POINT('',(-0.00871388840718401,-0.00799536102683878,0.0165456813088439));
#5973=CARTESIAN_POINT('',(-0.00827471488964494,-0.00742343609128988,0.0171176062443929));
#5974=CARTESIAN_POINT('',(-0.0100245815427724,0.0167074242536042,-0.0595285863861779));
#5975=CARTESIAN_POINT('',(-0.00907063052816887,0.0106038267712601,-0.0624226350397524));
#5976=CARTESIAN_POINT('',(-0.00679852791497318,0.00972632425752085,-0.062838706868824));
#5977=CARTESIAN_POINT('',(-0.00679852791497318,-0.0242317251416597,0.00551167393260562));
#5978=CARTESIAN_POINT('',(-0.00704331623761598,-0.0241421968983798,0.0053228573556601));
#5979=CARTESIAN_POINT('',(-0.00722806762784157,-0.0239770130233413,0.00511703194965095));
#5980=CARTESIAN_POINT('',(-0.00734876473300856,-0.0238050921267308,0.00487486008223059));
#5981=CARTESIAN_POINT('',(0.00679852791497325,0.00972632425752085,-0.062838706868824));
#5982=CARTESIAN_POINT('',(0.00734876473300863,-0.0238050921267307,0.00487486008223045));
#5983=CARTESIAN_POINT('',(0.00722820504837028,-0.0239768172816085,0.0051167562231867));
#5984=CARTESIAN_POINT('',(0.00704257787629734,-0.0241424669447245,0.00532342688796142));
#5985=CARTESIAN_POINT('',(0.00679852791497325,-0.0242317251416597,0.00551167393260556));
#5986=CARTESIAN_POINT('',(0.0090706305281689,0.0106038267712601,-0.0624226350397524));
#5987=CARTESIAN_POINT('',(0.0100245815427724,0.0167074242536042,-0.0595285863861779));
#5988=CARTESIAN_POINT('',(0.0148649174986891,0.0110115877423315,-0.0025195059192242));
#5989=CARTESIAN_POINT('',(0.0144175322974968,-0.00561620745404427,-0.00310212472964625));
#5990=CARTESIAN_POINT('',(0.0148649174986891,-0.00503358864362222,-0.0025195059192242));
#5991=CARTESIAN_POINT('',(0.0120229285142196,-0.00639145066339574,-0.00622055869645328));
#5992=CARTESIAN_POINT('',(0.0115702316689172,-0.00528386075279873,-0.00681009473114764));
#5993=CARTESIAN_POINT('',(0.0115702316689172,0.0139297808976887,-0.00681009473114764));
#5994=CARTESIAN_POINT('',(0.0117938866989885,0.0143674226722541,-0.00651883425311261));
#5995=CARTESIAN_POINT('',(-0.0124837928315393,0.0136135353787084,-0.00562038636261842));
#5996=CARTESIAN_POINT('',(0.0055,-0.0215172181987396,0.00511531343581474));
#5997=CARTESIAN_POINT('',(-0.0055,-0.0215172181987396,0.00511531343581474));
#5998=MECHANICAL_DESIGN_GEOMETRIC_PRESENTATION_REPRESENTATION('',(#3520),
#5999);
#5999=(
GEOMETRIC_REPRESENTATION_CONTEXT(3)
GLOBAL_UNCERTAINTY_ASSIGNED_CONTEXT((#6000))
GLOBAL_UNIT_ASSIGNED_CONTEXT((#6003,#6002,#6001))
REPRESENTATION_CONTEXT('Body','TOP_LEVEL_ASSEMBLY_PART')
);
#6000=UNCERTAINTY_MEASURE_WITH_UNIT(LENGTH_MEASURE(2.E-5),#6003,
'DISTANCE_ACCURACY_VALUE','Maximum Tolerance applied to model');
#6001=(
NAMED_UNIT(*)
SI_UNIT($,.STERADIAN.)
SOLID_ANGLE_UNIT()
);
#6002=(
NAMED_UNIT(*)
PLANE_ANGLE_UNIT()
SI_UNIT($,.RADIAN.)
);
#6003=(
LENGTH_UNIT()
NAMED_UNIT(*)
SI_UNIT($,.METRE.)
);
#6004=PRODUCT_DEFINITION_SHAPE('','',#6005);
#6005=PRODUCT_DEFINITION('','',#6007,#6006);
#6006=PRODUCT_DEFINITION_CONTEXT('',#6013,'design');
#6007=PRODUCT_DEFINITION_FORMATION_WITH_SPECIFIED_SOURCE('','',#6009,
 .NOT_KNOWN.);
#6008=PRODUCT_RELATED_PRODUCT_CATEGORY('','',(#6009));
#6009=PRODUCT('Body','Body','Body',(#6011));
#6010=PRODUCT_CATEGORY('','');
#6011=PRODUCT_CONTEXT('',#6013,'mechanical');
#6012=APPLICATION_PROTOCOL_DEFINITION('international standard',
'ap242_managed_model_based_3d_engineering',2020,#6013);
#6013=APPLICATION_CONTEXT('managed model based 3d engineering');
ENDSEC;
END-ISO-10303-21;
